pitch_type,game_date,release_speed,release_pos_x,release_pos_z,player_name,batter,pitcher,events,description,spin_dir,spin_rate_deprecated,break_angle_deprecated,break_length_deprecated,zone,des,game_type,stand,p_throws,home_team,away_team,type,hit_location,bb_type,balls,strikes,game_year,pfx_x,pfx_z,plate_x,plate_z,on_3b,on_2b,on_1b,outs_when_up,inning,inning_topbot,hc_x,hc_y,tfs_deprecated,tfs_zulu_deprecated,umpire,sv_id,vx0,vy0,vz0,ax,ay,az,sz_top,sz_bot,hit_distance_sc,launch_speed,launch_angle,effective_speed,release_spin_rate,release_extension,game_pk,fielder_2,fielder_3,fielder_4,fielder_5,fielder_6,fielder_7,fielder_8,fielder_9,release_pos_y,estimated_ba_using_speedangle,estimated_woba_using_speedangle,woba_value,woba_denom,babip_value,iso_value,launch_speed_angle,at_bat_number,pitch_number,pitch_name,home_score,away_score,bat_score,fld_score,post_away_score,post_home_score,post_bat_score,post_fld_score,if_fielding_alignment,of_fielding_alignment,spin_axis,delta_home_win_exp,delta_run_exp,bat_speed,swing_length,miss_distance,estimated_slg_using_speedangle,delta_pitcher_run_exp,hyper_speed,home_score_diff,bat_score_diff,home_win_exp,bat_win_exp,age_pit_legacy,age_bat_legacy,age_pit,age_bat,n_thruorder_pitcher,n_priorpa_thisgame_player_at_bat,pitcher_days_since_prev_game,batter_days_since_prev_game,pitcher_days_until_next_game,batter_days_until_next_game,api_break_z_with_gravity,api_break_x_arm,api_break_x_batter_in,arm_angle,attack_angle,attack_direction,swing_path_tilt,intercept_ball_minus_batter_pos_x_inches,intercept_ball_minus_batter_pos_y_inches,month,day
FF,2026-10-04,101.3,-1.24,6.22,"Miller, Mason",694192,695243,single,hit_into_play,,,,,6,Jackson Chourio singles on a line drive to center fielder Jackson Merrill. Christian Yelich scores. Sal Frelick scores. Joey Ortiz to 2nd.,D,R,R,MIL,SD,X,8,line_drive,2,2,2026,-0.54,1.22,0.3238445645900671,2.65559369659375,592885,686217,687401,2,9,Bot,147.86,78.97,,,,,5.675709151004563,-147.3630255252384,-7.520207108818435,-9.130264775193874,33.030318787256114,-12.747016343232264,3.237557415,1.63390748,152,109.5,8,102.7,2574,6.9,849825,666023,664034,630105,592518,593428,687749,701538,665487,53.59,0.763,0.746,0.9,1,1,0,4,75,6,4-Seam Fastball,2,3,2,3,3,4,4,3,Standard,Standard,198,0.736,0.586,75.5,7.0,,0.969,-0.586,109.5,-1,-1,0.264,0.264,27,22,28,22,1,4,,,,,0.99,0.54,0.54,,8.181151571107119,13.456025331452764,23.577411446142943,42.81670986526051,24.70944796241698,10,4
SL,2026-10-04,88.8,-1.18,6.11,"Miller, Mason",694192,695243,,ball,,,,,13,,D,R,R,MIL,SD,B,,,1,2,2026,1.0,-0.67,-0.0155121537527695,0.8335426542713318,592885,686217,687401,2,9,Bot,,,,,,,0.6978364260817812,-129.36901514073648,-5.227866144754497,11.071531009141278,27.63590707560704,-38.74819049249703,3.237557415,1.63390748,,,,89.9,2547,6.9,849825,666023,664034,630105,592518,593428,687749,701538,665487,53.56,,,,,,,,75,5,Slider,2,3,2,3,3,2,2,3,Standard,Standard,39,0.017,0.029,,,,,-0.029,,-1,-1,0.247,0.247,27,22,28,22,1,4,,,,,3.56,-1.0,-1.0,,,,,,,10,4
FF,2026-10-04,103.5,-0.97,6.27,"Miller, Mason",694192,695243,,foul,,,,,9,,D,R,R,MIL,SD,S,,,1,2,2026,-0.35,1.47,0.695509025472206,1.9655116579421568,592885,686217,687401,2,9,Bot,,,,,,,5.618368469308362,-150.3644353043669,-10.575323003258944,-6.648448329788856,36.24549517942235,-7.529968210829519,3.237557415,1.63390748,153,85.5,11,104.6,2452,6.9,849825,666023,664034,630105,592518,593428,687749,701538,665487,53.57,,,,,,,,75,4,4-Seam Fastball,2,3,2,3,3,2,2,3,Standard,Standard,200,0.0,0.0,78.4,7.6,,,0.0,88.0,-1,-1,0.247,0.247,27,22,28,22,1,4,,,,,0.67,0.35,0.35,,6.39433727030404,4.361936388433429,27.898791024989254,47.002119470840654,27.309408156890104,10,4
FF,2026-10-04,102.2,-1.15,6.23,"Miller, Mason",694192,695243,,swinging_strike,,,,,5,,D,R,R,MIL,SD,S,,,1,1,2026,-0.39,1.2,0.1209526598429016,2.399107013805742,592885,686217,687401,2,9,Bot,,,,,,,4.543461594571824,-148.72275690049275,-8.368935639124958,-6.850651649147546,33.773097641062904,-12.602083131371025,3.237557415,1.63390748,,,,103.6,2414,6.9,849825,666023,664034,630105,592518,593428,687749,701538,665487,53.59,,,,,,,,75,3,4-Seam Fastball,2,3,2,3,3,2,2,3,Standard,Standard,201,-0.029,-0.066,75.3,6.5,0.1,,0.066,,-1,-1,0.276,0.276,27,22,28,22,1,4,,,,,0.97,0.39,0.39,,-3.837938993745024,31.846171270126256,30.556512769821875,41.31732670583117,11.471200137589948,10,4
FF,2026-10-04,102.2,-1.07,6.26,"Miller, Mason",694192,695243,,ball,,,,,12,,D,R,R,MIL,SD,B,,,0,1,2026,-0.42,1.14,1.2517219476664423,2.5555816616464844,592885,686217,687401,2,9,Bot,,,,,,,7.548921752878535,-148.52362730520076,-7.85246404355231,-7.955283638583153,33.352836293676845,-13.57307383634538,3.237557415,1.63390748,,,,103.4,2384,6.9,849825,666023,664034,630105,592518,593428,687749,701538,665487,53.63,,,,,,,,75,2,4-Seam Fastball,2,3,2,3,3,2,2,3,Standard,Standard,202,0.012,0.03,,,,,-0.03,,-1,-1,0.264,0.264,27,22,28,22,1,4,,,,,1.03,0.42,0.42,,,,,,,10,4
FF,2026-10-04,100.8,-1.26,6.36,"Miller, Mason",694192,695243,,swinging_strike,,,,,1,,D,R,R,MIL,SD,S,,,0,0,2026,-0.3,1.39,-0.5020160762817432,2.7745051800037293,592885,686217,687401,2,9,Bot,,,,,,,2.810024544197175,-146.64396436223092,-7.838069372883511,-4.920846764873857,34.46604257157744,-10.407796450738877,3.237557415,1.63390748,,,,101.7,2375,6.8,849825,666023,664034,630105,592518,593428,687749,701538,665487,53.71,,,,,,,,75,1,4-Seam Fastball,2,3,2,3,3,2,2,3,Standard,Standard,199,-0.018,-0.04,76.4,6.6,0.580177392,,0.04,,-1,-1,0.282,0.282,27,22,28,22,1,4,,,,,0.85,0.3,0.3,,4.323528348778328,16.702224664953068,24.30237024771333,34.99946705465902,20.789311689202652,10,4
SL,2026-10-04,89.4,-1.18,6.2,"Miller, Mason",596142,695243,walk,ball,,,,,11,Gary Sánchez walks. Christian Yelich to 3rd. Sal Frelick to 2nd.,D,R,R,MIL,SD,B,,,3,2,2026,0.95,-0.36,-1.1730919536911806,2.7924417332772062,,592885,686217,2,9,Bot,,,,,,,-2.0686900303469766,-130.18993205576172,-1.3997595462226773,11.262314105790631,28.615482163279346,-36.12183145221827,3.311277887,1.671112205,,,,90.3,2521,6.9,849825,666023,664034,630105,592518,593428,687749,701538,665487,53.59,,0.69822,0.7,1,0,0,,74,6,Slider,2,3,2,3,3,2,2,3,Standard,Standard,39,0.09,0.18,,,,,-0.18,,-1,-1,0.192,0.192,27,33,28,34,1,0,,,,,3.21,-0.95,-0.95,,,,,,,10,4
FF,2026-10-04,103.3,-1.14,6.22,"Miller, Mason",596142,695243,,ball,,,,,14,,D,R,R,MIL,SD,B,,,2,2,2026,-0.44,1.28,0.354185291185591,1.1543439947101266,,592885,686217,2,9,Bot,,,,,,,5.337568224094402,-149.90066246518484,-12.18018301108621,-7.899246258880442,36.83197486906274,-10.11030256362928,3.311277887,1.671112205,,,,104.2,2392,6.9,849825,666023,664034,630105,592518,593428,687749,701538,665487,53.56,,,,,,,,74,5,4-Seam Fastball,2,3,2,3,3,2,2,3,Standard,Standard,202,0.018,0.058,,,,,-0.058,,-1,-1,0.174,0.174,27,33,28,34,1,0,,,,,0.87,0.44,0.44,,,,,,,10,4
SL,2026-10-04,89.2,-1.23,6.23,"Miller, Mason",596142,695243,,called_strike,,,,,4,,D,R,R,MIL,SD,S,,,2,1,2026,1.05,-0.42,-0.6674470679184898,2.613860863899826,,592885,686217,2,9,Bot,,,,,,,-0.9154184880486168,-129.82840388322722,-1.6895835362522833,12.054460717813988,29.656752239039047,-36.77726954281747,3.311277887,1.671112205,,,,89.6,2542,6.8,849825,666023,664034,630105,592518,593428,687749,701538,665487,53.75,,,,,,,,74,4,Slider,2,3,2,3,3,2,2,3,Standard,Standard,45,-0.013,-0.073,,,,,0.073,,-1,-1,0.187,0.187,27,33,28,34,1,0,,,,,3.31,-1.05,-1.05,,,,,,,10,4
SL,2026-10-04,88.0,-1.4,6.14,"Miller, Mason",596142,695243,,called_strike,,,,,7,,D,R,R,MIL,SD,S,,,2,0,2026,0.91,-0.33,-0.6565923903702148,1.7415849104467722,,592885,686217,2,9,Bot,,,,,,,-0.1650788225326945,-128.10756239252865,-3.595425356100483,10.059399884243476,28.300240619518924,-35.26610628800508,3.311277887,1.671112205,,,,88.8,2455,6.9,849825,666023,664034,630105,592518,593428,687749,701538,665487,53.6,,,,,,,,74,3,Slider,2,3,2,3,3,2,2,3,Standard,Standard,41,-0.021,-0.041,,,,,0.041,,-1,-1,0.208,0.208,27,33,28,34,1,0,,,,,3.29,-0.91,-0.91,,,,,,,10,4
FF,2026-10-04,102.3,-1.08,6.28,"Miller, Mason",596142,695243,,ball,,,,,12,,D,R,R,MIL,SD,B,,,1,0,2026,-0.44,1.28,0.0837666946509942,3.859501850994097,,592885,686217,2,9,Bot,,,,,,,4.366173397621498,-149.01807662290452,-4.60111224214787,-7.515612767941625,34.67969333574067,-12.192053489504922,3.311277887,1.671112205,,,,103.7,2479,6.9,849825,666023,664034,630105,592518,593428,687749,701538,665487,53.61,,,,,,,,74,2,4-Seam Fastball,2,3,2,3,3,2,2,3,Standard,Standard,196,0.021,0.032,,,,,-0.032,,-1,-1,0.187,0.187,27,33,28,34,1,0,,,,,0.89,0.44,0.44,,,,,,,10,4
FF,2026-10-04,103.0,-1.21,6.31,"Miller, Mason",596142,695243,,blocked_ball,,,,,14,,D,R,R,MIL,SD,B,,,0,0,2026,-0.42,1.42,1.212657403190141,0.5502634317239568,,592885,686217,2,9,Bot,,,,,,,7.897368888418782,-149.244220432384,-14.4566749979846,-8.189400515157558,36.31147583431828,-7.593992764533136,3.311277887,1.671112205,,,,104.0,2427,7.1,849825,666023,664034,630105,592518,593428,687749,701538,665487,53.41,,,,,,,,74,1,4-Seam Fastball,2,3,2,3,3,2,2,3,Standard,Standard,204,0.011,0.029,,,,,-0.029,,-1,-1,0.176,0.176,27,33,28,34,1,0,,,,,0.75,0.42,0.42,,,,,,,10,4
SL,2026-10-04,89.8,-1.14,6.2,"Miller, Mason",683734,695243,field_out,hit_into_play,,,,,5,Andrew Vaughn flies out to center fielder Jackson Merrill.,D,R,R,MIL,SD,X,8,fly_ball,0,2,2026,1.09,-0.33,0.182451318428686,2.1148568391851907,,592885,686217,1,9,Bot,130.65,87.58,,,,,0.8762058528101366,-130.73424442934845,-3.172227485463121,12.290826483286745,29.36636244406606,-35.39876698436427,3.127854331,1.578543307,282,79.9,34,90.5,2337,6.8,849825,666023,664034,630105,592518,593428,687749,701538,665487,53.66,0.04,0.049,0.0,1,0,0,3,73,3,Slider,2,3,2,3,3,2,2,3,Standard,Standard,37,-0.1,-0.138,68.7,6.9,,0.073,0.138,88.0,-1,-1,0.276,0.276,27,28,28,28,1,0,,,,,3.16,-1.09,-1.09,,13.540994666197758,-7.387439624329243,27.954497338767425,37.74945928756357,35.203897683768325,10,4
SL,2026-10-04,89.8,-1.22,6.12,"Miller, Mason",683734,695243,,called_strike,,,,,8,,D,R,R,MIL,SD,S,,,0,1,2026,1.09,-0.36,0.2648904670369441,1.6813435064558022,,592885,686217,1,9,Bot,,,,,,,1.2758934978557837,-130.71966386009726,-3.917828951449324,12.064626325940372,32.13711395844726,-35.54198569573916,3.127854331,1.578543307,,,,90.2,2444,6.9,849825,666023,664034,630105,592518,593428,687749,701538,665487,53.58,,,,,,,,73,2,Slider,2,3,2,3,3,2,2,3,Standard,Standard,38,-0.042,-0.062,,,,,0.062,,-1,-1,0.318,0.318,27,28,28,28,1,0,,,,,3.22,-1.09,-1.09,,,,,,,10,4
SL,2026-10-04,89.3,-1.3,6.2,"Miller, Mason",683734,695243,,called_strike,,,,,7,,D,R,R,MIL,SD,S,,,0,0,2026,0.69,-0.59,-0.7068959225487925,2.021358156295768,,592885,686217,1,9,Bot,,,,,,,-0.0597753271692883,-130.00228558071137,-2.744561824753016,7.843834954391017,29.605251913948717,-38.43585806054759,3.127854331,1.578543307,,,,90.0,2389,6.9,849825,666023,664034,630105,592518,593428,687749,701538,665487,53.58,,,,,,,,73,1,Slider,2,3,2,3,3,2,2,3,Standard,Standard,43,-0.025,-0.041,,,,,0.041,,-1,-1,0.343,0.343,27,28,28,28,1,0,,,,,3.47,-0.69,-0.69,,,,,,,10,4
SL,2026-10-04,89.5,-1.1,6.22,"Miller, Mason",686217,695243,walk,ball,,,,,11,Sal Frelick walks.,D,L,R,MIL,SD,B,,,3,2,2026,1.2,-0.35,-0.9017749002754434,3.287781788811627,,592885,,1,9,Bot,,,,,,,-2.120868836551168,-130.28572046910543,-0.2473430097218153,14.03884469085564,28.396640088694905,-36.34904426973323,3.062910105,1.545767717,,,,90.5,2329,6.9,849825,666023,664034,630105,592518,593428,687749,701538,665487,53.57,,0.69822,0.7,1,0,0,,72,6,Slider,2,3,2,3,3,2,2,3,Strategic,Standard,39,0.045,0.197,,,,,-0.197,,-1,-1,0.298,0.298,27,26,28,26,1,3,,,,,3.2,-1.2,1.2,,,,,,,10,4
SL,2026-10-04,89.3,-1.43,6.14,"Miller, Mason",686217,695243,,ball,,,,,11,,D,L,R,MIL,SD,B,,,2,2,2026,1.27,-0.41,-1.5429859472271108,2.8614982620047025,,592885,,1,9,Bot,,,,,,,-3.040006494643702,-129.9099159521338,-0.8904999051867022,14.982595935827172,30.774795461403112,-36.756632517353154,3.062910105,1.545767717,,,,89.6,2466,6.8,849825,666023,664034,630105,592518,593428,687749,701538,665487,53.72,,,,,,,,72,5,Slider,2,3,2,3,3,2,2,3,Strategic,Standard,43,0.029,0.084,,,,,-0.084,,-1,-1,0.269,0.269,27,26,28,26,1,3,,,,,3.3,-1.27,1.27,,,,,,,10,4
FF,2026-10-04,103.3,-1.17,6.26,"Miller, Mason",686217,695243,,ball,,,,,13,,D,L,R,MIL,SD,B,,,1,2,2026,-0.76,1.38,-0.828869783024515,0.9173432003747092,,592885,,1,9,Bot,,,,,,,2.874506964045051,-149.86627647004894,-13.177213930596904,-12.210266388589906,37.78595862512387,-8.365081635388197,3.062910105,1.545767717,,,,104.0,2490,6.9,849825,666023,664034,630105,592518,593428,687749,701538,665487,53.59,,,,,,,,72,4,4-Seam Fastball,2,3,2,3,3,2,2,3,Strategic,Standard,203,0.022,0.028,,,,,-0.028,,-1,-1,0.247,0.247,27,26,28,26,1,3,,,,,0.78,0.76,-0.76,,,,,,,10,4
SL,2026-10-04,89.1,-1.33,6.06,"Miller, Mason",686217,695243,,called_strike,,,,,7,,D,L,R,MIL,SD,S,,,1,1,2026,1.01,-0.23,-0.4976258488244887,1.4954806933747409,,592885,,1,9,Bot,,,,,,,-0.1607139816814106,-129.6626614279451,-4.424573872035023,11.419568199536313,29.154488903803305,-34.04157362654725,3.062910105,1.545767717,,,,89.8,2198,6.9,849825,666023,664034,630105,592518,593428,687749,701538,665487,53.59,,,,,,,,72,3,Slider,2,3,2,3,3,2,2,3,Standard,Standard,35,-0.036,-0.072,,,,,0.072,,-1,-1,0.283,0.283,27,26,28,26,1,3,,,,,3.12,-1.01,1.01,,,,,,,10,4
FF,2026-10-04,101.5,-1.27,6.25,"Miller, Mason",686217,695243,,called_strike,,,,,11,,D,L,R,MIL,SD,S,,,1,0,2026,-0.43,1.45,-0.0379578545306317,3.1967139945526206,,,592885,1,9,Bot,,,,,,,4.516343500249242,-147.68506567527305,-6.662027594095717,-7.40325126741489,34.95533759316133,-9.511305384294271,3.062910105,1.545767717,,,,102.6,2458,6.9,849825,666023,664034,630105,592518,593428,687749,701538,665487,53.63,,,,,,,,72,2,4-Seam Fastball,2,3,2,3,3,2,2,3,Standard,Standard,200,0.056,-0.044,,,,,0.044,,-1,-1,0.227,0.227,27,26,28,26,1,3,,,,,0.76,0.43,-0.43,,,,,,,10,4
FF,2026-10-04,101.9,-1.35,6.21,"Miller, Mason",686217,695243,,ball,,,,,11,,D,L,R,MIL,SD,B,,,0,0,2026,-0.52,1.34,-0.8542260134717187,3.213712576714944,,,592885,1,9,Bot,,,,,,,2.6937032260951046,-148.28992336415348,-6.29334910364073,-8.356728774184937,34.93567826089208,-11.08312767949519,3.062910105,1.545767717,,,,103.0,2374,6.8,849825,666023,664034,630105,592518,593428,687749,701538,665487,53.67,,,,,,,,72,1,4-Seam Fastball,2,3,2,3,3,2,2,3,Standard,Standard,198,0.013,0.034,,,,,-0.034,,-1,-1,0.214,0.214,27,26,28,26,1,3,,,,,0.85,0.52,-0.52,,,,,,,10,4
SL,2026-10-04,89.0,-1.35,6.12,"Miller, Mason",592885,695243,walk,ball,,,,,11,Christian Yelich walks.,D,L,R,MIL,SD,B,,,3,1,2026,0.96,-0.29,-2.0383871716844557,3.022871500215234,,,,1,9,Bot,,,,,,,-3.754489200283904,-129.62748306501223,-0.7212308746665541,11.561646036327652,28.29492596307336,-35.53435350956943,3.368323491,1.699901575,,,,89.7,2419,6.7,849825,666023,664034,630105,592518,593428,687749,701538,665487,53.76,,0.69822,0.7,1,0,0,,71,5,Slider,2,3,2,3,3,2,2,3,Infield shade,Standard,46,0.059,0.248,,,,,-0.248,,-1,-1,0.155,0.155,27,34,28,35,1,3,,,,,3.18,-0.96,0.96,,,,,,,10,4
FF,2026-10-04,101.8,-1.29,6.26,"Miller, Mason",592885,695243,,ball,,,,,11,,D,L,R,MIL,SD,B,,,2,1,2026,-0.45,1.46,-1.3016270299130897,4.500486236327616,,,,1,9,Bot,,,,,,,1.0745418979953256,-148.22612783254158,-3.085829103446303,-6.848823733650787,36.55236629825068,-10.091330285087992,3.368323491,1.699901575,,,,102.6,2478,6.8,849825,666023,664034,630105,592518,593428,687749,701538,665487,53.72,,,,,,,,71,4,4-Seam Fastball,2,3,2,3,3,2,2,3,Infield shade,Standard,201,0.03,0.127,,,,,-0.127,,-1,-1,0.125,0.125,27,34,28,35,1,3,,,,,0.74,0.45,-0.45,,,,,,,10,4
SL,2026-10-04,89.3,-1.37,6.14,"Miller, Mason",592885,695243,,ball,,,,,11,,D,L,R,MIL,SD,B,,,1,1,2026,1.06,-0.3,-0.9288375586979876,2.6903345333077526,,,,1,9,Bot,,,,,,,-1.2175327692281246,-130.06788719555564,-1.608552956127742,12.273120844963916,28.749674959938467,-35.46442886133503,3.368323491,1.699901575,,,,90.1,2607,6.9,849825,666023,664034,630105,592518,593428,687749,701538,665487,53.62,,,,,,,,71,3,Slider,2,3,2,3,3,2,2,3,Infield shade,Standard,40,0.013,0.056,,,,,-0.056,,-1,-1,0.112,0.112,27,34,28,35,1,3,,,,,3.17,-1.06,1.06,,,,,,,10,4
SL,2026-10-04,89.2,-1.32,6.07,"Miller, Mason",592885,695243,,ball,,,,,11,,D,L,R,MIL,SD,B,,,0,1,2026,1.01,-0.24,-1.066643085081385,2.5995740233657134,,,,1,9,Bot,,,,,,,-1.570305803788986,-129.89836123968442,-1.7606072318655963,11.74420301889044,29.081702114570035,-34.72312510704897,3.368323491,1.699901575,,,,89.8,2493,6.8,849825,666023,664034,630105,592518,593428,687749,701538,665487,53.7,,,,,,,,71,2,Slider,2,3,2,3,3,2,2,3,Infield shade,Standard,43,0.007,0.032,,,,,-0.032,,-1,-1,0.105,0.105,27,34,28,35,1,3,,,,,3.12,-1.01,1.01,,,,,,,10,4
SL,2026-10-04,88.7,-1.54,6.12,"Miller, Mason",592885,695243,,called_strike,,,,,4,,D,L,R,MIL,SD,S,,,0,0,2026,0.98,-0.33,-0.6258884648430796,2.2474058849055623,,,,1,9,Bot,,,,,,,0.1066455437792932,-129.1176208788528,-2.456052101404916,10.90579447298572,28.81733021267701,-35.49634701299593,3.368323491,1.699901575,,,,89.2,2396,6.8,849825,666023,664034,630105,592518,593428,687749,701538,665487,53.75,,,,,,,,71,1,Slider,2,3,2,3,3,2,2,3,Infield shade,Standard,43,-0.01,-0.041,,,,,0.041,,-1,-1,0.115,0.115,27,34,28,35,1,3,,,,,3.24,-0.98,0.98,,,,,,,10,4
SL,2026-10-04,89.3,-1.35,6.09,"Miller, Mason",669003,695243,field_out,hit_into_play,,,,,7,"Garrett Mitchell grounds out, shortstop Xander Bogaerts to first baseman Ty France.",D,L,R,MIL,SD,X,6,ground_ball,0,1,2026,0.84,-0.6,-0.5545116693705653,1.6986598039715513,,,,0,9,Bot,126.09,149.33,,,,,0.1292941108336862,-130.01155154929756,-3.2335119863816795,9.42044011045126,30.339262520349653,-38.38847099242894,3.292847769,1.661811024,4,96.5,-23,90.0,2602,6.9,849825,666023,664034,630105,592518,593428,687749,701538,665487,53.56,0.142,0.132,0.0,1,0,0,2,70,2,Slider,2,3,2,3,3,2,2,3,Infield shade,Standard,39,-0.076,-0.218,72.1,7.3,,0.159,0.218,96.5,-1,-1,0.191,0.191,27,27,28,28,1,3,,,,,3.48,-0.84,0.84,,-1.3333366519964704,13.497265359498977,29.288234277008325,44.558365953889655,25.691380403633133,10,4
SL,2026-10-04,89.3,-1.46,6.14,"Miller, Mason",669003,695243,,called_strike,,,,,7,,D,L,R,MIL,SD,S,,,0,0,2026,0.73,-0.44,-0.2931642377240904,1.9471286273546884,,,,0,9,Bot,,,,,,,1.2643885345223362,-130.05802393437847,-3.100094683202471,7.959533010446462,29.906786896321183,-36.601155423631134,3.292847769,1.661811024,,,,89.8,2517,6.7,849825,666023,664034,630105,592518,593428,687749,701538,665487,53.75,,,,,,,,70,1,Slider,2,3,2,3,3,2,2,3,Infield shade,Standard,44,-0.013,-0.041,,,,,0.041,,-1,-1,0.204,0.204,27,27,28,28,1,3,,,,,3.31,-0.73,0.73,,,,,,,10,4
KC,2026-10-04,86.0,-0.27,6.6,"Megill, Trevor",687957,656730,field_out,hit_into_play,,,,,5,Dustin Harris flies out to center fielder Garrett Mitchell.,D,L,R,MIL,SD,X,8,fly_ball,1,1,2026,0.49,-0.39,0.1011061376290041,2.687844578836375,,,,2,9,Top,145.33,73.91,,,,,-0.1437436293620026,-125.32978864401773,-2.016294781133636,5.232261366492224,24.70599372000388,-36.14866670119814,3.31742126,1.674212598,313,97.3,43,86.7,2675,6.6,849825,661388,641343,668930,666152,806198,694192,669003,686217,53.9,0.029,0.05,0.0,1,0,0,3,69,3,Knuckle Curve,2,3,3,2,3,2,3,2,Standard,Standard,35,0.009,-0.249,67.1,6.2,,0.094,0.249,97.3,-1,1,0.195,0.805,32,26,33,27,1,4,,,,,3.46,-0.49,0.49,,12.600373633197488,-7.795535660341124,32.078575546538914,31.946724168588037,36.3477411585873,10,4
FF,2026-10-04,97.2,-0.15,6.56,"Megill, Trevor",687957,656730,,ball,,,,,14,,D,L,R,MIL,SD,B,,,0,1,2026,-0.34,1.51,0.159900849670957,0.9416954573889316,,,,2,9,Top,,,,,,,1.6065421171291554,-141.00083429614298,-12.69445950283831,-4.890132877826344,35.83168650753434,-9.252201199363704,3.31742126,1.674212598,,,,97.1,2375,6.7,849825,661388,641343,668930,666152,806198,694192,669003,686217,53.81,,,,,,,,69,2,4-Seam Fastball,2,3,3,2,3,2,3,2,Standard,Standard,202,0.0,0.032,,,,,-0.032,,-1,1,0.195,0.805,32,26,33,27,1,4,,,,,0.94,0.34,-0.34,,,,,,,10,4
FF,2026-10-04,97.6,-0.28,6.47,"Megill, Trevor",687957,656730,,called_strike,,,,,7,,D,L,R,MIL,SD,S,,,0,0,2026,-0.37,1.54,-0.444521804676702,1.9071780960583329,,,,2,9,Top,,,,,,,0.4416144699597379,-141.771590607899,-10.100398836889216,-5.092264538289721,36.96409891940162,-9.168280487756004,3.31742126,1.674212598,,,,97.6,2352,6.7,849825,661388,641343,668930,666152,806198,694192,669003,686217,53.78,,,,,,,,69,1,4-Seam Fastball,2,3,3,2,3,2,3,2,Standard,Standard,201,0.001,-0.046,,,,,0.046,,-1,1,0.194,0.806,32,26,33,27,1,4,,,,,0.88,0.37,-0.37,,,,,,,10,4
FF,2026-10-04,99.4,-0.02,6.61,"Megill, Trevor",665487,656730,field_out,hit_into_play,,,,,1,Fernando Tatis Jr. flies out to left fielder Jackson Chourio.,D,R,R,MIL,SD,X,7,fly_ball,1,2,2026,-0.61,1.62,-0.2772326122528912,3.143181617508681,,,,1,9,Top,63.88,62.45,,,,,0.7716325726864934,-144.54233955007095,-7.742251648653202,-8.644115972935124,37.075189828365794,-7.839816554123583,3.346382874,1.68882874,369,98.6,31,99.6,2496,6.6,849825,661388,641343,668930,666152,806198,694192,669003,686217,53.85,0.371,0.717,0.0,1,0,0,6,68,4,4-Seam Fastball,2,3,3,2,3,2,3,2,Strategic,Standard,203,0.009,-0.182,79.4,7.6,,1.364,0.182,98.6,-1,1,0.185,0.815,32,27,33,27,1,4,,,,,0.71,0.61,0.61,,11.932624885364143,-10.560358824454177,23.91769887199054,34.881419846616616,31.502981774472914,10,4
KC,2026-10-04,87.6,-0.1,6.63,"Megill, Trevor",665487,656730,,swinging_strike,,,,,14,,D,R,R,MIL,SD,S,,,1,1,2026,0.16,-0.46,0.2728413852841077,1.497994796032618,,,,1,9,Top,,,,,,,0.5444657167733579,-127.5629039142745,-5.039955578561117,1.6626867824457336,26.724444378285057,-36.35849148332173,3.346382874,1.68882874,,,,88.1,2821,6.6,849825,661388,641343,668930,666152,806198,694192,669003,686217,53.88,,,,,,,,68,3,Knuckle Curve,2,3,3,2,3,2,3,2,Strategic,Standard,46,0.003,-0.07,61.0,7.4,4.074511824,,0.07,,-1,1,0.182,0.818,32,27,33,27,1,4,,,,,3.43,-0.16,-0.16,,11.975911148804116,-1.715937379532704,28.61423798724088,41.546382209923,34.04819439087461,10,4
KC,2026-10-04,86.8,-0.35,6.55,"Megill, Trevor",665487,656730,,called_strike,,,,,2,,D,R,R,MIL,SD,S,,,1,0,2026,0.14,-0.63,-0.0177787769734722,2.947061841629229,,,,1,9,Top,,,,,,,0.478477223491353,-126.49593783311518,-0.8825112025137933,1.4280630287716432,27.01609165292482,-38.94205613787762,3.346382874,1.68882874,,,,87.1,2721,6.5,849825,661388,641343,668930,666152,806198,694192,669003,686217,53.99,,,,,,,,68,2,Knuckle Curve,2,3,3,2,3,2,3,2,Strategic,Standard,45,0.003,-0.049,,,,,0.049,,-1,1,0.179,0.821,32,27,33,27,1,4,,,,,3.66,-0.14,-0.14,,,,,,,10,4
KC,2026-10-04,87.7,-0.25,6.56,"Megill, Trevor",665487,656730,,ball,,,,,13,,D,R,R,MIL,SD,B,,,0,0,2026,-0.01,-0.5,-0.5401167124152219,1.3875138208928472,,,,1,9,Top,,,,,,,-0.6718034591346483,-127.6697086181509,-5.028433989843031,0.0746456279600216,28.607750891881143,-36.69020585171371,3.346382874,1.68882874,,,,87.9,2617,6.6,849825,661388,641343,668930,666152,806198,694192,669003,686217,53.92,,,,,,,,68,1,Knuckle Curve,2,3,3,2,3,2,3,2,Strategic,Standard,32,-0.002,0.041,,,,,-0.041,,-1,1,0.181,0.819,32,27,33,27,1,4,,,,,3.48,0.01,0.01,,,,,,,10,4
FF,2026-10-04,97.3,-0.25,6.61,"Megill, Trevor",630105,656730,field_out,hit_into_play,,,,,2,Jake Cronenworth lines out to center fielder Garrett Mitchell.,D,L,R,MIL,SD,X,8,line_drive,0,1,2026,-0.24,1.62,-0.2471287819755414,2.8817305511921045,,,,0,9,Top,101.9,73.61,,,,,0.5594288234641043,-141.49192483213096,-8.061201824020262,-3.321931403692961,32.13060576860533,-8.84620219039259,3.171735564,1.600688976,317,93.0,23,97.8,2482,6.6,849825,661388,641343,668930,666152,806198,694192,669003,686217,53.92,0.171,0.22,0.0,1,0,0,3,67,2,4-Seam Fastball,2,3,3,2,3,2,3,2,Standard,Standard,200,0.014,-0.218,68.2,6.7,,0.345,0.218,93.0,-1,1,0.167,0.833,32,32,33,32,1,3,,,,,0.79,0.24,-0.24,,3.5247526844235773,8.396854964633732,19.680506420235208,41.264422154508026,25.717843585850375,10,4
FF,2026-10-04,97.7,-0.27,6.6,"Megill, Trevor",630105,656730,,called_strike,,,,,2,,D,L,R,MIL,SD,S,,,0,0,2026,-0.19,1.55,0.0112423323330222,3.173295332483132,,,,0,9,Top,,,,,,,1.196955180190053,-142.16733798571963,-7.196140281555235,-2.865885740017205,32.83714814905856,-9.668113992097544,3.171735564,1.600688976,,,,98.3,2464,6.7,849825,661388,641343,668930,666152,806198,694192,669003,686217,53.85,,,,,,,,67,1,4-Seam Fastball,2,3,3,2,3,2,3,2,Standard,Standard,198,0.002,-0.041,,,,,0.041,,-1,1,0.165,0.835,32,32,33,32,1,3,,,,,0.84,0.19,-0.19,,,,,,,10,4
FF,2026-10-04,101.4,-1.24,6.22,"Miller, Mason",661388,695243,field_out,hit_into_play,,,,,5,William Contreras flies out to right fielder Fernando Tatis Jr.,D,R,R,MIL,SD,X,9,fly_ball,1,0,2026,-0.59,1.33,-0.0934830202445816,2.3083126686705056,,,,2,8,Bot,125.49,188.47,,,,,4.627932107227,-147.40123920564366,-8.719699231153017,-9.66778922487122,35.963262101556055,-10.8347579247256,3.133120079,1.581200787,183,98.2,64,102.4,2440,6.9,849825,666023,664034,630105,592518,593428,687957,701538,665487,53.58,0.014,0.013,0.0,1,0,0,3,66,2,4-Seam Fastball,2,3,2,3,3,2,2,3,Strategic,Standard,201,-0.036,-0.305,79.6,7.8,,0.017,0.305,98.2,-1,-1,0.201,0.201,27,28,28,29,1,3,,,,,0.89,0.59,0.59,,15.38703281663865,-3.6196743388320254,28.29249172797057,37.08305581845279,31.530862375312893,10,4
SL,2026-10-04,89.4,-1.32,6.16,"Miller, Mason",661388,695243,,ball,,,,,14,,D,R,R,MIL,SD,B,,,0,0,2026,1.15,-0.47,0.4359953865124282,0.9254012253734047,,,,2,8,Bot,,,,,,,1.8225653362400516,-130.08474885787075,-5.567109845795658,12.478875631442795,30.81386881345528,-36.41061306349376,3.133120079,1.581200787,,,,90.0,2624,7.0,849825,666023,664034,630105,592518,593428,687957,701538,665487,53.54,,,,,,,,66,1,Slider,2,3,2,3,3,2,2,3,Standard,Standard,36,0.004,0.042,,,,,-0.042,,-1,-1,0.197,0.197,27,28,28,29,1,3,,,,,3.36,-1.15,-1.15,,,,,,,10,4
SL,2026-10-04,89.4,-1.34,6.03,"Miller, Mason",641343,695243,strikeout,swinging_strike,,,,,14,Jake Bauers strikes out swinging.,D,L,R,MIL,SD,S,2,,2,2,2026,1.03,-0.38,1.0208065581704209,1.6668122967549506,,,,1,8,Bot,,,,,,,3.5646226346944223,-130.11007654274417,-3.640062866510849,10.73811799527764,30.379049500248893,-35.829095022288605,3.217372047,1.623720472,,,,90.1,2597,6.9,849825,666023,664034,630105,592518,593428,687957,701538,665487,53.56,,0.0,0.0,1,0,0,,65,5,Slider,2,3,2,3,3,2,2,3,Infield shade,Standard,39,-0.041,-0.233,78.2,8.6,0.760649124,,0.233,,-1,-1,0.238,0.238,27,30,28,31,1,3,,,,,3.26,-1.03,1.03,,19.089782027614444,-22.51661147814141,36.78486627102591,24.79760120015991,35.5996313593473,10,4
SL,2026-10-04,89.0,-1.37,6.1,"Miller, Mason",641343,695243,,called_strike,,,,,6,,D,L,R,MIL,SD,S,,,2,1,2026,0.99,-0.23,0.5419847168132548,2.652757462248108,,,,1,8,Bot,,,,,,,2.548048023058438,-129.63956742459996,-1.6985377257017658,10.540016059123074,28.02680807713713,-34.65576259143531,3.217372047,1.623720472,,,,89.8,2530,6.8,849825,666023,664034,630105,592518,593428,687957,701538,665487,53.69,,,,,,,,65,4,Slider,2,3,2,3,3,2,2,3,Infield shade,Standard,44,-0.014,-0.075,,,,,0.075,,-1,-1,0.252,0.252,27,30,28,31,1,3,,,,,3.11,-0.99,0.99,,,,,,,10,4
SL,2026-10-04,89.2,-1.36,6.09,"Miller, Mason",641343,695243,,ball,,,,,13,,D,L,R,MIL,SD,B,,,1,1,2026,0.78,-0.33,-0.0464435415179411,0.3427165638211344,,,,1,8,Bot,,,,,,,1.5295740247352922,-129.7301653201176,-7.142288051222844,8.493584145905453,28.22142277206097,-34.582841480266204,3.217372047,1.623720472,,,,89.9,2575,6.8,849825,666023,664034,630105,592518,593428,687957,701538,665487,53.67,,,,,,,,65,3,Slider,2,3,2,3,3,2,2,3,Infield shade,Standard,38,0.009,0.056,,,,,-0.056,,-1,-1,0.243,0.243,27,30,28,31,1,3,,,,,3.21,-0.78,0.78,,,,,,,10,4
SL,2026-10-04,88.3,-1.4,6.17,"Miller, Mason",641343,695243,,called_strike,,,,,5,,D,L,R,MIL,SD,S,,,1,0,2026,0.84,-0.2,-0.2638085273753,2.720473183363712,,,,1,8,Bot,,,,,,,0.9486480710106112,-128.7008438058824,-1.7122031667170892,9.172858174810605,26.72687029730908,-34.224981466729645,3.217372047,1.623720472,,,,89.1,2561,6.7,849825,666023,664034,630105,592518,593428,687957,701538,665487,53.8,,,,,,,,65,2,Slider,2,3,2,3,3,2,2,3,Infield shade,Standard,47,-0.009,-0.049,,,,,0.049,,-1,-1,0.252,0.252,27,30,28,31,1,3,,,,,3.11,-0.84,0.84,,,,,,,10,4
SL,2026-10-04,88.4,-1.49,6.06,"Miller, Mason",641343,695243,,ball,,,,,14,,D,L,R,MIL,SD,B,,,0,0,2026,1.03,-0.41,0.2482217300015374,1.421385751859921,,,,1,8,Bot,,,,,,,2.002804975096105,-128.6567630942985,-4.081032521026054,10.936733190552276,28.611473028449137,-36.02711971998683,3.217372047,1.623720472,,,,89.1,2466,6.9,849825,666023,664034,630105,592518,593428,687957,701538,665487,53.62,,,,,,,,65,1,Slider,2,3,2,3,3,2,2,3,Infield shade,Standard,37,0.007,0.041,,,,,-0.041,,-1,-1,0.245,0.245,27,30,28,31,1,3,,,,,3.34,-1.03,1.03,,,,,,,10,4
FF,2026-10-04,101.8,-1.2,6.36,"Miller, Mason",668930,695243,strikeout,foul_tip,,,,,2,Brice Turang strikes out on a foul tip.,D,L,R,MIL,SD,S,2,,2,2,2026,-0.3,1.38,0.1435822985643964,3.015110521527623,,,,0,8,Bot,,,,,,,4.504606655193252,-148.15171997840355,-7.363203162566475,-5.428992052479629,32.552799809263284,-10.293655323913791,3.21035105,1.620177165,,,,103.1,2411,6.8,849825,666023,664034,630105,592518,593428,687957,701538,665487,53.68,,0.0,0.0,1,0,0,,64,5,4-Seam Fastball,2,3,2,3,3,2,2,3,Strategic,Standard,196,-0.054,-0.232,73.8,6.3,,,0.232,,-1,-1,0.299,0.299,27,26,28,27,1,3,,,,,0.81,0.3,-0.3,,3.8765754598048634,12.736359852766617,30.360887773408887,31.687840123248144,26.48380845055852,10,4
FF,2026-10-04,102.3,-1.47,6.17,"Miller, Mason",668930,695243,,called_strike,,,,,5,,D,L,R,MIL,SD,S,,,2,1,2026,-0.53,1.27,-0.160810120932816,2.156158930322705,,,,0,8,Bot,,,,,,,5.004952401298056,-148.83560249083416,-9.093509944267067,-9.02580811222312,32.68906823703286,-11.31123703867749,3.21035105,1.620177165,,,,103.7,2395,6.9,849825,666023,664034,630105,592518,593428,687957,701538,665487,53.62,,,,,,,,64,4,4-Seam Fastball,2,3,2,3,3,2,2,3,Standard,Standard,201,-0.019,-0.077,,,,,0.077,,-1,-1,0.318,0.318,27,26,28,27,1,3,,,,,0.89,0.53,-0.53,,,,,,,10,4
FF,2026-10-04,100.9,-1.49,6.3,"Miller, Mason",668930,695243,,called_strike,,,,,1,,D,L,R,MIL,SD,S,,,2,0,2026,-0.47,1.31,-0.52758903103131,2.883406991972405,,,,0,8,Bot,,,,,,,3.8057690058053457,-146.89547509159124,-7.235747424495456,-7.6642291985683375,32.75660943723128,-11.640868363673883,3.21035105,1.620177165,,,,102.1,2488,6.8,849825,666023,664034,630105,592518,593428,687957,701538,665487,53.72,,,,,,,,64,3,4-Seam Fastball,2,3,2,3,3,2,2,3,Standard,Standard,199,-0.019,-0.073,,,,,0.073,,-1,-1,0.337,0.337,27,26,28,27,1,3,,,,,0.91,0.47,-0.47,,,,,,,10,4
FF,2026-10-04,101.1,-1.53,6.26,"Miller, Mason",668930,695243,,ball,,,,,11,,D,L,R,MIL,SD,B,,,1,0,2026,-0.44,1.47,-0.7967161055980959,3.664830018480396,,,,0,8,Bot,,,,,,,3.112309957540802,-147.11416491836778,-5.357059857659205,-7.170968895553718,34.643901099359496,-9.716408657622194,3.21035105,1.620177165,,,,102.1,2516,6.8,849825,666023,664034,630105,592518,593428,687957,701538,665487,53.71,,,,,,,,64,2,4-Seam Fastball,2,3,2,3,3,2,2,3,Standard,Standard,202,0.019,0.081,,,,,-0.081,,-1,-1,0.318,0.318,27,26,28,27,1,3,,,,,0.76,0.44,-0.44,,,,,,,10,4
FF,2026-10-04,101.8,-1.39,6.2,"Miller, Mason",668930,695243,,ball,,,,,14,,D,L,R,MIL,SD,B,,,0,0,2026,-0.4,1.32,1.0893198164127145,1.3186369840046397,,,,0,8,Bot,,,,,,,7.929788159273396,-147.74130046112225,-11.52211121533568,-7.66282813923429,32.05198664538897,-10.258609479917023,3.21035105,1.620177165,,,,103.3,2353,7.0,849825,666023,664034,630105,592518,593428,687957,701538,665487,53.48,,,,,,,,64,1,4-Seam Fastball,2,3,2,3,3,2,2,3,Standard,Standard,205,0.01,0.042,,,,,-0.042,,-1,-1,0.308,0.308,27,26,28,27,1,3,,,,,0.87,0.4,-0.4,,,,,,,10,4
SI,2026-10-04,97.8,0.35,6.6,"Ashby, Aaron",666023,676879,grounded_into_double_play,hit_into_play,,,,,3,"Freddy Fermin grounds into a double play, second baseman Brice Turang to shortstop Cooper Pratt to first baseman Jake Bauers. Samad Taylor out at 2nd. Freddy Fermin out at 1st.",D,R,L,MIL,SD,X,4,ground_ball,0,2,2026,1.06,0.93,0.7338607506935946,3.0060548888370957,,701538,669392,1,8,Top,129.65,143.25,,,,,-1.4220506162688475,-142.29215955562375,-6.051249153919802,14.635038497050395,34.674220910647605,-18.28348052600144,3.105036089,1.567027559,12,93.9,-14,96.4,2152,5.6,849825,661388,641343,668930,666152,806198,694192,669003,686217,54.89,0.13,0.117,0.0,1,0,0,2,63,3,Sinker,2,3,3,2,3,2,3,2,Standard,Standard,154,0.072,-0.208,63.1,6.7,,0.143,0.208,93.9,-1,1,0.236,0.764,28,31,28,31,1,0,,,,,1.46,1.06,-1.06,,8.20119181000621,19.875089996347924,28.26533869167546,44.94805822362185,16.89773144089594,10,4
CH,2026-10-04,93.5,0.44,6.49,"Ashby, Aaron",666023,676879,,foul_tip,,,,,9,,D,R,L,MIL,SD,S,,,0,1,2026,1.26,0.65,0.4546569580520475,1.96545802545333,,701538,669392,1,8,Top,,,,,,,-2.741643843985801,-136.00901637898966,-7.021099619507265,16.191302678196838,30.99866480517122,-22.699944203862465,3.105036089,1.567027559,,,,92.3,1968,5.7,849825,661388,641343,668930,666152,806198,694192,669003,686217,54.82,,,,,,,,63,2,Changeup,2,3,3,2,3,2,3,2,Standard,Standard,139,0.011,-0.062,71.0,8.0,,,0.062,,-1,1,0.225,0.775,28,31,28,31,1,0,,,,,1.96,1.26,-1.26,,17.92107773907564,-7.542889428350319,36.73205561470335,40.3629806549909,32.645253919775215,10,4
CH,2026-10-04,94.2,0.3,6.46,"Ashby, Aaron",666023,676879,,swinging_strike_blocked,,,,,14,,D,R,L,MIL,SD,S,,,0,0,2026,1.4,0.66,0.840100047898674,0.6196388080803761,,701538,669392,1,8,Top,,,,,,,-1.7542867976877794,-136.93947700171898,-10.5142468844569,18.022887215037077,29.96435442560319,-21.81532407416935,3.105036089,1.567027559,,,,93.1,1643,5.7,849825,661388,641343,668930,666152,806198,694192,669003,686217,54.8,,,,,,,,63,1,Changeup,2,3,3,2,3,2,3,2,Standard,Standard,139,0.006,-0.041,70.5,8.4,8.479209804,,0.041,,-1,1,0.219,0.781,28,31,28,31,1,0,,,,,1.92,1.4,-1.4,,19.39738406698577,-19.138150617878072,39.93455964529177,45.62491280669893,42.807898106971095,10,4
SI,2026-10-04,100.0,0.16,6.59,"Ashby, Aaron",593428,676879,strikeout,called_strike,,,,,7,Xander Bogaerts called out on strikes.,D,R,L,MIL,SD,S,2,,3,2,2026,1.39,0.91,-0.5289461279030503,2.0407917013387227,,701538,669392,0,8,Top,,,,,,,-5.135587198808989,-145.37002906879553,-8.995317977548424,20.921236699219182,34.40359274333704,-17.28025405577698,3.284949147,1.657824803,,,,98.8,2223,5.7,849825,661388,641343,668930,666152,806198,694192,669003,686217,54.81,,0.0,0.0,1,0,0,,62,7,Sinker,2,3,3,2,3,2,3,2,Standard,Standard,151,0.055,-0.348,,,,,0.348,,-1,1,0.164,0.836,28,33,28,34,1,3,,,,,1.37,1.39,-1.39,,,,,,,10,4
CU,2026-10-04,85.4,0.32,6.49,"Ashby, Aaron",593428,676879,,ball,,,,,14,,D,R,L,MIL,SD,B,,,2,2,2026,-0.49,-1.41,0.184439089820028,1.1350300850842072,,701538,669392,0,8,Top,,,,,,,0.6833279109189909,-124.40375715547434,-3.1038116690635364,-5.166542954051326,27.12060652715275,-46.28419760073066,3.284949147,1.657824803,,,,84.3,2908,5.7,849825,661388,641343,668930,666152,806198,694192,669003,686217,54.82,,,,,,,,62,6,Curveball,2,3,3,2,3,2,3,2,Standard,Standard,343,-0.016,0.089,,,,,-0.089,,-1,1,0.18,0.82,28,33,28,34,1,3,,,,,4.55,-0.49,0.49,,,,,,,10,4
SI,2026-10-04,99.0,0.23,6.66,"Ashby, Aaron",593428,676879,,foul,,,,,5,,D,R,L,MIL,SD,S,,,2,2,2026,1.13,1.06,-0.1323988348781137,2.7382477029945163,,701538,669392,0,8,Top,,,,,,,-3.613958587535972,-144.10475356107386,-7.495860166565974,16.648619106632395,32.45336000851095,-15.870963250100496,3.284949147,1.657824803,185,77.3,61,98.0,2107,5.6,849825,661388,641343,668930,666152,806198,694192,669003,686217,54.86,,,,,,,,62,5,Sinker,2,3,3,2,3,2,3,2,Standard,Standard,153,0.0,0.0,67.0,6.6,,,0.0,88.0,-1,1,0.18,0.82,28,33,28,34,1,3,,,,,1.26,1.13,-1.13,,7.952535120478834,-1.212676166624114,34.01628981227273,33.06485247581982,26.524749366550346,10,4
CH,2026-10-04,92.5,0.64,6.45,"Ashby, Aaron",593428,676879,,blocked_ball,,,,,14,,D,R,L,MIL,SD,B,,,1,2,2026,1.27,0.24,0.3409464280341465,0.52955740670413,,701538,669392,0,8,Top,,,,,,,-3.5280464799472084,-134.46270742075873,-9.447377593791431,16.177153837476645,27.255771590653264,-27.548538211658503,3.284949147,1.657824803,,,,91.7,2001,5.7,849825,661388,641343,668930,666152,806198,694192,669003,686217,54.78,,,,,,,,62,4,Changeup,2,3,3,2,3,2,3,2,Standard,Standard,138,-0.007,0.045,,,,,-0.045,,-1,1,0.187,0.813,28,33,28,34,1,3,,,,,2.42,1.27,-1.27,,,,,,,10,4
SI,2026-10-04,98.5,0.24,6.6,"Ashby, Aaron",593428,676879,,foul,,,,,5,,D,R,L,MIL,SD,S,,,1,1,2026,1.15,0.85,0.2118562802843454,2.270367194134586,,701538,669392,0,8,Top,,,,,,,-2.7506236713898,-143.29815917924353,-7.967319236512044,16.494726490635855,33.28928933496862,-18.847962540186327,3.284949147,1.657824803,169,79.1,15,97.2,2185,5.6,849825,661388,641343,668930,666152,806198,694192,669003,686217,54.9,,,,,,,,62,3,Sinker,2,3,3,2,3,2,3,2,Standard,Standard,156,0.012,-0.07,73.8,7.1,,,0.07,88.0,-1,1,0.175,0.825,28,33,28,34,1,3,,,,,1.5,1.15,-1.15,,4.387163713012184,-0.2905896081850017,35.01540220473257,37.1616469890118,27.434705348129683,10,4
SI,2026-10-04,98.1,0.27,6.67,"Ashby, Aaron",593428,676879,,called_strike,,,,,2,,D,R,L,MIL,SD,S,,,1,0,2026,1.38,0.77,-0.0941263555407598,3.0132646956833966,,701538,669392,0,8,Top,,,,,,,-4.157578070498323,-142.84499859962668,-5.949220982504697,19.87138471685037,32.241452493843866,-20.43637067199408,3.284949147,1.657824803,,,,97.1,2165,5.6,849825,661388,641343,668930,666152,806198,694192,669003,686217,54.87,,,,,,,,62,2,Sinker,2,3,3,2,3,2,3,2,Standard,Standard,151,0.008,-0.06,,,,,0.06,,-1,1,0.167,0.833,28,33,28,34,1,3,,,,,1.59,1.38,-1.38,,,,,,,10,4
SI,2026-10-04,98.1,0.26,6.63,"Ashby, Aaron",593428,676879,,ball,,,,,13,,D,R,L,MIL,SD,B,,,0,0,2026,1.16,0.85,-0.0589966052908477,1.490410304570268,,701538,669392,0,8,Top,,,,,,,-3.5151525697114976,-142.6515513934904,-10.041002510435266,16.61864774440095,29.91125345240774,-18.624517186965956,3.284949147,1.657824803,,,,97.2,2063,5.6,849825,661388,641343,668930,666152,806198,694192,669003,686217,54.9,,,,,,,,62,1,Sinker,2,3,3,2,3,2,3,2,Standard,Standard,150,-0.006,0.05,,,,,-0.05,,-1,1,0.173,0.827,28,33,28,34,1,3,,,,,1.51,1.16,-1.16,,,,,,,10,4
SI,2026-10-04,98.7,0.25,6.67,"Ashby, Aaron",669392,676879,single,hit_into_play,,,,,6,Samad Taylor singles on a bunt ground ball to pitcher Aaron Ashby. Jackson Merrill to 2nd.,D,R,L,MIL,SD,X,1,ground_ball,0,0,2026,1.2,1.08,0.3764733742564058,2.3034337625806582,,,701538,0,8,Top,126.81,195.94,,,,,-2.4431391193579435,-143.61565459165695,-8.67898125098944,17.14933896980337,32.358998995242565,-15.37205860772695,3.038336614,1.533366142,1,40.0,-76,97.7,2169,5.7,849825,661388,641343,668930,666152,806198,694192,669003,686217,54.84,0.203,0.183,0.9,1,1,0,1,61,1,Sinker,2,3,3,2,3,2,3,2,Standard,Standard,150,-0.048,-0.024,11.5,1.6,,0.209,0.024,88.0,-1,1,0.221,0.779,28,27,28,28,1,0,,,,,1.25,1.2,-1.2,,11.908988339481144,-172.14611026337812,24.533699373291547,33.99987656186998,25.58983915006604,10,4
SI,2026-10-04,98.3,0.27,6.61,"Ashby, Aaron",701538,676879,single,hit_into_play,,,,,8,Jackson Merrill singles on a ground ball to right fielder Sal Frelick.,D,L,L,MIL,SD,X,9,ground_ball,0,0,2026,1.21,1.07,0.2136728391731673,1.9561664884620056,,,,0,8,Top,141.18,175.34,,,,,-2.963697387825666,-142.85833095625196,-9.283052844086972,17.28824153095242,32.68613518998234,-15.553831214690875,3.320054134,1.675541339,17,91.2,-6,97.0,2172,5.6,849825,661388,641343,668930,666152,806198,694192,669003,686217,54.92,0.222,0.2,0.9,1,1,0,2,60,1,Sinker,2,3,3,2,3,2,3,2,Standard,Standard,152,-0.034,0.443,75.6,7.6,,0.256,-0.443,91.2,-1,1,0.255,0.745,28,23,28,23,1,3,,,,,1.29,1.21,1.21,,10.23340305042198,7.065193246117644,40.18852953872652,32.962951692149645,30.855665043401896,10,4
CH,2026-10-04,92.7,-0.36,5.83,"Rodriguez, Bradgley",694192,699134,field_out,hit_into_play,,,,,9,"Jackson Chourio grounds out, shortstop Xander Bogaerts to first baseman Ty France.",D,R,R,MIL,SD,X,6,ground_ball,2,2,2026,-1.5,0.52,0.43215245782358,1.7278830470788509,806198,666152,,2,7,Bot,113.94,158.95,,,,,5.332182402177764,-134.77409498805827,-5.560993720334498,-19.4600658328304,30.8092191521266,-24.8133530429736,3.237557415,1.63390748,10,99.2,-11,92.6,2101,6.4,849825,666023,664034,630105,592518,593428,687957,701538,665487,54.12,0.322,0.305,0.0,1,0,0,2,59,5,Changeup,2,3,2,3,3,2,2,3,Standard,Standard,230,-0.11,-0.198,75.7,7.8,,0.359,0.198,99.2,-1,-1,0.365,0.365,22,22,23,22,1,3,,,,,2.15,1.5,1.5,,11.667929220845618,1.524942316407068,28.75825148244213,42.98590415424388,33.79740285340441,10,4
SI,2026-10-04,99.5,-0.22,5.96,"Rodriguez, Bradgley",694192,699134,,ball,,,,,14,,D,R,R,MIL,SD,B,,,1,2,2026,-1.12,1.3,2.1843950616174057,2.1266328524197102,806198,666152,,2,7,Bot,,,,,,,9.159136971397183,-144.34880558109597,-7.900679885315796,-17.89792881298204,34.94023629258375,-12.331407529422512,3.237557415,1.63390748,,,,99.0,2354,6.3,849825,666023,664034,630105,592518,593428,687957,701538,665487,54.21,,,,,,,,59,4,Sinker,2,3,2,3,3,2,2,3,Standard,Standard,211,0.019,0.013,,,,,-0.013,,-1,-1,0.346,0.346,22,22,23,22,1,3,,,,,1.03,1.12,1.12,,,,,,,10,4
FF,2026-10-04,99.8,-0.44,5.9,"Rodriguez, Bradgley",694192,699134,,foul,,,,,8,,D,R,R,MIL,SD,S,,,1,1,2026,-0.91,1.33,0.1610183861347889,1.9784704337845456,806198,666152,,2,7,Bot,,,,,,,3.817185971454554,-145.11976491712863,-8.332325303468725,-13.789457465611276,34.37251391546315,-11.584805580625703,3.237557415,1.63390748,276,86.8,43,99.6,2502,6.2,849825,666023,664034,630105,592518,593428,687957,701538,665487,54.26,,,,,,,,59,3,4-Seam Fastball,2,3,2,3,3,2,2,3,Standard,Standard,218,-0.032,-0.067,76.9,7.1,,,0.067,88.0,-1,-1,0.378,0.378,22,22,23,22,1,3,,,,,0.96,0.91,0.91,,5.191065406644674,19.858825101940425,28.832263134161995,42.15312781219606,19.77248429740218,10,4
FF,2026-10-04,99.0,-0.27,5.92,"Rodriguez, Bradgley",694192,699134,,ball,,,,,14,,D,R,R,MIL,SD,B,,,0,1,2026,-0.87,1.34,1.4499256354608838,2.1540538549498454,806198,666152,,2,7,Bot,,,,,,,6.67104510996326,-143.9344864571257,-7.790627472670799,-13.62221616969078,33.87495760296712,-11.929165409713018,3.237557415,1.63390748,,,,98.8,2530,6.3,849825,666023,664034,630105,592518,593428,687957,701538,665487,54.23,,,,,,,,59,2,4-Seam Fastball,2,3,2,3,3,2,2,3,Standard,Standard,214,0.013,0.023,,,,,-0.023,,-1,-1,0.365,0.365,22,22,23,22,1,3,,,,,0.99,0.87,0.87,,,,,,,10,4
FF,2026-10-04,99.5,-0.33,6.02,"Rodriguez, Bradgley",694192,699134,,called_strike,,,,,9,,D,R,R,MIL,SD,S,,,0,0,2026,-0.79,1.36,0.4048125710386486,1.9792986083209017,806198,666152,,2,7,Bot,,,,,,,3.869463530979672,-144.5877499782046,-8.661703468636599,-12.039658302593873,34.547136129729346,-11.19669184828346,3.237557415,1.63390748,,,,99.2,2445,6.3,849825,666023,664034,630105,592518,593428,687957,701538,665487,54.22,,,,,,,,59,1,4-Seam Fastball,2,3,2,3,3,2,2,3,Standard,Standard,214,-0.02,-0.031,,,,,0.031,,-1,-1,0.385,0.385,22,22,23,22,1,3,,,,,0.95,0.79,0.79,,,,,,,10,4
CH,2026-10-04,90.4,-0.49,5.89,"Rodriguez, Bradgley",666152,699134,field_error,hit_into_play,,,,,11,"David Hamilton reaches on a fielding error by second baseman Jake Cronenworth. Garrett Mitchell scores. Cooper Pratt to 3rd. David Hamilton to 2nd. David Hamilton advances to 2nd, on a throwing error by second baseman Jake Cronenworth.",D,L,R,MIL,SD,X,4,ground_ball,0,1,2026,-1.23,0.49,-0.9380646197842026,2.5519795453430736,669003,,806198,2,7,Bot,151.4,159.46,,,,,1.5771351214960887,-131.6809326442121,-3.2516502889146364,-14.675826281039075,27.402289951803358,-26.01363977379024,3.134875328,1.582086614,4,68.7,-36,90.8,1862,6.4,849825,666023,664034,630105,592518,593428,687957,701538,665487,54.1,0.104,0.096,0.9,1,0,0,2,58,2,Changeup,1,3,1,3,3,2,2,3,Standard,Standard,234,0.176,0.652,61.9,7.3,,0.11,-0.652,88.0,-2,-2,0.209,0.209,22,28,23,29,1,2,,,,,2.29,1.23,-1.23,,6.746512530239047,-1.032973963156704,19.916442587028307,48.91323149422867,25.249098616749528,10,4
CH,2026-10-04,90.6,-0.33,6.0,"Rodriguez, Bradgley",666152,699134,,swinging_strike,,,,,5,,D,L,R,MIL,SD,S,,,0,0,2026,-1.24,0.76,-0.123614483107789,2.331705512030247,669003,,806198,2,7,Bot,,,,,,,3.2023476569487017,-131.90059165397892,-4.720881851110985,-15.173604436537142,26.778186931773604,-22.46197612330976,3.134875328,1.582086614,,,,91.0,1865,6.4,849825,666023,664034,630105,592518,593428,687957,701538,665487,54.08,,,,,,,,58,1,Changeup,1,3,1,3,3,1,1,3,Strategic,Standard,230,-0.013,-0.029,70.2,8.0,5.79830238,,0.029,,-2,-2,0.222,0.222,22,28,23,29,1,2,,,,,2.0,1.24,-1.24,,23.13443844741534,-40.711734835169125,23.870479917621605,39.4689826996586,51.34862428876728,10,4
SI,2026-10-04,98.3,-0.27,6.02,"Rodriguez, Bradgley",806198,699134,force_out,hit_into_play,,,,,6,"Cooper Pratt grounds into a force out, shortstop Xander Bogaerts to second baseman Jake Cronenworth. Garrett Mitchell to 3rd. Sal Frelick out at 2nd. Cooper Pratt to 1st.",D,R,R,MIL,SD,X,6,ground_ball,3,2,2026,-1.22,0.91,0.5598298261154406,2.6934942277300555,,669003,686217,1,7,Bot,102.52,146.79,,,,,5.0869672315624666,-143.0151915081224,-5.49165431402567,-17.873835952077144,32.84590148353678,-18.572674958387356,3.373589239,1.702559055,3,80.2,-42,98.4,2405,6.4,849825,666023,664034,630105,592518,593428,687957,701538,665487,54.13,0.122,0.114,0.0,1,0,0,2,57,6,Sinker,1,3,1,3,3,1,1,3,Standard,Standard,204,-0.095,-0.385,72.4,6.6,,0.125,0.385,88.0,-2,-2,0.317,0.317,22,21,23,22,1,2,,,,,1.45,1.22,1.22,,6.455876012195326,9.290940457848889,28.62466713827673,36.744187707942416,26.830343267578485,10,4
SI,2026-10-04,98.3,-0.54,5.89,"Rodriguez, Bradgley",806198,699134,,called_strike,,,,,5,,D,R,R,MIL,SD,S,,,3,1,2026,-1.22,0.71,0.1406408273892667,2.535965426028545,,669003,686217,1,7,Bot,,,,,,,4.677431945522216,-143.10537918302634,-5.0748687764957605,-17.819932238273246,33.15964663401857,-21.45720388572637,3.373589239,1.702559055,,,,98.3,2403,6.3,849825,666023,664034,630105,592518,593428,687957,701538,665487,54.24,,,,,,,,57,5,Sinker,1,3,1,3,3,1,1,3,Standard,Standard,208,-0.027,-0.077,,,,,0.077,,-2,-2,0.344,0.344,22,21,23,22,1,2,,,,,1.65,1.22,1.22,,,,,,,10,4
SI,2026-10-04,99.0,-0.3,5.92,"Rodriguez, Bradgley",806198,699134,,ball,,,,,14,,D,R,R,MIL,SD,B,,,2,1,2026,-0.97,0.8,1.4821055450656684,2.310021926396818,,669003,686217,1,7,Bot,,,,,,,7.092369258336331,-143.99575147316511,-6.126197606621974,-15.16169851131472,31.945856035328543,-19.74833087861435,3.373589239,1.702559055,,,,99.0,2512,6.2,849825,666023,664034,630105,592518,593428,687957,701538,665487,54.29,,,,,,,,57,4,Sinker,1,3,1,3,3,1,1,3,Standard,Standard,203,0.032,0.103,,,,,-0.103,,-2,-2,0.312,0.312,22,21,23,22,1,2,,,,,1.51,0.97,0.97,,,,,,,10,4
CH,2026-10-04,90.5,-0.63,5.81,"Rodriguez, Bradgley",806198,699134,,ball,,,,,14,,D,R,R,MIL,SD,B,,,1,1,2026,-1.19,0.76,1.0356068919726162,1.4558662184165885,,669003,686217,1,7,Bot,,,,,,,6.69665470494556,-131.55446282015944,-6.391555645520027,-15.21068557652807,25.616446552739312,-22.2508769629472,3.373589239,1.702559055,,,,91.1,1942,6.5,849825,666023,664034,630105,592518,593428,687957,701538,665487,53.96,,,,,,,,57,3,Changeup,1,3,1,3,3,1,1,3,Standard,Standard,231,0.015,0.06,,,,,-0.06,,-2,-2,0.297,0.297,22,21,23,22,1,2,,,,,2.01,1.19,1.19,,,,,,,10,4
SI,2026-10-04,98.9,-0.36,5.95,"Rodriguez, Bradgley",806198,699134,,foul,,,,,13,,D,R,R,MIL,SD,S,,,1,0,2026,-1.06,1.12,-0.2267891973869696,1.4356033273525024,,669003,686217,1,7,Bot,,,,,,,2.8516608251884943,-143.88976135359934,-9.293040384954766,-15.382246640373577,31.54979106770948,-14.734673375389956,3.373589239,1.702559055,4,88.6,-23,99.0,2217,6.2,849825,666023,664034,630105,592518,593428,687957,701538,665487,54.29,,,,,,,,57,2,Sinker,1,3,1,3,3,1,1,3,Standard,Standard,208,-0.015,-0.054,71.2,7.4,,,0.054,88.6,-2,-2,0.312,0.312,22,21,23,22,1,2,,,,,1.2,1.06,1.06,,9.865502001041945,0.8526645051005141,40.14049745146783,28.68192016079477,26.89423571256656,10,4
FF,2026-10-04,98.9,-0.33,6.1,"Rodriguez, Bradgley",806198,699134,,ball,,,,,14,,D,R,R,MIL,SD,B,,,0,0,2026,-0.44,1.51,2.004386645617733,1.8525795898621769,,669003,686217,1,7,Bot,,,,,,,7.293522274748016,-143.50743128744148,-9.403967461965438,-7.812079615394944,34.56560796447168,-9.25423778063796,3.373589239,1.702559055,,,,98.3,2371,6.2,849825,666023,664034,630105,592518,593428,687957,701538,665487,54.29,,,,,,,,57,1,4-Seam Fastball,1,3,1,3,3,1,1,3,Standard,Standard,213,0.011,0.042,,,,,-0.042,,-2,-2,0.301,0.301,22,21,23,22,1,2,,,,,0.84,0.44,0.44,,,,,,,10,4
SL,2026-10-04,84.3,1.83,6.07,"Matsui, Yuki",686217,673513,walk,ball,,,,,12,Sal Frelick walks. Garrett Mitchell to 2nd.,D,L,L,MIL,SD,B,,,3,2,2026,-0.29,0.1,0.2641466632021442,3.849557977543923,,,669003,1,7,Bot,,,,,,,-2.9905317382509327,-122.85617871528352,1.10087412768772,-2.381970227527493,22.93009716430036,-31.572017231106813,3.062910105,1.545767717,,,,83.7,2740,5.7,849825,666023,664034,630105,592518,593428,687957,701538,665487,54.79,,0.69822,0.7,1,0,0,,56,7,Slider,1,3,1,3,3,1,1,3,Infield shade,Standard,269,0.062,0.267,,,,,-0.267,,-2,-2,0.239,0.239,30,26,31,26,1,2,,,,,3.08,-0.29,-0.29,,,,,,,10,4
FF,2026-10-04,92.6,1.81,6.0,"Matsui, Yuki",686217,673513,,foul,,,,,2,,D,L,L,MIL,SD,S,,,3,2,2026,0.31,1.72,-0.0205167330813776,2.756068007119909,,,669003,1,7,Bot,,,,,,,-5.270567651681552,-134.7491339215181,-6.041705688023245,4.979791168281981,29.570455855319132,-10.094513201308493,3.062910105,1.545767717,173,74.8,67,91.9,2426,5.9,849825,666023,664034,630105,592518,593428,687957,701538,665487,54.6,,,,,,,,56,6,4-Seam Fastball,1,3,1,3,3,1,1,3,Infield shade,Standard,156,0.0,0.0,68.1,6.8,,,0.0,88.0,-2,-2,0.239,0.239,30,26,31,26,1,2,,,,,0.94,0.31,0.31,,0.1410774320231194,0.5862038450886189,26.00492296589066,36.096709693161344,23.03020356309057,10,4
SL,2026-10-04,86.5,1.9,6.05,"Matsui, Yuki",686217,673513,,blocked_ball,,,,,13,,D,L,L,MIL,SD,B,,,2,2,2026,0.01,0.61,-1.6519075158669057,0.0234993322274008,,,669003,1,7,Bot,,,,,,,-8.306701203791695,-125.56667475955092,-9.083555532062338,1.5907382622604898,23.15299212201195,-24.11151371210857,3.062910105,1.545767717,,,,86.1,2678,6.0,849825,666023,664034,630105,592518,593428,687957,701538,665487,54.53,,,,,,,,56,5,Slider,1,3,1,3,3,1,1,3,Infield shade,Standard,163,0.019,0.073,,,,,-0.073,,-2,-2,0.22,0.22,30,26,31,26,1,2,,,,,2.43,0.01,0.01,,,,,,,10,4
FS,2026-10-04,82.4,2.02,5.95,"Matsui, Yuki",686217,673513,,blocked_ball,,,,,14,,D,L,L,MIL,SD,B,,,1,2,2026,0.87,0.33,0.8961779737699395,-0.3817957934550824,,,669003,1,7,Bot,,,,,,,-4.212559459970149,-119.7477690135218,-8.183712224143637,9.178567666340614,22.52063691285328,-27.681208187778875,3.062910105,1.545767717,,,,82.2,1141,6.2,849825,666023,664034,630105,592518,593428,687957,701538,665487,54.34,,,,,,,,56,4,Split-Finger,1,3,1,3,3,1,1,3,Infield shade,Standard,134,0.008,0.051,,,,,-0.051,,-2,-2,0.212,0.212,30,26,31,26,1,2,,,,,3.03,0.87,0.87,,,,,,,10,4
FF,2026-10-04,92.9,1.81,6.15,"Matsui, Yuki",686217,673513,,ball,,,,,11,,D,L,L,MIL,SD,B,,,0,2,2026,0.31,1.51,-0.5025335343150141,4.2442406619901085,,,669003,1,7,Bot,,,,,,,-6.49584753626534,-135.13501848618475,-2.2618212002702505,5.27404027036533,30.436860656283795,-13.381299280502152,3.062910105,1.545767717,,,,92.1,2508,5.9,849825,666023,664034,630105,592518,593428,687957,701538,665487,54.58,,,,,,,,56,3,4-Seam Fastball,1,3,1,3,3,1,1,3,Infield shade,Standard,163,0.005,0.019,,,,,-0.019,,-2,-2,0.207,0.207,30,26,31,26,1,2,,,,,1.14,0.31,0.31,,,,,,,10,4
SL,2026-10-04,84.2,1.86,6.14,"Matsui, Yuki",686217,673513,,foul,,,,,12,,D,L,L,MIL,SD,S,,,0,1,2026,-0.32,0.04,0.661256263908677,3.316560646717209,,,669003,1,7,Bot,,,,,,,-2.067132102012338,-122.77494607315104,-0.1553579701437626,-2.911253808623841,22.300036247531917,-31.89290131564721,3.062910105,1.545767717,180,64.7,49,83.7,2766,5.7,849825,666023,664034,630105,592518,593428,687957,701538,665487,54.82,,,,,,,,56,2,Slider,1,3,1,3,3,1,1,3,Infield shade,Standard,272,-0.013,-0.059,54.5,5.4,,,0.059,88.0,-2,-2,0.22,0.22,30,26,31,26,1,2,,,,,3.14,-0.32,-0.32,,-3.4024979987371085,23.62542752485616,22.737464328093477,28.27696426131476,14.294569328016056,10,4
FF,2026-10-04,91.9,1.86,6.15,"Matsui, Yuki",686217,673513,,swinging_strike,,,,,11,,D,L,L,MIL,SD,S,,,0,0,2026,0.55,1.39,-0.0758444220191374,3.484261100825815,,,669003,1,7,Bot,,,,,,,-5.987910473191006,-133.7327935929575,-3.757275559622969,7.904071702133092,29.653991847590767,-14.84078542470063,3.062910105,1.545767717,,,,91.1,2384,5.8,849825,666023,664034,630105,592518,593428,687957,701538,665487,54.66,,,,,,,,56,1,4-Seam Fastball,1,3,1,3,3,1,1,3,Standard,Standard,165,-0.008,-0.037,67.5,6.5,0.585219684,,0.037,,-2,-2,0.228,0.228,30,26,31,26,1,2,,,,,1.31,0.55,0.55,,3.6434688305728544,7.539943304671894,21.47649095277372,37.58202782080729,17.035342217903953,10,4
FF,2026-10-04,91.8,1.78,6.14,"Matsui, Yuki",592885,673513,field_out,hit_into_play,,,,,2,Christian Yelich flies out sharply to center fielder Jackson Merrill.,D,L,L,MIL,SD,X,8,fly_ball,2,2,2026,0.57,1.45,-0.0410978976819325,2.9004170947427728,,,669003,0,7,Bot,90.81,49.14,,,,,-5.744543724634546,-133.4915331015523,-5.281766274768567,8.0125879269318,29.08759341223057,-13.883944335294418,3.368323491,1.699901575,380,105.6,23,91.1,2290,5.9,849825,666023,664034,630105,592518,593428,687957,701538,665487,54.56,0.869,1.588,0.0,1,0,0,6,55,6,4-Seam Fastball,1,3,1,3,3,1,1,3,Infield shade,Standard,163,-0.053,-0.219,71.7,7.1,,3.018,0.219,105.6,-2,-2,0.281,0.281,30,34,31,35,1,2,,,,,1.26,0.57,0.57,,8.011470347627172,9.425589612835418,30.168995089953047,38.04033371400658,27.545896867666528,10,4
SI,2026-10-04,91.7,2.19,6.07,"Matsui, Yuki",592885,673513,,foul,,,,,3,,D,L,L,MIL,SD,S,,,2,2,2026,1.17,1.04,0.5226265246229109,2.944822258571307,,,669003,0,7,Bot,,,,,,,-6.690237457788298,-133.36974884261613,-4.052585737935347,15.4027607405235,30.53843653648291,-19.08746849121933,3.368323491,1.699901575,9,72.8,-16,90.9,2055,6.0,849825,666023,664034,630105,592518,593428,687957,701538,665487,54.54,,,,,,,,55,5,Sinker,1,3,1,3,3,1,1,3,Infield shade,Standard,155,0.0,0.0,62.7,6.0,,,0.0,88.0,-2,-2,0.281,0.281,30,34,31,35,1,2,,,,,1.69,1.17,1.17,,-11.941142292136387,41.81915641290525,37.13623097925964,31.170960604946245,11.697429292666865,10,4
FF,2026-10-04,92.0,1.76,6.16,"Matsui, Yuki",592885,673513,,foul,,,,,3,,D,L,L,MIL,SD,S,,,2,1,2026,0.29,1.71,0.5729185663571521,3.086311427101292,,,669003,0,7,Bot,,,,,,,-3.5755810891433875,-133.72618208661808,-5.3973072481157445,4.32874211403983,32.19297840690287,-10.70420067867436,3.368323491,1.699901575,,,,90.6,2509,5.8,849825,666023,664034,630105,592518,593428,687957,701538,665487,54.72,,,,,,,,55,4,4-Seam Fastball,1,3,1,3,3,1,1,3,Infield shade,Standard,161,-0.019,-0.069,69.2,6.1,,,0.069,,-2,-2,0.3,0.3,30,34,31,35,1,2,,,,,1.01,0.29,0.29,,-4.43726631616904,28.29668476630459,38.62879577122577,30.481850135095176,15.632615134842505,10,4
FF,2026-10-04,91.9,1.7,6.18,"Matsui, Yuki",592885,673513,,swinging_strike,,,,,1,,D,L,L,MIL,SD,S,,,2,0,2026,0.22,1.68,-0.3126883090132155,3.18943875416344,,,669003,0,7,Bot,,,,,,,-5.463845109373736,-133.5441402313004,-5.123366837921863,3.8528255572414816,31.525023684069023,-11.161541547935505,3.368323491,1.699901575,,,,90.7,2494,5.8,849825,666023,664034,630105,592518,593428,687957,701538,665487,54.67,,,,,,,,55,3,4-Seam Fastball,1,3,1,3,3,1,1,3,Standard,Standard,158,-0.021,-0.069,70.3,6.8,0.657322764,,0.069,,-2,-2,0.321,0.321,30,34,31,35,1,2,,,,,1.04,0.22,0.22,,3.151109445839392,28.54108799196503,30.850099684323787,41.27019025500786,12.825543917914954,10,4
FF,2026-10-04,91.5,1.77,6.16,"Matsui, Yuki",592885,673513,,ball,,,,,11,,D,L,L,MIL,SD,B,,,1,0,2026,0.45,1.74,-0.981241909045902,2.881395635689854,,,669003,0,7,Bot,,,,,,,-7.744969322625049,-132.87777721546453,-5.875100998481262,7.051404827719941,31.134278353719107,-10.49530434025086,3.368323491,1.699901575,,,,90.2,2509,5.8,849825,666023,664034,630105,592518,593428,687957,701538,665487,54.66,,,,,,,,55,2,4-Seam Fastball,1,3,1,3,3,1,1,3,Standard,Standard,159,0.021,0.076,,,,,-0.076,,-2,-2,0.3,0.3,30,34,31,35,1,2,,,,,1.01,0.45,0.45,,,,,,,10,4
FF,2026-10-04,92.3,1.79,6.12,"Matsui, Yuki",592885,673513,,ball,,,,,11,,D,L,L,MIL,SD,B,,,0,0,2026,0.35,1.79,-0.6061484160158668,3.594138704394302,,,669003,0,7,Bot,,,,,,,-6.759078542773518,-134.16465072867524,-4.313511833664712,5.817105349903998,31.49257117294863,-9.883014145704015,3.368323491,1.699901575,,,,91.4,2500,6.0,849825,666023,664034,630105,592518,593428,687957,701538,665487,54.51,,,,,,,,55,1,4-Seam Fastball,1,3,1,3,3,1,1,3,Standard,Standard,158,0.01,0.037,,,,,-0.037,,-2,-2,0.29,0.29,30,34,31,35,1,2,,,,,0.91,0.35,0.35,,,,,,,10,4
FF,2026-10-04,91.4,1.93,6.06,"Matsui, Yuki",669003,673513,single,hit_into_play,,,,,2,Garrett Mitchell singles on a ground ball to right fielder Fernando Tatis Jr.,D,L,L,MIL,SD,X,9,ground_ball,3,1,2026,0.78,1.35,-0.2237113368896056,2.993659362363322,,,,0,7,Bot,163.04,83.53,,,,,-7.027587002084898,-132.87845991234877,-4.529403869180769,10.869737016685631,30.73389191502829,-15.443769457544098,3.292847769,1.661811024,38,110.1,-3,90.4,2425,5.9,849825,666023,664034,630105,592518,593428,687957,701538,665487,54.6,0.466,0.431,0.9,1,1,0,4,54,5,4-Seam Fastball,1,3,1,3,3,1,1,3,Infield shade,Standard,156,0.041,0.256,76.8,7.1,,0.5,-0.256,110.1,-2,-2,0.249,0.249,30,27,31,28,1,2,,,,,1.4,0.78,0.78,,7.77524167844372,8.254306490397086,22.87292517594574,41.28021417372979,30.05967751717006,10,4
FF,2026-10-04,90.5,1.68,6.12,"Matsui, Yuki",669003,673513,,called_strike,,,,,14,,D,L,L,MIL,SD,S,,,3,0,2026,0.86,1.53,0.4751799818536522,1.4089075480483833,,,,0,7,Bot,,,,,,,-4.79110874431863,-131.39394832714103,-8.735207684322377,11.021362730483933,29.64535587942926,-12.742247932199092,3.292847769,1.661811024,,,,89.3,2359,5.8,849825,666023,664034,630105,592518,593428,687957,701538,665487,54.66,,,,,,,,54,4,4-Seam Fastball,1,3,1,3,3,1,1,3,Infield shade,Standard,162,-0.013,-0.084,,,,,0.084,,-2,-2,0.262,0.262,30,27,31,28,1,2,,,,,1.28,0.86,0.86,,,,,,,10,4
FF,2026-10-04,91.0,1.78,6.05,"Matsui, Yuki",669003,673513,,ball,,,,,11,,D,L,L,MIL,SD,B,,,2,0,2026,0.48,1.49,-1.351469322024991,2.683897938344293,,,,0,7,Bot,,,,,,,-8.682570636317976,-132.08654490703768,-5.453001101280918,7.559945083986066,30.250902110370475,-13.746964352468307,3.292847769,1.661811024,,,,89.7,2355,5.8,849825,666023,664034,630105,592518,593428,687957,701538,665487,54.7,,,,,,,,54,3,4-Seam Fastball,1,3,1,3,3,1,1,3,Infield shade,Standard,158,0.02,0.148,,,,,-0.148,,-2,-2,0.242,0.242,30,27,31,28,1,2,,,,,1.29,0.48,0.48,,,,,,,10,4
FF,2026-10-04,91.8,1.69,6.17,"Matsui, Yuki",669003,673513,,ball,,,,,14,,D,L,L,MIL,SD,B,,,1,0,2026,0.54,1.56,0.2148522860267208,1.2138876209901746,,,,0,7,Bot,,,,,,,-4.832561689014591,-133.256219306163,-9.705571021760152,7.52224653484178,30.464684458209284,-11.679126004192256,3.292847769,1.661811024,,,,90.7,2425,5.9,849825,666023,664034,630105,592518,593428,687957,701538,665487,54.6,,,,,,,,54,2,4-Seam Fastball,1,3,1,3,3,1,1,3,Infield shade,Standard,160,0.014,0.081,,,,,-0.081,,-2,-2,0.228,0.228,30,27,31,28,1,2,,,,,1.17,0.54,0.54,,,,,,,10,4
SL,2026-10-04,84.4,1.82,6.13,"Matsui, Yuki",669003,673513,,ball,,,,,14,,D,L,L,MIL,SD,B,,,0,0,2026,-0.26,0.3,0.0606841872243363,1.0434740045076634,,,,0,7,Bot,,,,,,,-3.474041629845556,-122.90954186616528,-5.8259791910827685,-2.040726459749597,21.903031270853017,-28.231662227131057,3.292847769,1.661811024,,,,83.8,2799,5.6,849825,666023,664034,630105,592518,593428,687957,701538,665487,54.89,,,,,,,,54,1,Slider,1,3,1,3,3,1,1,3,Infield shade,Standard,246,0.007,0.042,,,,,-0.042,,-2,-2,0.221,0.221,30,27,31,28,1,2,,,,,2.87,-0.26,-0.26,,,,,,,10,4
SI,2026-10-04,97.1,-1.24,5.81,"Uribe, Abner",664034,682842,single,hit_into_play,,,,,8,"Ty France singles on a ground ball to right fielder Sal Frelick. Fernando Tatis Jr. scores. Manny Machado out at 3rd on the throw, right fielder Sal Frelick to third baseman David Hamilton.",D,R,R,MIL,SD,X,9,ground_ball,1,0,2026,-1.21,0.42,0.1416498549430491,1.847531282322721,,665487,592518,2,7,Top,180.26,111.88,,,,,6.5104490280099405,-141.10172980910713,-5.786404735536525,-17.701232336644566,34.69754755231538,-25.37779969815412,3.10328084,1.566141732,29,101.3,-2,97.4,2388,6.7,849825,661388,641343,668930,666152,806198,694192,669003,686217,53.79,0.311,0.28,0.9,1,1,0,2,53,2,Sinker,1,2,2,1,3,1,3,1,Standard,Standard,207,-0.091,0.521,66.6,7.1,,0.353,-0.521,101.3,-1,1,0.312,0.688,26,31,26,32,1,3,,,,,2.02,1.21,1.21,,0.5200634010118134,23.340140368659444,36.90831695129557,37.2780950587719,15.89101426513114,10,4
SL,2026-10-04,88.7,-1.56,5.76,"Uribe, Abner",664034,682842,,ball,,,,,13,,D,R,R,MIL,SD,B,,,0,0,2026,0.76,0.42,-0.5434294504272826,1.3304951908248857,,665487,592518,2,7,Top,,,,,,,0.8529841397257036,-128.99879254391718,-5.377271385846943,8.172381817821355,29.66880481946868,-26.55170345970787,3.10328084,1.566141732,,,,88.9,2517,6.7,849825,661388,641343,668930,666152,806198,694192,669003,686217,53.79,,,,,,,,53,1,Slider,1,2,2,1,2,1,2,1,Standard,Standard,83,-0.003,0.029,,,,,-0.029,,-1,1,0.315,0.685,26,31,26,32,1,3,,,,,2.51,-0.76,-0.76,,,,,,,10,4
SI,2026-10-04,98.7,-1.41,5.65,"Uribe, Abner",592518,682842,walk,ball,,,,,14,Manny Machado walks. Fernando Tatis Jr. to 2nd.,D,R,R,MIL,SD,B,,,3,1,2026,-1.17,0.33,1.364293193568126,1.24747487355186,,,665487,2,7,Top,,,,,,,10.264670579927884,-143.15079667143556,-7.036144203702844,-18.49186690078024,34.60106787789555,-26.113424966451,3.313910761,1.672440945,,,,99.0,2522,6.7,849825,661388,641343,668930,666152,806198,694192,669003,686217,53.78,,0.69822,0.7,1,0,0,,52,5,Sinker,1,2,2,1,2,1,2,1,Strategic,Standard,214,-0.014,0.126,,,,,-0.126,,-1,1,0.329,0.671,26,33,26,34,1,3,,,,,2.04,1.17,1.17,,,,,,,10,4
SL,2026-10-04,89.0,-1.33,5.79,"Uribe, Abner",592518,682842,,ball,,,,,14,,D,R,R,MIL,SD,B,,,2,1,2026,0.74,0.28,0.0168257644058308,0.7713700085169628,,,665487,2,7,Top,,,,,,,1.6802696984684091,-129.48523255000077,-6.589989068649184,7.8751698956821405,29.95379853597333,-27.7819849742356,3.313910761,1.672440945,,,,89.3,2442,6.7,849825,661388,641343,668930,666152,806198,694192,669003,686217,53.78,,,,,,,,52,4,Slider,1,2,2,1,2,1,2,1,Strategic,Standard,92,-0.007,0.1,,,,,-0.1,,-1,1,0.336,0.664,26,33,26,34,1,3,,,,,2.63,-0.74,-0.74,,,,,,,10,4
SI,2026-10-04,97.4,-1.21,5.76,"Uribe, Abner",592518,682842,,called_strike,,,,,1,,D,R,R,MIL,SD,S,,,2,0,2026,-1.37,0.36,-0.7176423692409684,3.2488823147664045,,,665487,2,7,Top,,,,,,,4.540098042529698,-141.70174010448773,-1.8011461123947572,-19.4463130255316,36.70283087776571,-27.205875072980675,3.313910761,1.672440945,,,,97.4,2328,6.6,849825,661388,641343,668930,666152,806198,694192,669003,686217,53.87,,,,,,,,52,3,Sinker,1,2,2,1,2,1,2,1,Strategic,Standard,211,0.005,-0.056,,,,,0.056,,-1,1,0.331,0.669,26,33,26,34,1,3,,,,,2.07,1.37,1.37,,,,,,,10,4
SI,2026-10-04,97.5,-1.3,5.77,"Uribe, Abner",592518,682842,,ball,,,,,14,,D,R,R,MIL,SD,B,,,1,0,2026,-1.17,0.21,1.4528040139233815,1.1193072586609711,,,665487,2,7,Top,,,,,,,10.097950032247814,-141.4915286977432,-7.222199961358917,-18.028238671776176,33.87536432403785,-27.716670692788465,3.313910761,1.672440945,,,,97.9,1993,6.8,849825,661388,641343,668930,666152,806198,694192,669003,686217,53.75,,,,,,,,52,2,Sinker,1,2,2,1,2,1,2,1,Strategic,Standard,208,-0.005,0.06,,,,,-0.06,,-1,1,0.336,0.664,26,33,26,34,1,3,,,,,2.21,1.17,1.17,,,,,,,10,4
SL,2026-10-04,87.5,-1.37,5.69,"Uribe, Abner",592518,682842,,blocked_ball,,,,,14,,D,R,R,MIL,SD,B,,,0,0,2026,0.54,0.32,0.6126240326390728,0.3663632717563758,,,665487,2,7,Top,,,,,,,3.607413446287762,-127.29150943338568,-7.110881746279613,5.098407690102738,27.32124987753352,-27.354412332581045,3.313910761,1.672440945,,,,87.9,2589,6.7,849825,661388,641343,668930,666152,806198,694192,669003,686217,53.85,,,,,,,,52,1,Slider,1,2,2,1,2,1,2,1,Strategic,Standard,76,-0.002,0.037,,,,,-0.037,,-1,1,0.338,0.662,26,33,26,34,1,3,,,,,2.67,-0.54,-0.54,,,,,,,10,4
SI,2026-10-04,96.6,-1.46,5.71,"Uribe, Abner",687957,682842,field_out,hit_into_play,,,,,7,Dustin Harris flies out to left fielder Jackson Chourio.,D,L,R,MIL,SD,X,7,fly_ball,2,2,2026,-1.07,0.63,-0.7275668703103486,2.062698104030472,,,665487,1,7,Top,85.09,132.12,,,,,4.454599395239612,-140.52278510047003,-5.412772503230466,-15.229296504084088,32.43635512742072,-22.75956103937381,3.31742126,1.674212598,197,74.8,56,97.2,2207,6.7,849825,661388,641343,668930,666152,806198,694192,669003,686217,53.79,0.086,0.094,0.0,1,0,0,3,51,5,Sinker,1,2,2,1,2,1,2,1,Strategic,Standard,214,0.027,-0.233,67.2,6.7,,0.123,0.233,88.0,-1,1,0.311,0.689,26,26,26,27,1,3,,,,,1.82,1.07,-1.07,,14.868093187284712,-2.9247749688558144,37.22232927824542,40.35974599667772,36.50197161321482,10,4
SL,2026-10-04,88.2,-1.58,5.67,"Uribe, Abner",687957,682842,,blocked_ball,,,,,14,,D,L,R,MIL,SD,B,,,1,2,2026,0.7,0.5,0.2601519180472794,-0.2451579839580415,,,665487,1,7,Top,,,,,,,2.949075297311383,-128.17768045079887,-9.06718474923937,7.058871650099449,27.61293362683761,-24.981636516805608,3.31742126,1.674212598,,,,88.8,2614,6.9,849825,661388,641343,668930,666152,806198,694192,669003,686217,53.65,,,,,,,,51,4,Slider,1,2,2,1,2,1,2,1,Strategic,Standard,79,-0.005,0.051,,,,,-0.051,,-1,1,0.316,0.684,26,26,26,27,1,3,,,,,2.45,-0.7,0.7,,,,,,,10,4
SL,2026-10-04,87.9,-1.53,5.68,"Uribe, Abner",687957,682842,,blocked_ball,,,,,13,,D,L,R,MIL,SD,B,,,0,2,2026,0.74,0.51,-0.4825201343530728,0.4246123741632468,,,665487,1,7,Top,,,,,,,0.935825661353001,-127.84530355537876,-7.417750693996003,7.884810596205444,27.71666979342736,-25.26824392493741,3.31742126,1.674212598,,,,88.2,2473,6.6,849825,661388,641343,668930,666152,806198,694192,669003,686217,53.88,,,,,,,,51,3,Slider,1,2,2,1,2,1,2,1,Strategic,Standard,87,-0.003,0.019,,,,,-0.019,,-1,1,0.319,0.681,26,26,26,27,1,3,,,,,2.46,-0.74,0.74,,,,,,,10,4
SL,2026-10-04,88.9,-1.54,5.67,"Uribe, Abner",687957,682842,,called_strike,,,,,2,,D,L,R,MIL,SD,S,,,0,1,2026,1.24,0.43,-0.0149494937040255,2.8565904955035584,,,665487,1,7,Top,,,,,,,1.052393858073076,-129.52856352487427,-1.5564381600342496,13.60624804481709,29.06813604879876,-27.240521384021605,3.31742126,1.674212598,,,,89.4,2386,6.7,849825,661388,641343,668930,666152,806198,694192,669003,686217,53.79,,,,,,,,51,2,Slider,1,2,2,1,2,1,2,1,Standard,Standard,103,0.008,-0.059,,,,,0.059,,-1,1,0.311,0.689,26,26,26,27,1,3,,,,,2.46,-1.24,1.24,,,,,,,10,4
SI,2026-10-04,97.5,-1.5,5.68,"Uribe, Abner",687957,682842,,foul_tip,,,,,1,,D,L,R,MIL,SD,S,,,0,0,2026,-1.04,0.61,-0.8011022999640495,2.8703626425511946,,,665487,1,7,Top,,,,,,,4.324392260144373,-141.90057204499283,-3.249304634095185,-15.058930421692684,35.47854125260224,-23.35632196527857,3.31742126,1.674212598,,,,97.9,2292,6.7,849825,661388,641343,668930,666152,806198,694192,669003,686217,53.8,,,,,,,,51,1,Sinker,1,2,2,1,2,1,2,1,Standard,Standard,208,0.005,-0.037,35.9,5.2,,,0.037,,-1,1,0.306,0.694,26,26,26,27,1,3,,,,,1.8,1.04,-1.04,,-7.981070307168399,14.786064716266482,41.75715774642385,41.61279891090972,12.698782838385403,10,4
SL,2026-10-04,90.2,-1.37,5.76,"Uribe, Abner",665487,682842,field_error,hit_into_play,,,,,8,Fernando Tatis Jr. reaches on a fielding error by third baseman David Hamilton.,D,R,R,MIL,SD,X,5,ground_ball,3,2,2026,0.14,0.51,-0.230777581995657,2.0819045277501806,,,,1,7,Top,113.44,170.09,,,,,2.494697194125116,-131.3613428557774,-4.071392839708347,1.1062112618413056,28.71470242831582,-25.66700330159614,3.346382874,1.68882874,3,65.2,-32,90.6,2541,6.6,849825,661388,641343,668930,666152,806198,694192,669003,686217,53.92,0.063,0.057,0.9,1,0,0,2,50,6,Slider,1,2,2,1,2,1,2,1,Strategic,Standard,100,-0.022,0.379,67.7,7.3,,0.069,-0.379,88.0,-1,1,0.328,0.672,26,27,26,27,1,3,,,,,2.3,-0.14,-0.14,,8.79735887242311,12.04649229544576,28.984416060370748,37.08622469653706,25.77609544558574,10,4
SL,2026-10-04,89.2,-1.31,5.7,"Uribe, Abner",665487,682842,,ball,,,,,14,,D,R,R,MIL,SD,B,,,2,2,2026,0.22,0.57,0.7721367466841877,0.7337494673489189,,,,1,7,Top,,,,,,,4.6183633239112005,-129.7580801323735,-7.219869059456351,1.5619708201522082,25.64398203323597,-24.496470589851427,3.346382874,1.68882874,,,,90.0,2534,6.7,849825,661388,641343,668930,666152,806198,694192,669003,686217,53.81,,,,,,,,50,5,Slider,1,2,2,1,2,1,2,1,Strategic,Standard,95,-0.007,0.111,,,,,-0.111,,-1,1,0.335,0.665,26,27,26,27,1,3,,,,,2.29,-0.22,-0.22,,,,,,,10,4
SL,2026-10-04,89.3,-1.26,5.77,"Uribe, Abner",665487,682842,,ball,,,,,14,,D,R,R,MIL,SD,B,,,1,2,2026,0.41,0.62,0.6966929108679615,-0.1337535549466328,,,,1,7,Top,,,,,,,3.888440102287289,-129.8456672090728,-9.62116643586183,3.955954691545636,25.16105096933458,-23.478361312800264,3.346382874,1.68882874,,,,90.1,2546,6.7,849825,661388,641343,668930,666152,806198,694192,669003,686217,53.83,,,,,,,,50,4,Slider,1,2,2,1,2,1,2,1,Strategic,Standard,80,-0.003,0.051,,,,,-0.051,,-1,1,0.338,0.662,26,27,26,27,1,3,,,,,2.23,-0.41,-0.41,,,,,,,10,4
SL,2026-10-04,89.0,-1.36,5.78,"Uribe, Abner",665487,682842,,swinging_strike,,,,,14,,D,R,R,MIL,SD,S,,,1,1,2026,0.81,0.87,1.402308890196931,1.1768239986629625,,,,1,7,Top,,,,,,,5.004423003705774,-129.45751043014505,-6.9034303912988,8.09372933874991,26.01755164682944,-21.177600101872923,3.346382874,1.68882874,,,,89.7,2609,6.6,849825,661388,641343,668930,666152,806198,694192,669003,686217,53.86,,,,,,,,50,3,Slider,1,2,2,1,2,1,2,1,Strategic,Standard,91,0.005,-0.07,38.9,7.0,10.210477536,,0.07,,-1,1,0.333,0.667,26,27,26,27,1,3,,,,,2.0,-0.81,-0.81,,8.002933841991178,21.55270731513129,29.506803938756505,57.87335390376134,20.775534004651234,10,4
SI,2026-10-04,98.5,-1.33,5.74,"Uribe, Abner",665487,682842,,ball,,,,,14,,D,R,R,MIL,SD,B,,,0,1,2026,-0.93,0.56,1.6801583166943188,1.902614983932451,,,,1,7,Top,,,,,,,10.284107497842134,-143.08146189772003,-6.125163065716919,-14.99193332643317,29.826895654372905,-23.215189378232587,3.346382874,1.68882874,,,,99.3,2343,6.6,849825,661388,641343,668930,666152,806198,694192,669003,686217,53.9,,,,,,,,50,2,Sinker,1,2,2,1,2,1,2,1,Strategic,Standard,214,-0.002,0.032,,,,,-0.032,,-1,1,0.335,0.665,26,27,26,27,1,3,,,,,1.78,0.93,0.93,,,,,,,10,4
SI,2026-10-04,98.1,-1.2,5.77,"Uribe, Abner",665487,682842,,called_strike,,,,,6,,D,R,R,MIL,SD,S,,,0,0,2026,-0.92,0.54,0.4924768441803241,2.5588735246326806,,,,1,7,Top,,,,,,,6.715824673304496,-142.82408778418824,-4.332934387159299,-14.141014590840928,30.46678244989024,-23.94872717068996,3.346382874,1.68882874,,,,99.0,2287,6.6,849825,661388,641343,668930,666152,806198,694192,669003,686217,53.9,,,,,,,,50,1,Sinker,1,2,2,1,2,1,2,1,Strategic,Standard,221,0.003,-0.041,,,,,0.041,,-1,1,0.332,0.668,26,27,26,27,1,3,,,,,1.81,0.92,0.92,,,,,,,10,4
SL,2026-10-04,88.4,-1.58,5.76,"Uribe, Abner",630105,682842,field_out,hit_into_play,,,,,13,"Jake Cronenworth grounds out softly, third baseman David Hamilton to first baseman Jake Bauers.",D,L,R,MIL,SD,X,5,ground_ball,1,1,2026,0.91,0.44,-0.1010935076601488,1.43919821256849,,,,0,7,Top,117.9,168.35,,,,,1.61485091372444,-128.61012366597137,-5.110400123075236,9.724147807345918,27.990528980335785,-26.45995602317907,3.171735564,1.600688976,1,45.0,-46,88.5,2504,6.5,849825,661388,641343,668930,666152,806198,694192,669003,686217,54.04,0.249,0.224,0.0,1,0,0,1,49,3,Slider,1,2,2,1,2,1,2,1,Standard,Standard,109,0.023,-0.246,38.4,6.7,,0.25,0.246,88.0,-1,1,0.309,0.691,26,32,26,32,1,2,,,,,2.49,-0.91,0.91,,-5.398175418867279,23.232443938279133,33.975896789898485,38.83976092891469,17.212299859362517,10,4
SI,2026-10-04,97.9,-1.41,5.81,"Uribe, Abner",630105,682842,,called_strike,,,,,9,,D,L,R,MIL,SD,S,,,1,0,2026,-1.13,0.75,0.8232301301661138,1.687736675913803,,,,0,7,Top,,,,,,,8.634452204551177,-142.14509444019637,-7.152405564286337,-17.369470003594095,33.49884132856797,-20.437848939768223,3.171735564,1.600688976,,,,98.0,2354,6.5,849825,661388,641343,668930,666152,806198,694192,669003,686217,53.97,,,,,,,,49,2,Sinker,1,2,2,1,2,1,2,1,Standard,Standard,216,0.005,-0.055,,,,,0.055,,-1,1,0.304,0.696,26,32,26,32,1,2,,,,,1.64,1.13,-1.13,,,,,,,10,4
SI,2026-10-04,97.6,-1.69,5.73,"Uribe, Abner",630105,682842,,ball,,,,,14,,D,L,R,MIL,SD,B,,,0,0,2026,-1.03,0.75,0.9430118870883136,2.032477677941995,,,,0,7,Top,,,,,,,9.43843360664441,-141.78999403593963,-5.9700071959737295,-16.076174594913912,33.08543553399171,-20.78142873364333,3.171735564,1.600688976,,,,97.8,2352,6.5,849825,661388,641343,668930,666152,806198,694192,669003,686217,53.97,,,,,,,,49,1,Sinker,1,2,2,1,2,1,2,1,Standard,Standard,217,-0.004,0.042,,,,,-0.042,,-1,1,0.308,0.692,26,32,26,32,1,2,,,,,1.65,1.03,-1.03,,,,,,,10,4
FS,2026-10-04,83.0,2.15,6.02,"Matsui, Yuki",661388,673513,force_out,hit_into_play,,,,,8,"William Contreras grounds into a force out, third baseman Manny Machado to second baseman Jake Cronenworth. Jackson Chourio out at 2nd.",D,R,L,MIL,SD,X,5,ground_ball,1,0,2026,0.52,0.17,-0.1063516781640148,1.5778317591280349,,,694192,2,6,Bot,108.38,172.11,,,,,-6.063535916472576,-120.7700068359586,-3.810907637154341,6.248280003486869,21.78193861432196,-29.953562867747703,3.133120079,1.581200787,21,103.9,-4,82.5,1037,5.8,849825,669134,664034,630105,592518,593428,687957,701538,665487,54.73,0.358,0.322,0.0,1,0,0,2,48,2,Split-Finger,1,2,1,2,2,1,1,2,Standard,Standard,119,-0.045,-0.311,79.3,8.1,,0.383,0.311,103.9,-1,-1,0.353,0.353,30,28,31,29,1,2,,,,,3.11,0.52,-0.52,,15.522175636200794,-6.395145353644965,33.052236024750094,36.76357687989028,36.74740220849571,10,4
FS,2026-10-04,82.8,2.09,6.05,"Matsui, Yuki",661388,673513,,ball,,,,,12,,D,R,L,MIL,SD,B,,,0,0,2026,0.64,0.5,1.003494935307483,3.5032204840666314,,,694192,2,6,Bot,,,,,,,-3.680116903338861,-120.4150378602259,-0.0460909784336888,6.969347936620061,26.193375586934664,-27.595524959505724,3.133120079,1.581200787,,,,81.6,1116,5.8,849825,669134,664034,630105,592518,593428,687957,701538,665487,54.71,,,,,,,,48,1,Split-Finger,1,2,1,2,2,1,1,2,Standard,Standard,117,0.004,0.037,,,,,-0.037,,-1,-1,0.349,0.349,30,28,31,29,1,2,,,,,2.86,0.64,-0.64,,,,,,,10,4
FF,2026-10-04,92.6,1.92,6.09,"Matsui, Yuki",641343,673513,field_out,hit_into_play,,,,,6,Jake Bauers flies out sharply to right fielder Fernando Tatis Jr.,D,L,L,MIL,SD,X,9,fly_ball,0,0,2026,0.93,1.53,0.4023114209559839,2.307965644684433,,,694192,1,6,Bot,188.16,75.03,,,,,-5.826894970350709,-134.57243718564894,-6.930973276278237,12.546377704108382,30.718808835235244,-12.26488201768663,3.217372047,1.623720472,342,106.6,47,91.6,2403,5.9,849825,669134,664034,630105,592518,593428,687957,701538,665487,54.62,0.111,0.207,0.0,1,0,0,5,47,1,4-Seam Fastball,1,2,1,2,2,1,1,2,Infield shade,Standard,149,-0.052,-0.26,76.8,8.2,,0.402,0.26,106.6,-1,-1,0.401,0.401,30,30,31,31,1,2,,,,,1.15,0.93,0.93,,19.447632934807668,-12.089385380270672,37.81134480983817,31.516620888250667,35.905532854677475,10,4
SL,2026-10-04,84.5,1.68,6.23,"Matsui, Yuki",668930,673513,field_out,hit_into_play,,,,,8,Brice Turang flies out to center fielder Jackson Merrill.,D,L,L,MIL,SD,X,8,fly_ball,2,2,2026,-0.34,0.04,-0.2326759140766395,2.033876678355361,,,694192,0,6,Bot,116.98,108.33,,,,,-3.675634879094707,-123.1821165866215,-3.3401823923231757,-2.8428284206093566,21.610628526342527,-31.31531543728692,3.21035105,1.620177165,216,90.3,56,84.3,2821,5.8,849825,669134,664034,630105,592518,593428,687957,701538,665487,54.73,0.006,0.005,0.0,1,0,0,3,46,6,Slider,1,2,1,2,2,1,1,2,Infield shade,Standard,271,-0.05,-0.219,75.0,7.3,,0.007,0.219,90.3,-1,-1,0.451,0.451,30,26,31,27,1,2,,,,,3.11,-0.34,-0.34,,15.696375880540128,-4.881806562818526,35.31818738768271,34.90792700692839,43.2204259120564,10,4
FF,2026-10-04,92.9,1.65,6.16,"Matsui, Yuki",668930,673513,,foul,,,,,5,,D,L,L,MIL,SD,S,,,2,2,2026,0.5,1.79,-0.0487060377560999,2.147087623235074,,,694192,0,6,Bot,,,,,,,-5.35724846805536,-134.99712014178832,-8.16971587152901,7.265065942830945,29.315261781958835,-8.67222702539145,3.21035105,1.620177165,209,74.9,23,92.2,2451,6.0,849825,669134,664034,630105,592518,593428,687957,701538,665487,54.54,,,,,,,,46,5,4-Seam Fastball,1,2,1,2,2,1,1,2,Infield shade,Standard,158,0.0,0.0,76.5,7.4,,,0.0,88.0,-1,-1,0.451,0.451,30,26,31,27,1,2,,,,,0.86,0.5,0.5,,12.1042339848761,-2.4741711448440338,39.581793207880736,32.395114691607496,35.52782195729216,10,4
FF,2026-10-04,92.4,1.81,6.12,"Matsui, Yuki",668930,673513,,called_strike,,,,,14,,D,L,L,MIL,SD,S,,,2,1,2026,0.38,1.68,0.390440507561016,1.4113934145646798,,,694192,0,6,Bot,,,,,,,-4.381425819185914,-134.2110457558728,-9.503847631099683,5.584112971208714,29.99102730301131,-10.01170004725613,3.21035105,1.620177165,,,,91.4,2415,5.9,849825,669134,664034,630105,592518,593428,687957,701538,665487,54.63,,,,,,,,46,4,4-Seam Fastball,1,2,1,2,2,1,1,2,Strategic,Standard,159,-0.018,-0.069,,,,,0.069,,-1,-1,0.469,0.469,30,26,31,27,1,2,,,,,1.01,0.38,0.38,,,,,,,10,4
FF,2026-10-04,92.0,1.86,6.08,"Matsui, Yuki",668930,673513,,foul,,,,,5,,D,L,L,MIL,SD,S,,,2,0,2026,0.35,1.69,-0.0962934473084389,2.462789443423442,,,694192,0,6,Bot,,,,,,,-5.598931178702344,-133.68301076959,-6.712962026678245,5.430037581696597,31.067121362063123,-10.694711296934711,3.21035105,1.620177165,98,77.6,13,90.6,2449,5.7,849825,669134,664034,630105,592518,593428,687957,701538,665487,54.79,,,,,,,,46,3,4-Seam Fastball,1,2,1,2,2,1,1,2,Strategic,Standard,160,-0.018,-0.069,75.2,7.2,,,0.069,88.0,-1,-1,0.487,0.487,30,26,31,27,1,2,,,,,1.03,0.35,0.35,,11.69558244706182,1.9774275320585792,36.78920325309095,34.65192231300006,33.66895430727612,10,4
FF,2026-10-04,91.0,1.73,6.15,"Matsui, Yuki",668930,673513,,blocked_ball,,,,,13,,D,L,L,MIL,SD,B,,,1,0,2026,0.43,1.69,-0.8130129681016389,0.6748355100042062,,,694192,0,6,Bot,,,,,,,-7.178559336142433,-131.97606719469542,-11.137423833499176,6.530045924343688,28.1583315595516,-10.139478583270812,3.21035105,1.620177165,,,,90.4,2469,6.1,849825,669134,664034,630105,592518,593428,687957,701538,665487,54.41,,,,,,,,46,2,4-Seam Fastball,1,2,1,2,2,1,1,2,Strategic,Standard,156,0.018,0.076,,,,,-0.076,,-1,-1,0.469,0.469,30,26,31,27,1,2,,,,,1.08,0.43,0.43,,,,,,,10,4
SL,2026-10-04,82.7,1.7,6.15,"Matsui, Yuki",668930,673513,,ball,,,,,4,,D,L,L,MIL,SD,B,,,0,0,2026,-0.49,-0.26,-0.7941946918983682,2.4485360901755406,,,694192,0,6,Bot,,,,,,,-4.57722344078166,-120.38579106411592,-1.1981525271966458,-3.868725593739281,23.265511248482547,-34.70271051863769,3.21035105,1.620177165,,,,81.7,2907,5.6,849825,669134,664034,630105,592518,593428,687957,701538,665487,54.9,,,,,,,,46,1,Slider,1,2,1,2,2,1,1,2,Strategic,Standard,292,0.009,0.037,,,,,-0.037,,-1,-1,0.46,0.46,30,26,31,27,1,2,,,,,3.59,-0.49,-0.49,,,,,,,10,4
SI,2026-10-04,92.0,-2.84,5.56,"King, Michael",694192,650633,hit_by_pitch,hit_by_pitch,,,,,11,Jackson Chourio hit by pitch.,D,R,R,MIL,SD,B,,,0,1,2026,-1.31,0.7,-2.690764218031762,3.836064844250442,,,,0,6,Bot,,,,,,,3.236180080581039,-133.96843887468833,0.0902143988278754,-16.40047314783206,30.27267800344251,-24.03159603045324,3.237557415,1.63390748,,,,91.3,2234,5.9,849825,669134,664034,630105,592518,593428,687957,701538,665487,54.56,,0.729166,0.7,1,0,0,,45,2,Sinker,1,2,1,2,2,1,1,2,Standard,Standard,216,0.07,0.486,,,,,-0.486,,-1,-1,0.39,0.39,31,22,31,22,3,2,,,,,2.0,1.31,1.31,,,,,,,10,4
SI,2026-10-04,93.8,-2.83,5.54,"King, Michael",694192,650633,,called_strike,,,,,6,,D,R,R,MIL,SD,S,,,0,0,2026,-1.3,0.54,0.7636485608995511,2.194587928818798,,,,0,6,Bot,,,,,,,12.003110490077155,-136.1061672940222,-3.8697462786904886,-18.802268988281188,30.03776158595967,-24.722252654359878,3.237557415,1.63390748,,,,93.1,2355,6.0,849825,669134,664034,630105,592518,593428,687957,701538,665487,54.47,,,,,,,,45,1,Sinker,1,2,1,2,2,1,1,2,Standard,Standard,226,-0.006,-0.041,,,,,0.041,,-1,-1,0.396,0.396,31,22,31,22,3,2,,,,,2.06,1.3,1.3,,,,,,,10,4
SL,2026-10-04,89.8,-1.37,5.78,"Uribe, Abner",669134,682842,field_out,hit_into_play,,,,,8,Luis Campusano pops out to first baseman Jake Bauers in foul territory.,D,R,R,MIL,SD,X,3,popup,2,2,2026,0.55,0.55,0.1011998011382585,1.7653524505864349,,664034,593428,2,6,Top,167.6,182.74,,,,,2.4225273636841824,-130.67908596972262,-4.904036295622523,5.780683874335447,28.572858491030757,-25.014218709584203,3.119078084,1.574114173,118,75.3,68,90.1,2437,6.6,849825,661388,641343,668930,666152,806198,694192,669003,686217,53.94,0.001,0.0,0.0,1,0,0,3,44,5,Slider,1,2,2,1,2,1,2,1,Strategic,Standard,117,0.042,-0.232,68.7,7.5,,0.001,0.232,88.0,-1,1,0.354,0.646,26,27,26,28,1,2,,,,,2.28,-0.55,-0.55,,3.8496959755624,-8.974880140530493,30.266359830906037,35.36740942441625,21.635655120603843,10,4
SL,2026-10-04,88.9,-1.37,5.72,"Uribe, Abner",669134,682842,,ball,,,,,14,,D,R,R,MIL,SD,B,,,1,2,2026,0.97,0.33,1.036319879010803,0.9543389812074076,,664034,593428,2,6,Top,,,,,,,3.7598431331468327,-129.38281127926763,-6.117722914039719,10.148962225589838,26.80773589132627,-27.3743757062687,3.119078084,1.574114173,,,,89.4,2361,6.6,849825,661388,641343,668930,666152,806198,694192,669003,686217,53.9,,,,,,,,44,4,Slider,1,2,2,1,2,1,2,1,Strategic,Standard,88,-0.008,0.027,,,,,-0.027,,-1,1,0.362,0.638,26,27,26,28,1,2,,,,,2.55,-0.97,-0.97,,,,,,,10,4
SI,2026-10-04,98.7,-1.34,5.76,"Uribe, Abner",669134,682842,,swinging_strike,,,,,11,,D,R,R,MIL,SD,S,,,1,1,2026,-1.21,0.55,-0.8781221596382396,2.8130533165737184,,664034,593428,2,6,Top,,,,,,,4.140955173564174,-143.63033189231768,-3.669799999442451,-17.69120538567247,35.03301779078101,-23.93008570016768,3.119078084,1.574114173,,,,99.0,2276,6.6,849825,661388,641343,668930,666152,806198,694192,669003,686217,53.92,,,,,,,,44,3,Sinker,1,2,2,1,2,1,2,1,Strategic,Standard,206,0.013,-0.061,75.8,7.4,2.473278204,,0.061,,-1,1,0.349,0.651,26,27,26,28,1,2,,,,,1.8,1.21,1.21,,5.425697379427342,2.454961537460604,26.663383307803414,27.499670032684435,21.70029239595924,10,4
SI,2026-10-04,99.4,-1.31,5.83,"Uribe, Abner",669134,682842,,foul,,,,,1,,D,R,R,MIL,SD,S,,,1,0,2026,-1.09,0.76,-0.3012326849395688,2.6926581392618925,,664034,593428,2,6,Top,,,,,,,5.351756051398769,-144.55901040661698,-4.756573781915955,-16.494402038919755,36.2707997779909,-20.60462466824351,3.119078084,1.574114173,192,75.6,30,99.4,2356,6.5,849825,661388,641343,668930,666152,806198,694192,669003,686217,54.0,,,,,,,,44,2,Sinker,1,2,2,1,2,1,2,1,Strategic,Standard,213,0.005,-0.048,75.3,7.8,,,0.048,88.0,-1,1,0.344,0.656,26,27,26,28,1,2,,,,,1.56,1.09,1.09,,6.178392054517444,-1.3065268217421635,21.99850571408165,34.029563583133566,25.09774318735345,10,4
SL,2026-10-04,89.0,-1.45,5.81,"Uribe, Abner",669134,682842,,ball,,,,,14,,D,R,R,MIL,SD,B,,,0,0,2026,0.89,0.22,0.6398357992590679,0.9245555726247292,,664034,593428,2,6,Top,,,,,,,3.1814886800934503,-129.55846484693578,-6.15092338870236,9.245062453414889,28.316930735392265,-28.5326485566955,3.119078084,1.574114173,,,,89.2,2514,6.5,849825,661388,641343,668930,666152,806198,694192,669003,686217,54.03,,,,,,,,44,1,Slider,1,2,2,1,2,1,2,1,Strategic,Standard,88,-0.003,0.029,,,,,-0.029,,-1,1,0.347,0.653,26,27,26,28,1,2,,,,,2.66,-0.89,-0.89,,,,,,,10,4
SI,2026-10-04,93.3,2.25,5.11,"Romero, JoJo",593428,668941,walk,ball,,,,,13,Xander Bogaerts walks. Ty France to 2nd.,D,R,L,MIL,SD,B,,,3,1,2026,1.1,-0.04,-0.9372470909798364,1.391997498262644,,,664034,2,6,Top,,,,,,,-10.391225035788414,-135.50496386254088,-3.4756322683685115,15.82245478757821,28.382095107508157,-32.05498774009683,3.284949147,1.657824803,,,,92.1,2219,5.6,849825,661388,641343,668930,666152,806198,694192,669003,686217,54.91,,0.69822,0.7,1,0,0,,43,5,Sinker,1,2,2,1,2,1,2,1,Strategic,Standard,114,-0.014,0.126,,,,,-0.126,,-1,1,0.361,0.639,29,33,30,34,1,2,,,,,2.66,1.1,-1.1,,,,,,,10,4
CH,2026-10-04,87.8,2.05,5.33,"Romero, JoJo",593428,668941,,ball,,,,,14,,D,R,L,MIL,SD,B,,,2,1,2026,1.02,-0.21,1.2572175547978597,1.8095023541506736,,,664034,2,6,Top,,,,,,,-3.967959083762265,-127.84632120272258,-1.773550507767927,11.984225747701313,24.67468685299005,-34.33319348218815,3.284949147,1.657824803,,,,86.7,1577,5.4,849825,661388,641343,668930,666152,806198,694192,669003,686217,55.07,,,,,,,,43,4,Changeup,1,2,2,1,2,1,2,1,Strategic,Standard,106,-0.007,0.1,,,,,-0.1,,-1,1,0.368,0.632,29,33,30,34,1,2,,,,,3.15,1.02,-1.02,,,,,,,10,4
CH,2026-10-04,87.5,2.07,5.26,"Romero, JoJo",593428,668941,,blocked_ball,,,,,13,,D,R,L,MIL,SD,B,,,1,1,2026,0.96,0.0,-0.1308231231683367,0.5270578043620411,,,664034,2,6,Top,,,,,,,-7.147477237704258,-127.12814606801952,-4.941285656606508,11.897023828025088,26.616548364717243,-31.297551300207296,3.284949147,1.657824803,,,,86.1,1517,5.5,849825,661388,641343,668930,666152,806198,694192,669003,686217,54.96,,,,,,,,43,3,Changeup,1,2,2,1,2,1,2,1,Strategic,Standard,109,-0.003,0.055,,,,,-0.055,,-1,1,0.371,0.629,29,33,30,34,1,2,,,,,2.99,0.96,-0.96,,,,,,,10,4
SI,2026-10-04,93.8,2.24,5.16,"Romero, JoJo",593428,668941,,called_strike,,,,,5,,D,R,L,MIL,SD,S,,,1,0,2026,1.08,0.2,0.2419432858806351,2.249634856044447,,,664034,2,6,Top,,,,,,,-7.400906230511556,-136.42645995917104,-1.9973693451537864,15.111401250040526,31.67976605644232,-29.432779523167056,3.284949147,1.657824803,,,,92.3,2232,5.5,849825,661388,641343,668930,666152,806198,694192,669003,686217,54.98,,,,,,,,43,2,Sinker,1,2,2,1,2,1,2,1,Strategic,Standard,116,0.003,-0.051,,,,,0.051,,-1,1,0.368,0.632,29,33,30,34,1,2,,,,,2.4,1.08,-1.08,,,,,,,10,4
SI,2026-10-04,94.3,2.24,5.16,"Romero, JoJo",593428,668941,,ball,,,,,14,,D,R,L,MIL,SD,B,,,0,0,2026,1.37,-0.01,1.120765612276617,1.8042448574370609,,,664034,2,6,Top,,,,,,,-5.879202462270112,-137.16650798329624,-2.688316926951112,18.54477723718164,34.04523181510096,-31.820294103811342,3.284949147,1.657824803,,,,92.6,2303,5.6,849825,661388,641343,668930,666152,806198,694192,669003,686217,54.93,,,,,,,,43,1,Sinker,1,2,2,1,2,1,2,1,Strategic,Standard,120,-0.002,0.037,,,,,-0.037,,-1,1,0.37,0.63,29,33,30,34,1,2,,,,,2.6,1.37,-1.37,,,,,,,10,4
CH,2026-10-04,88.8,2.01,5.3,"Romero, JoJo",669720,668941,strikeout,foul_tip,,,,,13,Austin Hays strikes out on a foul tip.,D,R,L,MIL,SD,S,2,,2,2,2026,1.02,-0.19,-0.473870002179128,1.094978317656818,,,664034,1,6,Top,,,,,,,-8.029744313537861,-129.05500170602917,-3.572679182186933,13.046374542905388,26.39506066335621,-33.74242622292319,3.141896326,1.585629921,,,,87.6,1476,5.5,849825,661388,641343,668930,666152,806198,694192,669003,686217,54.96,,0.0,0.0,1,0,0,,42,5,Changeup,1,2,2,1,2,1,2,1,Standard,Standard,102,0.027,-0.229,74.4,7.8,,,0.229,,-1,1,0.343,0.657,29,30,30,31,1,0,,,,,3.08,1.02,-1.02,,24.196741461403438,-27.10878684645501,36.05315292779296,34.27629054931187,49.26045514077733,10,4
ST,2026-10-04,82.8,2.28,5.16,"Romero, JoJo",669720,668941,,ball,,,,,14,,D,R,L,MIL,SD,B,,,1,2,2026,-1.35,0.02,0.9741768003481246,1.7645131691045068,,,664034,1,6,Top,,,,,,,-0.2553520137360449,-120.56467946412808,-1.100250827082634,-13.125594540573012,23.673183574813827,-31.935128886802243,3.141896326,1.585629921,,,,81.5,2832,5.4,849825,661388,641343,668930,666152,806198,694192,669003,686217,55.11,,,,,,,,42,4,Sweeper,1,2,2,1,2,1,2,1,Standard,Standard,298,-0.005,0.051,,,,,-0.051,,-1,1,0.348,0.652,29,30,30,31,1,0,,,,,3.3,-1.35,1.35,,,,,,,10,4
SI,2026-10-04,93.6,2.19,5.21,"Romero, JoJo",669720,668941,,foul,,,,,5,,D,R,L,MIL,SD,S,,,1,1,2026,0.91,-0.1,-0.0148133366899644,2.4526362153379506,,,664034,1,6,Top,,,,,,,-7.527886363328821,-136.1875091186714,-0.96824793004513,12.973133768779466,29.93841252985082,-33.40837395301557,3.141896326,1.585629921,248,83.5,48,92.2,2131,5.5,849825,661388,641343,668930,666152,806198,694192,669003,686217,55.01,,,,,,,,42,3,Sinker,1,2,2,1,2,1,2,1,Standard,Standard,112,0.008,-0.068,74.3,6.5,,,0.068,88.0,-1,1,0.34,0.66,29,30,30,31,1,0,,,,,2.7,0.91,-0.91,,2.6360766941421345,20.329298278061284,31.18891952943786,39.18368640361963,23.851200442622297,10,4
CH,2026-10-04,88.1,2.02,5.3,"Romero, JoJo",669720,668941,,blocked_ball,,,,,13,,D,R,L,MIL,SD,B,,,0,1,2026,1.37,0.45,-1.245945191208553,-0.0247145563539659,,,664034,1,6,Top,,,,,,,-10.532288604615216,-127.6847581967281,-7.365721329201408,17.161826311189085,25.54276371229939,-25.9001816494729,3.141896326,1.585629921,,,,86.7,1602,5.5,849825,661388,641343,668930,666152,806198,694192,669003,686217,54.96,,,,,,,,42,2,Changeup,1,2,2,1,2,1,2,1,Standard,Standard,109,-0.003,0.027,,,,,-0.027,,-1,1,0.343,0.657,29,30,30,31,1,0,,,,,2.51,1.37,-1.37,,,,,,,10,4
CH,2026-10-04,88.2,2.2,5.24,"Romero, JoJo",669720,668941,,swinging_strike,,,,,14,,D,R,L,MIL,SD,S,,,0,0,2026,1.28,0.17,0.4649013067577012,0.678678006556146,,,664034,1,6,Top,,,,,,,-6.750902700410226,-128.31742092552244,-5.082576564101352,15.498133249276068,25.34709039187508,-29.417825081526995,3.141896326,1.585629921,,,,87.1,1673,5.5,849825,661388,641343,668930,666152,806198,694192,669003,686217,54.99,,,,,,,,42,1,Changeup,1,2,2,1,2,1,2,1,Standard,Standard,104,0.005,-0.037,75.2,8.2,6.042404112,,0.037,,-1,1,0.338,0.662,29,30,30,31,1,0,,,,,2.75,1.28,-1.28,,23.30953777145416,-19.77200679505132,37.76205386583214,44.38790443054528,45.51621877618244,10,4
ST,2026-10-04,82.9,2.05,5.34,"Romero, JoJo",701538,668941,strikeout,swinging_strike,,,,,13,Jackson Merrill strikes out swinging.,D,L,L,MIL,SD,S,2,,2,2,2026,-1.45,-0.03,-0.9676697145397766,1.2413598687915588,,,664034,0,6,Top,,,,,,,-3.870058649018089,-120.80220876613356,-2.61279412505878,-13.515016576093329,22.752808858730177,-32.15354761589026,3.320054134,1.675541339,,,,81.7,2838,5.4,849825,661388,641343,668930,666152,806198,694192,669003,686217,55.15,,0.0,0.0,1,0,0,,41,5,Sweeper,1,2,2,1,2,1,2,1,Standard,Standard,303,0.031,-0.216,58.8,8.1,0.264246936,,0.216,,-1,1,0.307,0.693,29,23,30,23,1,2,,,,,3.33,-1.45,-1.45,,9.756634545565566,2.7764850355492965,42.381162234151866,45.7794694403391,30.842467233438427,10,4
ST,2026-10-04,83.3,1.92,5.36,"Romero, JoJo",701538,668941,,blocked_ball,,,,,13,,D,L,L,MIL,SD,B,,,1,2,2026,-1.56,0.19,-2.2415017560217936,0.6980627632147103,,,664034,0,6,Top,,,,,,,-6.209749953550348,-121.08512811342013,-4.278403089031013,-14.001875831063666,25.16398687626875,-29.620115338713557,3.320054134,1.675541339,,,,81.7,2914,5.4,849825,661388,641343,668930,666152,806198,694192,669003,686217,55.07,,,,,,,,41,4,Sweeper,1,2,2,1,2,1,2,1,Standard,Standard,313,-0.006,0.043,,,,,-0.043,,-1,1,0.313,0.687,29,23,30,23,1,2,,,,,3.12,-1.56,-1.56,,,,,,,10,4
ST,2026-10-04,82.8,2.11,5.34,"Romero, JoJo",701538,668941,,called_strike,,,,,5,,D,L,L,MIL,SD,S,,,1,1,2026,-1.68,0.11,0.0861142951644735,2.4386954336615343,,,664034,0,6,Top,,,,,,,-1.2056737881875084,-120.57063698729318,-0.1228976756141836,-16.06854133116727,25.361046521664093,-31.351267497319327,3.320054134,1.675541339,,,,81.2,2814,5.3,849825,661388,641343,668930,666152,806198,694192,669003,686217,55.17,,,,,,,,41,3,Sweeper,1,2,2,1,2,1,2,1,Standard,Standard,305,0.009,-0.053,,,,,0.053,,-1,1,0.304,0.696,29,23,30,23,1,2,,,,,3.24,-1.68,-1.68,,,,,,,10,4
SI,2026-10-04,93.6,1.93,5.4,"Romero, JoJo",701538,668941,,foul,,,,,8,,D,L,L,MIL,SD,S,,,1,0,2026,1.46,0.11,-0.1010172854429509,1.9785392115911948,,,664034,0,6,Top,,,,,,,-8.308719423515768,-136.07424780651735,-3.0685856068526425,19.9451793358968,29.84645185044993,-30.37851449946757,3.320054134,1.675541339,195,100.9,9,92.2,2204,5.5,849825,661388,641343,668930,666152,806198,694192,669003,686217,55.01,,,,,,,,41,2,Sinker,1,2,2,1,2,1,2,1,Standard,Standard,127,0.007,-0.053,71.0,7.1,,,0.053,100.9,-1,1,0.297,0.703,29,23,30,23,1,2,,,,,2.5,1.46,1.46,,-3.1005564038352693,26.303048579247932,39.1018787777665,36.86313187163138,17.20117447429642,10,4
SI,2026-10-04,92.4,2.09,5.31,"Romero, JoJo",701538,668941,,ball,,,,,12,,D,L,L,MIL,SD,B,,,0,0,2026,1.13,0.06,0.6009801727150752,3.74134767873607,,,664034,0,6,Top,,,,,,,-6.147299119569255,-134.4781682175182,1.7691361631916032,15.08465601359314,28.64896866953664,-32.01431264752124,3.320054134,1.675541339,,,,91.0,2026,5.4,849825,661388,641343,668930,666152,806198,694192,669003,686217,55.12,,,,,,,,41,1,Sinker,1,2,2,1,2,1,2,1,Standard,Standard,122,-0.005,0.037,,,,,-0.037,,-1,1,0.302,0.698,29,23,30,23,1,2,,,,,2.6,1.13,1.13,,,,,,,10,4
CH,2026-10-04,83.8,-1.92,5.06,"Henderson, Logan",664034,701656,hit_by_pitch,hit_by_pitch,,,,,11,Ty France hit by pitch.,D,R,R,MIL,SD,B,,,0,0,2026,-1.73,0.71,-1.876849310056448,2.8111431906513484,,,,0,6,Top,,,,,,,3.58403386185193,-121.9742735489918,0.0299018933246477,-17.949031682192146,26.661718739731405,-25.359042393537944,3.10328084,1.566141732,,,,83.3,2658,6.2,849825,661388,641343,668930,666152,806198,694192,669003,686217,54.3,,0.729166,0.7,1,0,0,,40,1,Changeup,1,2,2,1,2,1,2,1,Strategic,Standard,253,-0.038,0.445,,,,,-0.445,,-1,1,0.34,0.66,24,31,24,32,3,2,,,,,2.56,1.73,1.73,,,,,,,10,4
SI,2026-10-04,95.2,-2.67,5.76,"King, Michael",666152,650633,field_out,hit_into_play,,,,,2,David Hamilton flies out to third baseman Manny Machado in foul territory.,D,L,R,MIL,SD,X,5,fly_ball,0,2,2026,-1.47,0.67,-0.1874664940561079,2.9472135704725515,,686217,806198,2,5,Bot,67.83,151.79,,,,,9.75826743683369,-138.26757859968473,-3.019539099304106,-21.07035439501036,32.98801553352595,-23.06456847767354,3.134875328,1.582086614,187,85.6,63,94.7,2198,6.3,849825,669134,664034,630105,592518,593428,687957,701538,665487,54.22,0.009,0.008,0.0,1,0,0,3,39,5,Sinker,1,2,1,2,2,1,1,2,Strategic,Standard,221,-0.04,-0.193,71.7,6.6,,0.012,0.193,88.0,-1,-1,0.38,0.38,31,28,31,29,2,1,,,,,1.87,1.47,-1.47,,6.833642814811124,1.1799244839577965,25.97674079059147,39.78546568990423,27.4130293983147,10,4
SI,2026-10-04,95.3,-2.83,5.68,"King, Michael",666152,650633,,foul,,,,,7,,D,L,R,MIL,SD,S,,,0,2,2026,-1.35,0.79,-0.545180505369006,1.9594061047442128,,686217,806198,2,5,Bot,,,,,,,8.940809060583526,-138.4827097396531,-5.701792397525131,-19.30279299010734,30.427580196795336,-20.865161601836448,3.134875328,1.582086614,,,,94.9,2322,6.1,849825,669134,664034,630105,592518,593428,687957,701538,665487,54.42,,,,,,,,39,4,Sinker,1,2,1,2,2,1,1,2,Standard,Standard,221,0.0,0.0,69.8,7.2,,,0.0,,-1,-1,0.38,0.38,31,28,31,29,2,1,,,,,1.72,1.35,-1.35,,2.7016338217401894,6.429190501138437,31.28087286339144,43.64023914530394,22.668175812783403,10,4
ST,2026-10-04,83.2,-3.22,5.61,"King, Michael",666152,650633,,foul,,,,,5,,D,L,R,MIL,SD,S,,,0,2,2026,1.7,0.24,-0.0665502738896957,2.291008009279353,,686217,806198,2,5,Bot,,,,,,,3.7124309087197056,-121.14488722987883,-1.3892657595526798,15.93836187736404,25.145340929110866,-29.768715341011657,3.134875328,1.582086614,167,65.6,48,82.3,3044,5.8,849825,669134,664034,630105,592518,593428,687957,701538,665487,54.71,,,,,,,,39,3,Sweeper,1,2,1,2,2,1,1,2,Standard,Standard,61,0.0,0.0,66.5,7.5,,,0.0,88.0,-1,-1,0.38,0.38,31,28,31,29,2,1,,,,,3.07,-1.7,1.7,,10.440040617123165,-10.149318508044471,30.18912095653586,39.33690000995752,33.952362342053576,10,4
ST,2026-10-04,83.0,-3.13,5.5,"King, Michael",666152,650633,,called_strike,,,,,5,,D,L,R,MIL,SD,S,,,0,1,2026,1.57,0.25,-0.1544711439138644,2.5539638788420462,,686217,806198,2,5,Bot,,,,,,,3.579945219479117,-120.84904255515067,-0.577699658255569,14.691410682203909,23.12670526028416,-29.820479887202147,3.134875328,1.582086614,,,,82.7,2998,6.0,849825,669134,664034,630105,592518,593428,687957,701538,665487,54.51,,,,,,,,39,2,Sweeper,1,2,1,2,2,1,1,2,Strategic,Standard,62,-0.017,-0.057,,,,,0.057,,-1,-1,0.397,0.397,31,28,31,29,2,1,,,,,3.05,-1.57,1.57,,,,,,,10,4
ST,2026-10-04,83.6,-3.03,5.46,"King, Michael",666152,650633,,foul,,,,,9,,D,L,R,MIL,SD,S,,,0,0,2026,1.07,0.32,0.5424890100649022,2.0105245160921124,,686217,806198,2,5,Bot,,,,,,,5.947604815576217,-121.63432831547742,-1.9456683088284397,9.534035318167248,23.47438971897873,-28.838628408657264,3.134875328,1.582086614,374,101.5,29,83.2,2732,6.0,849825,669134,664034,630105,592518,593428,687957,701538,665487,54.49,,,,,,,,39,1,Sweeper,1,2,1,2,2,1,1,2,Strategic,Standard,65,-0.01,-0.035,74.9,7.9,,,0.035,101.5,-1,-1,0.407,0.407,31,28,31,29,2,1,,,,,2.94,-1.07,1.07,,23.655857662497706,-23.158535495583298,33.8946026347113,32.73110871722484,42.6230974080279,10,4
SI,2026-10-04,95.3,-2.52,5.68,"King, Michael",806198,650633,single,hit_into_play,,,,,8,Cooper Pratt singles on a ground ball to right fielder Fernando Tatis Jr. Sal Frelick to 2nd.,D,R,R,MIL,SD,X,9,ground_ball,0,1,2026,-1.3,0.69,0.272000100066748,1.8410633919411497,,,686217,2,5,Bot,189.37,124.02,,,,,10.15460224059386,-138.2861396126884,-5.741675957400587,-18.95546114072105,31.19626379364497,-22.16833897320713,3.373589239,1.702559055,37,101.6,-1,94.9,2394,6.2,849825,669134,664034,630105,592518,593428,687957,701538,665487,54.29,0.46,0.428,0.9,1,1,0,4,38,2,Sinker,1,2,1,2,2,1,1,2,Standard,Standard,218,0.037,0.384,69.4,6.6,,0.508,-0.384,101.6,-1,-1,0.37,0.37,31,21,31,22,2,1,,,,,1.84,1.3,1.3,,-8.75632845885629,16.275381233806655,46.34411040238083,32.4123726170294,16.333738764303334,10,4
SI,2026-10-04,95.0,-2.72,5.61,"King, Michael",806198,650633,,called_strike,,,,,8,,D,R,R,MIL,SD,S,,,0,0,2026,-1.38,0.61,-0.1129256338007036,1.6260921951805818,,,686217,2,5,Bot,,,,,,,9.812961843990164,-137.90252698381676,-5.876145133782904,-19.81313834970084,31.37122449875304,-23.17766885505648,3.373589239,1.702559055,,,,94.3,2385,6.0,849825,669134,664034,630105,592518,593428,687957,701538,665487,54.46,,,,,,,,38,1,Sinker,1,2,1,2,2,1,1,2,Standard,Standard,217,-0.005,-0.041,,,,,0.041,,-1,-1,0.375,0.375,31,21,31,22,2,1,,,,,1.93,1.38,1.38,,,,,,,10,4
SL,2026-10-04,86.7,-3.15,5.51,"King, Michael",686217,650633,single,hit_into_play,,,,,4,Sal Frelick singles on a line drive to left fielder Dustin Harris. Christian Yelich scores.,D,L,R,MIL,SD,X,7,line_drive,0,1,2026,0.35,-0.14,-0.5764692180724251,2.0135468075834497,,592885,,2,5,Bot,98.6,111.16,,,,,5.31376793580869,-126.28893278473925,-1.7282059483123962,2.790790117368293,22.99815273108781,-33.57258784906478,3.062910105,1.545767717,232,98.6,10,86.6,2675,6.0,849825,669134,664034,630105,592518,593428,687957,701538,665487,54.54,0.777,0.736,0.9,1,1,0,4,37,2,Slider,0,2,0,2,2,1,1,2,Standard,Standard,82,0.117,0.717,67.0,7.1,,0.907,-0.717,98.6,-2,-2,0.258,0.258,31,26,31,26,2,1,,,,,3.14,-0.35,0.35,,-2.9272068375844027,10.281958266062713,29.629151159240955,41.59798022886362,17.456502483456358,10,4
CH,2026-10-04,87.5,-3.16,5.18,"King, Michael",686217,650633,,called_strike,,,,,7,,D,L,R,MIL,SD,S,,,0,0,2026,-1.14,0.53,-0.4973702974826222,1.8036011922183723,,592885,,2,5,Bot,,,,,,,8.747847629813169,-127.27861388808988,-2.966608527750875,-14.119787343336853,23.697083480671324,-25.944470777094995,3.062910105,1.545767717,,,,88.1,1845,6.5,849825,669134,664034,630105,592518,593428,687957,701538,665487,54.04,,,,,,,,37,1,Changeup,0,2,0,2,2,0,0,2,Standard,Standard,245,-0.007,-0.039,,,,,0.039,,-2,-2,0.265,0.265,31,26,31,26,2,1,,,,,2.42,1.14,-1.14,,,,,,,10,4
CH,2026-10-04,88.6,-3.24,5.29,"King, Michael",592885,650633,double,hit_into_play,,,,,8,Christian Yelich doubles (1) on a line drive to right fielder Fernando Tatis Jr.,D,L,R,MIL,SD,X,9,line_drive,1,0,2026,-1.53,0.27,-0.1574356270086452,1.826603712557472,,,,2,5,Bot,202.41,111.89,,,,,10.630914279490703,-128.64271902158856,-2.739459588485268,-19.137153930489205,25.86391775555177,-28.824122522449017,3.368323491,1.699901575,223,90.8,17,88.4,1946,6.2,849825,669134,664034,630105,592518,593428,687957,701538,665487,54.26,0.797,0.734,1.25,1,1,1,4,36,2,Changeup,0,2,0,2,2,0,0,2,Infield shade,Standard,240,0.028,0.526,77.3,8.6,,0.917,-0.526,90.8,-2,-2,0.237,0.237,31,34,31,35,2,1,,,,,2.64,1.53,-1.53,,24.467367360490048,-10.294628281387649,40.61377908743412,38.635133766028254,40.405352639014254,10,4
SI,2026-10-04,94.4,-2.92,5.58,"King, Michael",592885,650633,,ball,,,,,14,,D,L,R,MIL,SD,B,,,0,0,2026,-1.28,0.43,0.8748049461089484,2.218073588842789,,,,2,5,Bot,,,,,,,12.538754253572408,-136.93753497069238,-3.789296080128049,-18.812321513984088,28.75830165868181,-26.049894071034373,3.368323491,1.699901575,,,,93.9,2380,6.0,849825,669134,664034,630105,592518,593428,687957,701538,665487,54.45,,,,,,,,36,1,Sinker,0,2,0,2,2,0,0,2,Infield shade,Standard,219,0.002,0.042,,,,,-0.042,,-2,-2,0.235,0.235,31,34,31,35,2,1,,,,,2.13,1.28,-1.28,,,,,,,10,4
SI,2026-10-04,94.3,-2.78,5.59,"King, Michael",669003,650633,strikeout,called_strike,,,,,3,Garrett Mitchell called out on strikes.,D,L,R,MIL,SD,S,2,,3,2,2026,-1.39,0.47,0.6177719224290599,2.8416478585821503,,,,1,5,Bot,,,,,,,11.779439877275038,-136.897205848869,-2.331117818728371,-20.0291631520162,27.9647240424726,-25.88356990921126,3.292847769,1.661811024,,,,94.0,2360,6.1,849825,669134,664034,630105,592518,593428,687957,701538,665487,54.41,,0.0,0.0,1,0,0,,35,6,Sinker,0,2,0,2,2,0,0,2,Infield shade,Standard,218,-0.027,-0.344,,,,,0.344,,-2,-2,0.262,0.262,31,27,31,28,2,1,,,,,2.09,1.39,-1.39,,,,,,,10,4
FF,2026-10-04,95.1,-2.66,5.7,"King, Michael",669003,650633,,foul,,,,,2,,D,L,R,MIL,SD,S,,,3,1,2026,-0.58,1.23,0.014982055311725,3.004856462473721,,,,1,5,Bot,,,,,,,8.224289934250566,-138.1810831630689,-3.9764041855547942,-9.349806414058158,31.837893281659632,-15.786201644356783,3.292847769,1.661811024,216,77.9,54,94.8,2391,6.2,849825,669134,664034,630105,592518,593428,687957,701538,665487,54.25,,,,,,,,35,5,4-Seam Fastball,0,2,0,2,2,0,0,2,Infield shade,Standard,218,-0.009,-0.092,72.5,6.7,,,0.092,88.0,-2,-2,0.271,0.271,31,27,31,28,2,1,,,,,1.31,0.58,-0.58,,0.4960450065566806,16.785389414040125,28.83905250617914,38.46237053278428,21.124385346220357,10,4
FF,2026-10-04,94.4,-2.87,5.6,"King, Michael",669003,650633,,called_strike,,,,,11,,D,L,R,MIL,SD,S,,,3,0,2026,-0.54,1.33,-0.1112519542598028,3.445134082706573,,,,1,5,Bot,,,,,,,8.244389954318578,-137.21972979898655,-2.7216987503661443,-8.688607749518907,31.738017502654436,-14.947258759242295,3.292847769,1.661811024,,,,93.5,2423,5.9,849825,669134,664034,630105,592518,593428,687957,701538,665487,54.59,,,,,,,,35,4,4-Seam Fastball,0,2,0,2,2,0,0,2,Infield shade,Standard,224,-0.008,-0.078,,,,,0.078,,-2,-2,0.279,0.279,31,27,31,28,2,1,,,,,1.24,0.54,-0.54,,,,,,,10,4
CH,2026-10-04,87.4,-3.19,5.29,"King, Michael",669003,650633,,ball,,,,,11,,D,L,R,MIL,SD,B,,,2,0,2026,-1.41,0.33,-1.4849959422271417,3.2988401487896417,,,,1,5,Bot,,,,,,,7.000083844919429,-127.17525221899236,0.8148849267814648,-16.68439878546727,24.70685302572421,-28.981550321160626,3.292847769,1.661811024,,,,87.5,1845,6.2,849825,669134,664034,630105,592518,593428,687957,701538,665487,54.27,,,,,,,,35,3,Changeup,0,2,0,2,2,0,0,2,Infield shade,Standard,245,0.011,0.137,,,,,-0.137,,-2,-2,0.268,0.268,31,27,31,28,2,1,,,,,2.64,1.41,-1.41,,,,,,,10,4
ST,2026-10-04,83.4,-3.12,5.31,"King, Michael",669003,650633,,ball,,,,,13,,D,L,R,MIL,SD,B,,,1,0,2026,1.04,0.36,-0.2739511060019881,1.3682061140456785,,,,1,5,Bot,,,,,,,4.339482193745362,-121.47609117978726,-3.1506814440443884,9.627930809794188,21.811483151138635,-28.210798646810265,3.292847769,1.661811024,,,,83.2,2801,5.9,849825,669134,664034,630105,592518,593428,687957,701538,665487,54.61,,,,,,,,35,2,Sweeper,0,2,0,2,2,0,0,2,Infield shade,Standard,61,0.007,0.075,,,,,-0.075,,-2,-2,0.261,0.261,31,27,31,28,2,1,,,,,2.89,-1.04,1.04,,,,,,,10,4
CH,2026-10-04,88.5,-3.14,5.32,"King, Michael",669003,650633,,ball,,,,,11,,D,L,R,MIL,SD,B,,,0,0,2026,-1.29,0.32,-1.5046830562059803,2.8587859409792653,,,,1,5,Bot,,,,,,,6.65309453671193,-128.75733190875886,-0.4931892790515837,-15.747494821313095,24.370847650038343,-28.66408101540796,3.292847769,1.661811024,,,,88.5,1868,6.1,849825,669134,664034,630105,592518,593428,687957,701538,665487,54.37,,,,,,,,35,1,Changeup,0,2,0,2,2,0,0,2,Infield shade,Standard,245,0.004,0.041,,,,,-0.041,,-2,-2,0.257,0.257,31,27,31,28,2,1,,,,,2.57,1.29,-1.29,,,,,,,10,4
CH,2026-10-04,88.1,-3.2,5.3,"King, Michael",661388,650633,field_out,hit_into_play,,,,,14,"William Contreras grounds out, shortstop Xander Bogaerts to first baseman Ty France.",D,R,R,MIL,SD,X,6,ground_ball,0,2,2026,-1.26,0.45,0.196504102715785,1.0977535377587548,,,,0,5,Bot,106.5,153.81,,,,,10.702056366260816,-127.8375027385512,-4.8092487903052,-15.973379472219673,24.414097822521143,-26.37487053852779,3.133120079,1.581200787,5,70.9,-16,87.6,1764,6.0,849825,669134,664034,630105,592518,593428,687957,701538,665487,54.54,0.036,0.032,0.0,1,0,0,2,34,3,Changeup,0,2,0,2,2,0,0,2,Strategic,Standard,242,-0.019,-0.165,64.8,8.2,,0.036,0.165,88.0,-2,-2,0.276,0.276,31,28,31,29,2,1,,,,,2.48,1.26,1.26,,10.07341264510312,-18.47401604747639,33.030742865116835,39.690455302775696,40.7979702630528,10,4
ST,2026-10-04,82.8,-3.12,5.43,"King, Michael",661388,650633,,called_strike,,,,,3,,D,R,R,MIL,SD,S,,,0,1,2026,1.42,0.36,0.2948717952797484,3.02384858209551,,,,0,5,Bot,,,,,,,4.837359459684904,-120.57639129684976,0.4375622286408788,12.873823174002272,23.3932954457618,-28.969323993625803,3.133120079,1.581200787,,,,82.2,2737,5.8,849825,669134,664034,630105,592518,593428,687957,701538,665487,54.68,,,,,,,,34,2,Sweeper,0,2,0,2,2,0,0,2,Standard,Standard,63,-0.008,-0.053,,,,,0.053,,-2,-2,0.284,0.284,31,28,31,29,2,1,,,,,2.96,-1.42,-1.42,,,,,,,10,4
FF,2026-10-04,95.6,-2.9,5.68,"King, Michael",661388,650633,,foul,,,,,2,,D,R,R,MIL,SD,S,,,0,0,2026,-0.59,1.39,0.2717586451832353,2.900591447244542,,,,0,5,Bot,,,,,,,9.511039180273436,-138.8170788725229,-4.626940703206207,-9.880926916014966,32.277717316279926,-13.3365733639044,3.133120079,1.581200787,,,,94.6,2437,5.9,849825,669134,664034,630105,592518,593428,687957,701538,665487,54.58,,,,,,,,34,1,4-Seam Fastball,0,2,0,2,2,0,0,2,Standard,Standard,226,-0.005,-0.041,78.2,7.4,,,0.041,,-2,-2,0.289,0.289,31,28,31,29,2,1,,,,,1.12,0.59,0.59,,17.50270248565993,-0.5228378000729177,27.656481389533504,40.87903660835127,28.661143320239717,10,4
CH,2026-10-04,84.9,-1.69,5.02,"Henderson, Logan",592518,701656,field_out,hit_into_play,,,,,9,"Manny Machado grounds out, shortstop Cooper Pratt to first baseman Jake Bauers.",D,R,R,MIL,SD,X,6,ground_ball,1,2,2026,-1.55,0.36,0.3089045597016968,1.7548222153664397,,687957,,2,5,Top,100.83,144.1,,,,,7.783050670660575,-123.35768698977704,-1.777380600468959,-17.40677000403058,25.62896671671324,-28.35598981151658,3.313910761,1.672440945,81,78.7,5,84.8,2593,6.4,849825,661388,641343,668930,666152,806198,694192,669003,686217,54.1,0.242,0.232,0.0,1,0,0,2,33,4,Changeup,0,2,2,0,2,0,2,0,Strategic,Standard,267,0.02,-0.193,74.9,8.6,,0.273,0.193,88.0,-2,2,0.269,0.731,24,33,24,34,3,2,,,,,2.82,1.55,1.55,,13.86039793418872,-19.340259951383192,26.023464616373747,42.24107418313457,43.974075596960304,10,4
FF,2026-10-04,94.8,-1.79,5.05,"Henderson, Logan",592518,701656,,foul,,,,,5,,D,R,R,MIL,SD,S,,,1,1,2026,-1.15,1.5,-0.0015771793409233,2.5757078603191044,,687957,,2,5,Top,,,,,,,7.222006953428167,-137.83220732001038,-4.003013860435574,-16.27323215787798,31.686394900101572,-12.417070847885329,3.313910761,1.672440945,191,68.5,56,94.6,2401,6.3,849825,661388,641343,668930,666152,806198,694192,669003,686217,54.18,,,,,,,,33,3,4-Seam Fastball,0,2,2,0,2,0,2,0,Strategic,Standard,223,0.007,-0.068,79.5,7.7,,,0.068,88.0,-2,2,0.262,0.738,24,33,24,34,3,2,,,,,1.05,1.15,1.15,,1.637920833469925,5.9257048438904585,24.06960694840565,39.34971778501698,27.616574270512157,10,4
FF,2026-10-04,94.8,-1.58,5.11,"Henderson, Logan",592518,701656,,ball,,,,,12,,D,R,R,MIL,SD,B,,,0,1,2026,-1.09,1.51,1.1713479158258522,2.500164152873518,,687957,,2,5,Top,,,,,,,9.57369845960254,-137.771804620352,-4.403626589860641,-16.02127982431339,30.35680271151101,-12.091908219376952,3.313910761,1.672440945,,,,94.9,2483,6.4,849825,661388,641343,668930,666152,806198,694192,669003,686217,54.09,,,,,,,,33,2,4-Seam Fastball,0,2,2,0,2,0,2,0,Strategic,Standard,222,-0.003,0.014,,,,,-0.014,,-2,2,0.265,0.735,24,33,24,34,3,2,,,,,1.03,1.09,1.09,,,,,,,10,4
CH,2026-10-04,85.5,-1.69,5.03,"Henderson, Logan",592518,701656,,foul,,,,,11,,D,R,R,MIL,SD,S,,,0,0,2026,-1.51,0.61,-1.1123426020605245,2.721122372561911,,687957,,2,5,Top,,,,,,,4.452686052029423,-124.51831323634534,-0.2191001468158662,-16.6279159900211,25.450075483049098,-26.02939987540915,3.313910761,1.672440945,398,105.9,34,85.6,2439,6.4,849825,661388,641343,668930,666152,806198,694192,669003,686217,54.13,,,,,,,,33,1,Changeup,0,2,2,0,2,0,2,0,Strategic,Standard,258,0.004,-0.039,79.4,8.0,,,0.039,105.9,-2,2,0.261,0.739,24,33,24,34,3,2,,,,,2.51,1.51,1.51,,12.46779414898186,-25.07137481883814,25.93395483996716,26.17124526239241,41.49389992706109,10,4
CH,2026-10-04,83.5,-1.74,4.98,"Henderson, Logan",687957,701656,force_out,hit_into_play,,,,,11,"Dustin Harris grounds into a force out, second baseman Brice Turang to shortstop Cooper Pratt. Luis Campusano scores. Fernando Tatis Jr. out at 2nd. Dustin Harris advances to 2nd, on a throwing error by shortstop Cooper Pratt.",D,L,R,MIL,SD,X,4,ground_ball,1,1,2026,-1.59,0.48,-1.0084557571424324,2.5534625612855515,669134,,665487,1,5,Top,143.81,156.93,,,,,4.8646183837920765,-121.42332731803658,0.1368396984042184,-16.644129063628164,26.217303246562267,-27.690887593382207,3.31742126,1.674212598,64,69.6,5,83.2,2505,6.4,849825,661388,641343,668930,666152,806198,694192,669003,686217,54.11,0.203,0.183,0.0,1,0,0,2,32,3,Changeup,0,1,1,0,2,0,2,0,Standard,Standard,256,-0.033,-0.261,65.3,6.3,,0.238,0.261,88.0,-1,1,0.294,0.706,24,26,24,27,3,2,,,,,2.82,1.59,-1.59,,12.682021950272112,-5.766761753860554,28.51497036274652,43.63022140135418,36.34632769728087,10,4
CH,2026-10-04,82.4,-1.78,4.98,"Henderson, Logan",687957,701656,,swinging_strike,,,,,8,,D,L,R,MIL,SD,S,,,1,0,2026,-1.56,0.4,-0.1246872568568717,2.145827557495694,669134,,665487,1,5,Top,,,,,,,6.78732156475184,-119.70170887305558,-0.4125712320974553,-16.308093768701006,25.58298243284149,-28.50724779668645,3.31742126,1.674212598,,,,82.1,2446,6.4,849825,661388,641343,668930,666152,806198,694192,669003,686217,54.1,,,,,,,,32,2,Changeup,0,1,1,0,1,0,1,0,Standard,Standard,259,0.007,-0.064,71.1,7.4,4.426679256,,0.064,,-1,1,0.287,0.713,24,26,24,27,3,2,,,,,3.0,1.56,-1.56,,30.810581768448955,-37.79253095017469,32.49763932611622,33.31357470384741,52.77532030581729,10,4
CH,2026-10-04,84.8,-1.79,4.98,"Henderson, Logan",687957,701656,,ball,,,,,13,,D,L,R,MIL,SD,B,,,0,0,2026,-1.59,0.45,-1.1661014310348004,0.8611160587267364,669134,,665487,1,5,Top,,,,,,,4.669807742587517,-123.24652181792857,-3.8704926207495385,-17.130343994128296,27.961653452351623,-26.962038038690597,3.31742126,1.674212598,,,,84.2,2497,6.3,849825,661388,641343,668930,666152,806198,694192,669003,686217,54.24,,,,,,,,32,1,Changeup,0,1,1,0,1,0,1,0,Standard,Standard,258,-0.003,0.023,,,,,-0.023,,-1,1,0.29,0.71,24,26,24,27,3,2,,,,,2.76,1.59,-1.59,,,,,,,10,4
CH,2026-10-04,85.6,-1.72,5.02,"Henderson, Logan",665487,701656,fielders_choice,hit_into_play,,,,,8,"Fernando Tatis Jr. reaches on a fielder's choice. Luis Campusano to 3rd. Luis Campusano advances to 3rd, on a fielding error by second baseman Brice Turang.",D,R,R,MIL,SD,X,4,ground_ball,0,1,2026,-1.65,0.77,-0.0757249829337873,1.571212264357169,,,669134,1,5,Top,124.44,150.53,,,,,7.212349925097372,-124.40959134161275,-3.2103051949649024,-18.57005718545111,25.741433075312298,-23.696039114246265,3.346382874,1.68882874,3,74.1,-28,85.5,2696,6.3,849825,661388,641343,668930,666152,806198,694192,669003,686217,54.17,0.053,0.048,0.9,1,0,0,2,31,2,Changeup,0,1,1,0,1,0,1,0,Standard,Standard,255,-0.075,0.492,82.8,8.3,,0.059,-0.492,88.0,-1,1,0.365,0.635,24,27,24,27,3,2,,,,,2.35,1.65,1.65,,17.07531767705058,-17.561713142359046,32.71670347560138,37.9751696845597,45.03247546981838,10,4
FF,2026-10-04,93.9,-1.74,5.06,"Henderson, Logan",665487,701656,,foul,,,,,1,,D,R,R,MIL,SD,S,,,0,0,2026,-1.04,1.36,-0.7058935816919778,2.9318068158212016,,,669134,1,5,Top,,,,,,,4.983431067619288,-136.57981273315536,-2.6303818187186847,-14.166531237753723,31.643922473325723,-14.863909017885597,3.346382874,1.68882874,179,65.4,41,93.7,2378,6.3,849825,661388,641343,668930,666152,806198,694192,669003,686217,54.19,,,,,,,,31,1,4-Seam Fastball,0,1,1,0,1,0,1,0,Standard,Standard,222,0.005,-0.037,76.9,6.5,,,0.037,88.0,-1,1,0.36,0.64,24,27,24,27,3,2,,,,,1.24,1.04,1.04,,0.0870303626889468,7.143492705823589,30.88527744517316,29.341764661745792,26.40144210070486,10,4
FF,2026-10-04,93.2,-1.73,5.04,"Henderson, Logan",630105,701656,field_out,hit_into_play,,,,,6,Jake Cronenworth pops out to second baseman Brice Turang.,D,L,R,MIL,SD,X,4,popup,0,0,2026,-0.9,1.33,0.3492700289908347,2.6649861523134835,,,669134,0,5,Top,137.73,118.96,,,,,7.266470704422767,-135.58471503565306,-3.1300157636882444,-12.683205077573604,29.526430146863703,-15.259873161784393,3.171735564,1.600688976,215,97.3,60,93.1,2246,6.2,849825,661388,641343,668930,666152,806198,694192,669003,686217,54.27,0.02,0.021,0.0,1,0,0,3,30,1,4-Seam Fastball,0,1,1,0,1,0,1,0,Standard,Standard,218,0.035,-0.245,71.2,6.9,,0.028,0.245,97.3,-1,1,0.325,0.675,24,32,24,32,2,1,,,,,1.29,0.9,-0.9,,14.70162116206132,-10.710490293194743,25.99349812920807,32.63907039643347,34.43026823401246,10,4
ST,2026-10-04,82.0,-1.75,4.96,"Henderson, Logan",669134,701656,single,hit_into_play,,,,,2,Luis Campusano singles on a line drive to left fielder Jackson Chourio.,D,R,R,MIL,SD,X,7,line_drive,1,2,2026,1.28,-0.4,0.2415721253413492,2.690077902928401,,,,0,5,Top,50.81,96.0,,,,,1.923909180144712,-119.47369399334956,2.352068856999308,11.900162654490677,22.49470686859267,-36.6711784926769,3.119078084,1.574114173,278,93.1,16,82.2,2281,6.3,849825,661388,641343,668930,666152,806198,694192,669003,686217,54.21,0.797,0.751,0.9,1,1,0,4,29,4,Sweeper,0,1,1,0,1,0,1,0,Strategic,Standard,54,-0.044,0.516,74.7,7.7,,0.943,-0.516,93.1,-1,1,0.369,0.631,24,27,24,28,2,1,,,,,3.78,-1.28,-1.28,,14.329145254813174,-14.485500248050904,21.032061239044893,37.10162432111093,32.51786086464491,10,4
FF,2026-10-04,94.2,-1.6,5.16,"Henderson, Logan",669134,701656,,ball,,,,,12,,D,R,R,MIL,SD,B,,,0,2,2026,-0.98,1.35,1.0358078774184778,4.900761953716926,,,,0,5,Top,,,,,,,8.939322959129559,-136.87585538502304,2.097073322386013,-14.281832328835776,29.81386411386865,-15.859191270567075,3.119078084,1.574114173,,,,93.9,2402,6.2,849825,661388,641343,668930,666152,806198,694192,669003,686217,54.34,,,,,,,,29,3,4-Seam Fastball,0,1,1,0,1,0,1,0,Strategic,Standard,225,-0.003,0.022,,,,,-0.022,,-1,1,0.372,0.628,24,27,24,28,2,1,,,,,1.22,0.98,0.98,,,,,,,10,4
FC,2026-10-04,88.3,-1.74,5.05,"Henderson, Logan",669134,701656,,foul,,,,,3,,D,R,R,MIL,SD,S,,,0,1,2026,0.0,0.89,0.4548981311316011,2.6651769619921097,,,,0,5,Top,,,,,,,5.291748684664866,-128.64200888488165,-1.510176654789957,-0.9877248185869478,23.64030202447617,-22.080462724606157,3.119078084,1.574114173,243,90.1,56,88.8,2482,6.3,849825,661388,641343,668930,666152,806198,694192,669003,686217,54.2,,,,,,,,29,2,Cutter,0,1,1,0,1,0,1,0,Strategic,Standard,202,0.006,-0.053,74.0,7.5,,,0.053,90.1,-1,1,0.366,0.634,24,27,24,28,2,1,,,,,2.0,0.0,0.0,,10.515319842664477,6.274436370541709,28.165490035080648,41.07628834470448,26.05572384825794,10,4
CH,2026-10-04,84.3,-1.76,5.02,"Henderson, Logan",669134,701656,,swinging_strike,,,,,8,,D,R,R,MIL,SD,S,,,0,0,2026,-1.73,0.39,-0.1799098466410282,1.7179376541476068,,,,0,5,Top,,,,,,,7.101121525648472,-122.63225374033324,-1.87195160073502,-18.82114436316235,24.09494260335571,-28.040163434525656,3.119078084,1.574114173,,,,84.2,2593,6.2,849825,661388,641343,668930,666152,806198,694192,669003,686217,54.3,,,,,,,,29,1,Changeup,0,1,1,0,1,0,1,0,Strategic,Standard,257,0.004,-0.041,75.3,8.8,1.545161184,,0.041,,-1,1,0.362,0.638,24,27,24,28,2,1,,,,,2.81,1.73,1.73,,20.35477958699774,-43.75133404087596,29.311960211028985,35.222623919209084,50.90556226746244,10,4
SL,2026-10-04,86.8,-2.97,5.53,"King, Michael",641343,650633,strikeout,swinging_strike_blocked,,,,,14,Jake Bauers strikes out swinging.,D,L,R,MIL,SD,S,2,,2,2,2026,0.37,-0.28,0.5419185760843017,0.7652966447750638,,,,2,4,Bot,,,,,,,7.47011050463061,-126.2826411582998,-4.416320461163633,2.5462243603102737,23.75807786915705,-34.476866694731044,3.217372047,1.623720472,,,,86.5,2692,5.9,849825,669134,664034,630105,592518,593428,687957,701538,665487,54.59,,0.0,0.0,1,0,0,,28,5,Slider,0,1,0,1,1,0,0,1,Infield shade,Standard,78,-0.012,-0.224,40.0,7.6,4.211098164,,0.224,,-1,-1,0.374,0.374,31,30,31,31,2,1,,,,,3.28,-0.37,0.37,,0.4587351413850222,9.02197242155059,45.64411568739502,28.70627721672109,23.13871856137644,10,4
CH,2026-10-04,89.1,-2.89,5.37,"King, Michael",641343,650633,,swinging_strike,,,,,9,,D,L,R,MIL,SD,S,,,2,1,2026,-1.3,0.66,0.2928938420363676,1.6316425716399774,,,,2,4,Bot,,,,,,,10.4675658806039,-129.408141333909,-4.345797101851841,-16.775029581408614,25.350832241565097,-24.031125783104187,3.217372047,1.623720472,,,,89.0,1971,6.2,849825,669134,664034,630105,592518,593428,687957,701538,665487,54.3,,,,,,,,28,4,Changeup,0,1,0,1,1,0,0,1,Infield shade,Standard,236,-0.004,-0.079,78.7,9.0,3.59032002,,0.079,,-1,-1,0.378,0.378,31,30,31,31,2,1,,,,,2.21,1.3,-1.3,,28.90246916868923,-34.58778236897146,37.70508468094999,33.2957763309653,49.37460649790851,10,4
ST,2026-10-04,83.4,-2.99,5.47,"King, Michael",641343,650633,,ball,,,,,11,,D,L,R,MIL,SD,B,,,1,1,2026,1.14,0.32,-0.8781434408164966,2.9896072469372674,,,,2,4,Bot,,,,,,,2.5140679298718625,-121.54534961291492,0.219573303659467,10.835015536914678,22.987887447437288,-29.218856035212195,3.217372047,1.623720472,,,,83.0,2979,5.8,849825,669134,664034,630105,592518,593428,687957,701538,665487,54.66,,,,,,,,28,3,Sweeper,0,1,0,1,1,0,0,1,Infield shade,Standard,70,0.003,0.054,,,,,-0.054,,-1,-1,0.375,0.375,31,30,31,31,2,1,,,,,2.94,-1.14,1.14,,,,,,,10,4
CH,2026-10-04,89.5,-3.1,5.35,"King, Michael",641343,650633,,ball,,,,,13,,D,L,R,MIL,SD,B,,,0,1,2026,-1.37,0.6,-1.7445010979121165,2.352168274901514,,,,2,4,Bot,,,,,,,6.165079690505451,-130.19063983513504,-2.4910804720948687,-16.847667276155352,26.168555313379567,-25.05570269837847,3.217372047,1.623720472,,,,88.9,1952,5.9,849825,669134,664034,630105,592518,593428,687957,701538,665487,54.65,,,,,,,,28,2,Changeup,0,1,0,1,1,0,0,1,Infield shade,Standard,241,0.001,0.032,,,,,-0.032,,-1,-1,0.374,0.374,31,30,31,31,2,1,,,,,2.24,1.37,-1.37,,,,,,,10,4
FF,2026-10-04,95.7,-2.65,5.63,"King, Michael",641343,650633,,foul,,,,,6,,D,L,R,MIL,SD,S,,,0,0,2026,-0.51,1.28,0.3475426468927626,2.161275127074597,,,,2,4,Bot,,,,,,,8.908637396528636,-139.06900787366078,-6.221584558033254,-8.657115888784446,31.62855277591838,-14.298694108561294,3.217372047,1.623720472,154,78.3,68,95.1,2435,6.0,849825,669134,664034,630105,592518,593428,687957,701538,665487,54.47,,,,,,,,28,1,4-Seam Fastball,0,1,0,1,1,0,0,1,Infield shade,Standard,219,-0.002,-0.046,79.9,8.0,,,0.046,88.0,-1,-1,0.376,0.376,31,30,31,31,2,1,,,,,1.22,0.51,-0.51,,13.196800966421236,-1.1017641004918295,37.84484604781108,32.6176991621656,26.1929216203713,10,4
FF,2026-10-04,94.5,-2.64,5.71,"King, Michael",668930,650633,field_out,hit_into_play,,,,,12,"Brice Turang grounds out, third baseman Manny Machado to first baseman Ty France.",D,L,R,MIL,SD,X,5,ground_ball,3,2,2026,-0.33,1.35,0.3481859022057096,3.809227810574333,,,,1,4,Bot,100.52,140.9,,,,,8.36632416955068,-137.39424247433945,-2.142886131322741,-5.98920978736408,30.64967059065305,-14.863370453113442,3.21035105,1.620177165,103,88.0,6,94.0,2477,6.1,849825,669134,664034,630105,592518,593428,687957,701538,665487,54.42,0.44,0.418,0.0,1,0,0,4,27,6,4-Seam Fastball,0,1,0,1,1,0,0,1,Infield shade,Standard,214,-0.027,-0.344,53.6,5.2,,0.508,0.344,88.0,-1,-1,0.403,0.403,31,26,31,27,2,1,,,,,1.21,0.33,-0.33,,9.642015651035504,27.565488908719324,19.296068846802097,29.43352732535875,23.338778694559156,10,4
SI,2026-10-04,96.0,-2.64,5.92,"King, Michael",668930,650633,,ball,,,,,11,,D,L,R,MIL,SD,B,,,2,2,2026,-1.45,0.46,-1.4480318122297884,4.204650074990926,,,,1,4,Bot,,,,,,,6.3761229868688485,-139.61896561299838,0.1687437809846467,-20.38142443303504,32.67718865953766,-26.47665217910527,3.21035105,1.620177165,,,,95.0,2366,5.8,849825,669134,664034,630105,592518,593428,687957,701538,665487,54.66,,,,,,,,27,5,Sinker,0,1,0,1,1,0,0,1,Infield shade,Standard,215,0.008,0.111,,,,,-0.111,,-1,-1,0.395,0.395,31,26,31,27,2,1,,,,,2.03,1.45,-1.45,,,,,,,10,4
CH,2026-10-04,90.7,-2.97,5.35,"King, Michael",668930,650633,,ball,,,,,14,,D,L,R,MIL,SD,B,,,1,2,2026,-1.51,0.32,1.1903562787017044,-0.0584402399265262,,,,1,4,Bot,,,,,,,13.409723091940274,-131.20381296724827,-7.905067751378985,-20.240052324183345,26.99872514431646,-26.8698523409251,3.21035105,1.620177165,,,,89.8,1792,6.0,849825,669134,664034,630105,592518,593428,687957,701538,665487,54.47,,,,,,,,27,4,Changeup,0,1,0,1,1,0,0,1,Infield shade,Standard,241,0.004,0.051,,,,,-0.051,,-1,-1,0.391,0.391,31,26,31,27,2,1,,,,,2.48,1.51,-1.51,,,,,,,10,4
SL,2026-10-04,88.0,-2.88,5.63,"King, Michael",668930,650633,,ball,,,,,14,,D,L,R,MIL,SD,B,,,0,2,2026,0.13,0.07,1.2913855258743092,0.0142949375764835,,,,1,4,Bot,,,,,,,9.62206614594338,-127.7809789394275,-7.372450235151314,-0.3625257967748418,24.28142596324278,-30.09352982174143,3.21035105,1.620177165,,,,87.6,2690,6.0,849825,669134,664034,630105,592518,593428,687957,701538,665487,54.52,,,,,,,,27,3,Slider,0,1,0,1,1,0,0,1,Infield shade,Standard,91,0.002,0.019,,,,,-0.019,,-1,-1,0.389,0.389,31,26,31,27,2,1,,,,,2.86,-0.13,0.13,,,,,,,10,4
FF,2026-10-04,96.2,-2.76,5.76,"King, Michael",668930,650633,,foul,,,,,1,,D,L,R,MIL,SD,S,,,0,1,2026,-0.88,1.1,-0.5811151369473507,3.2781004859140817,,,,1,4,Bot,,,,,,,7.685731823627408,-139.9169658403722,-3.3618677420443976,-13.226741630873189,30.31649546653568,-17.113309583716592,3.21035105,1.620177165,251,79.4,36,95.8,2465,6.0,849825,669134,664034,630105,592518,593428,687957,701538,665487,54.49,,,,,,,,27,2,4-Seam Fastball,0,1,0,1,1,0,0,1,Infield shade,Standard,219,-0.006,-0.057,55.2,5.6,,,0.057,88.0,-1,-1,0.395,0.395,31,26,31,27,2,1,,,,,1.36,0.88,-0.88,,-6.600847803035529,33.53960091385307,24.037842802397183,40.5949434074436,11.82393628849312,10,4
SL,2026-10-04,87.5,-3.08,5.48,"King, Michael",668930,650633,,foul,,,,,5,,D,L,R,MIL,SD,S,,,0,0,2026,0.35,0.22,-0.060357292839599,2.3897105881348004,,,,1,4,Bot,,,,,,,6.415661028153327,-127.46639727172342,-1.6827341910228562,2.7492917332624547,21.40213251396143,-29.65141103139271,3.21035105,1.620177165,207,76.1,52,87.6,2575,5.9,849825,669134,664034,630105,592518,593428,687957,701538,665487,54.61,,,,,,,,27,1,Slider,0,1,0,1,1,0,0,1,Infield shade,Standard,138,-0.003,-0.041,71.0,6.6,,,0.041,88.0,-1,-1,0.398,0.398,31,26,31,27,2,1,,,,,2.71,-0.35,0.35,,0.8576424436385227,14.614075624879955,37.014620986138304,34.98818994762518,30.66011531850932,10,4
ST,2026-10-04,82.2,-3.1,5.51,"King, Michael",694192,650633,field_out,hit_into_play,,,,,6,Jackson Chourio flies out to right fielder Fernando Tatis Jr.,D,R,R,MIL,SD,X,9,fly_ball,1,1,2026,1.8,0.08,0.54855507309712,2.4183454022373723,,,,0,4,Bot,161.54,107.61,,,,,4.565624237752031,-119.60457115414344,-0.3516944635199794,16.167556525840862,25.59525514635004,-31.59003162323022,3.237557415,1.63390748,244,75.4,30,81.2,2874,5.9,849825,669134,664034,630105,592518,593428,687957,701538,665487,54.63,0.391,0.371,0.0,1,0,0,3,26,3,Sweeper,0,1,0,1,1,0,0,1,Standard,Standard,60,-0.028,-0.246,76.6,7.6,,0.454,0.246,88.0,-1,-1,0.426,0.426,31,22,31,22,2,1,,,,,3.33,-1.8,-1.8,,18.0005026375259,-8.230034754251857,25.108828283144888,44.27658209021608,41.54510862450199,10,4
SL,2026-10-04,87.0,-3.0,5.55,"King, Michael",694192,650633,,ball,,,,,3,,D,R,R,MIL,SD,B,,,0,1,2026,0.43,0.1,0.7296163999519,3.214307924635481,,,,0,4,Bot,,,,,,,7.853416433487495,-126.62384869795478,0.4820907297432357,3.2037128266747694,23.40484555690593,-31.38047517779766,3.237557415,1.63390748,,,,86.6,2688,5.8,849825,669134,664034,630105,592518,593428,687957,701538,665487,54.68,,,,,,,,26,2,Slider,0,1,0,1,1,0,0,1,Standard,Standard,110,0.003,0.029,,,,,-0.029,,-1,-1,0.423,0.423,31,22,31,22,2,1,,,,,2.89,-0.43,-0.43,,,,,,,10,4
SL,2026-10-04,87.5,-3.03,5.61,"King, Michael",694192,650633,,called_strike,,,,,6,,D,R,R,MIL,SD,S,,,0,0,2026,0.39,0.09,0.7295928086130603,2.184088071081017,,,,0,4,Bot,,,,,,,8.080517906535507,-127.30533454024686,-2.1459384879279964,2.7049119769893677,24.22706394968636,-30.932241874878947,3.237557415,1.63390748,,,,87.3,2720,6.0,849825,669134,664034,630105,592518,593428,687957,701538,665487,54.5,,,,,,,,26,1,Slider,0,1,0,1,1,0,0,1,Standard,Standard,113,-0.005,-0.041,,,,,0.041,,-1,-1,0.428,0.428,31,22,31,22,2,1,,,,,2.87,-0.39,-0.39,,,,,,,10,4
CH,2026-10-04,85.7,-1.74,4.96,"Henderson, Logan",593428,701656,strikeout,swinging_strike,,,,,8,Xander Bogaerts strikes out swinging.,D,R,R,MIL,SD,S,2,,1,2,2026,-1.49,0.44,0.1228387407977504,1.6166275240793464,,,,2,4,Top,,,,,,,7.424837074693036,-124.47313188202314,-2.2124575210992634,-17.04450326236851,27.819718613671668,-27.40548339346505,3.284949147,1.657824803,,,,85.3,2578,6.4,849825,661388,641343,668930,666152,806198,694192,669003,686217,54.08,,0.0,0.0,1,0,0,,25,4,Changeup,0,1,1,0,1,0,1,0,Strategic,Standard,258,0.008,-0.184,55.1,8.1,0.495886764,,0.184,,-1,1,0.42,0.58,24,33,24,34,2,1,,,,,2.71,1.49,1.49,,25.87368530936568,-32.4630321892465,37.773326094792885,35.78822079889424,46.43177272648545,10,4
FC,2026-10-04,87.2,-1.85,4.98,"Henderson, Logan",593428,701656,,foul,,,,,1,,D,R,R,MIL,SD,S,,,1,1,2026,0.13,0.87,-0.3109516281194636,2.981357456158168,,,,2,4,Top,,,,,,,3.3736632104769573,-127.06883742629768,-0.3970663335755451,0.8486098433061153,22.303030086326203,-22.71587678287153,3.284949147,1.657824803,4,82.3,-40,87.8,2253,6.3,849825,661388,641343,668930,666152,806198,694192,669003,686217,54.2,,,,,,,,25,3,Cutter,0,1,1,0,1,0,1,0,Strategic,Standard,202,0.002,-0.065,71.2,6.3,,,0.065,88.0,-1,1,0.418,0.582,24,33,24,34,2,1,,,,,2.08,-0.13,-0.13,,12.190848819528307,-3.430040943849886,28.284684449216137,31.03437834903368,33.11724243342933,10,4
FF,2026-10-04,93.2,-1.67,5.02,"Henderson, Logan",593428,701656,,called_strike,,,,,8,,D,R,R,MIL,SD,S,,,1,0,2026,-0.97,1.31,0.2702459249361559,1.9716352407487217,,,,2,4,Top,,,,,,,7.103116371504747,-135.64385968514333,-4.868303519663703,-13.484589597565202,27.213219965751584,-15.023619645962304,3.284949147,1.657824803,,,,93.6,2146,6.3,849825,661388,641343,668930,666152,806198,694192,669003,686217,54.16,,,,,,,,25,2,4-Seam Fastball,0,1,1,0,1,0,1,0,Strategic,Standard,223,0.002,-0.056,,,,,0.056,,-1,1,0.416,0.584,24,33,24,34,2,1,,,,,1.29,0.97,0.97,,,,,,,10,4
CH,2026-10-04,83.3,-1.73,4.92,"Henderson, Logan",593428,701656,,ball,,,,,14,,D,R,R,MIL,SD,B,,,0,0,2026,-1.67,0.49,0.5113314488153604,1.0363260865966772,,,,2,4,Top,,,,,,,8.421013259596904,-121.00165760696493,-3.181770885985236,-18.092923018148262,23.498442720874397,-26.970801268397544,3.284949147,1.657824803,,,,83.3,2545,6.3,849825,661388,641343,668930,666152,806198,694192,669003,686217,54.16,,,,,,,,25,1,Changeup,0,1,1,0,1,0,1,0,Strategic,Standard,260,-0.001,0.042,,,,,-0.042,,-1,1,0.417,0.583,24,33,24,34,2,1,,,,,2.81,1.67,1.67,,,,,,,10,4
FF,2026-10-04,92.7,-1.66,5.09,"Henderson, Logan",657757,701656,field_out,hit_into_play,,,,,1,Gavin Sheets pops out to catcher William Contreras in foul territory.,D,L,R,MIL,SD,X,2,popup,1,1,2026,-1.02,1.39,-0.3679607382677641,3.2428738582233496,,,,1,4,Top,119.75,225.61,,,,,5.510929830567045,-134.94070697336846,-1.8892803782182936,-13.684131895673952,28.197140877683037,-14.926729874446842,3.350770997,1.691043307,55,83.1,87,92.7,2343,6.2,849825,661388,641343,668930,666152,806198,694192,669003,686217,54.3,0.003,0.003,0.0,1,0,0,3,24,3,4-Seam Fastball,0,1,1,0,1,0,1,0,Standard,Standard,217,0.016,-0.252,76.8,7.6,,0.003,0.252,88.0,-1,1,0.401,0.599,24,30,24,30,2,1,,,,,1.25,1.02,-1.02,,8.653812569407203,-12.53967027963702,16.245760370224144,41.4408570195852,34.89989005555928,10,4
CH,2026-10-04,84.4,-1.66,5.08,"Henderson, Logan",657757,701656,,called_strike,,,,,8,,D,L,R,MIL,SD,S,,,1,0,2026,-1.46,0.56,-0.0955845574270843,2.197517785307806,,,,1,4,Top,,,,,,,6.533542464067067,-122.76234256389712,-1.2812781180173318,-16.010821567005788,23.854770362122256,-26.46747213660078,3.350770997,1.691043307,,,,84.4,2469,6.2,849825,661388,641343,668930,666152,806198,694192,669003,686217,54.26,,,,,,,,24,2,Changeup,0,1,1,0,1,0,1,0,Standard,Standard,254,0.003,-0.049,,,,,0.049,,-1,1,0.398,0.602,24,30,24,30,2,1,,,,,2.64,1.46,-1.46,,,,,,,10,4
FF,2026-10-04,93.0,-1.73,5.17,"Henderson, Logan",657757,701656,,ball,,,,,11,,D,L,R,MIL,SD,B,,,0,0,2026,-0.98,1.44,-0.2032572612730196,4.09857016078984,,,,1,4,Top,,,,,,,6.033372977339368,-135.40977023523996,-0.0935810609027656,-13.338195005390563,28.51362684792932,-14.538645264517088,3.350770997,1.691043307,,,,93.0,2383,6.2,849825,661388,641343,668930,666152,806198,694192,669003,686217,54.3,,,,,,,,24,1,4-Seam Fastball,0,1,1,0,1,0,1,0,Standard,Standard,220,-0.002,0.041,,,,,-0.041,,-1,1,0.4,0.6,24,30,24,30,2,1,,,,,1.18,0.98,-0.98,,,,,,,10,4
CH,2026-10-04,83.9,-1.77,5.04,"Henderson, Logan",701538,701656,field_out,hit_into_play,,,,,4,Jackson Merrill lines out to shortstop Cooper Pratt.,D,L,R,MIL,SD,X,6,line_drive,0,0,2026,-1.5,0.55,-0.6197092929248695,2.391538678020595,,,,0,4,Top,120.02,138.2,,,,,5.647132332796235,-122.11708492971692,-0.6514525677659069,-16.15715570700966,23.800517142384752,-26.710157413578283,3.320054134,1.675541339,198,98.8,12,83.9,2517,6.2,849825,661388,641343,668930,666152,806198,694192,669003,686217,54.26,0.94,0.882,0.0,1,0,0,4,23,1,Changeup,0,1,1,0,1,0,1,0,Standard,Standard,258,0.023,-0.259,,,,1.084,0.259,98.8,-1,1,0.377,0.623,24,23,24,23,2,1,,,,,2.68,1.5,-1.5,,,,,,,10,4
SI,2026-10-04,95.2,-2.84,5.66,"King, Michael",666152,650633,strikeout,called_strike,,,,,3,"Luis Campusano challenged (pitch result), call on the field was overturned: David Hamilton called out on strikes.",D,L,R,MIL,SD,S,2,,3,2,2026,-1.38,0.59,0.7025481593756253,3.19521317941783,,,,2,3,Bot,,,,,,,12.243340851449538,-138.10660939637089,-1.9595373689481657,-20.405009943058616,29.98060454244233,-24.39987028962963,3.134875328,1.582086614,,,,94.7,2405,6.1,849825,669134,664034,630105,592518,593428,687957,701538,665487,54.41,,0.0,0.0,1,0,0,,22,7,Sinker,0,1,0,1,1,0,0,1,Infield shade,Standard,226,-0.015,-0.308,,,,,0.308,,-1,-1,0.392,0.392,31,28,31,29,1,0,,,,,1.94,1.38,-1.38,,,,,,,10,4
CH,2026-10-04,88.7,-3.03,5.3,"King, Michael",666152,650633,,foul,,,,,13,,D,L,R,MIL,SD,S,,,3,2,2026,-1.39,0.47,-0.7449097869651873,1.4139558824899074,,,,2,3,Bot,,,,,,,8.412808576820227,-128.9472191133156,-4.231219679299061,-17.230393359284083,25.18871816578764,-26.233157618920533,3.134875328,1.582086614,89,61.0,13,88.4,1937,6.0,849825,669134,664034,630105,592518,593428,687957,701538,665487,54.46,,,,,,,,22,6,Changeup,0,1,0,1,1,0,0,1,Infield shade,Standard,243,0.0,0.0,58.5,7.9,,,0.0,88.0,-1,-1,0.392,0.392,31,28,31,29,1,0,,,,,2.42,1.39,-1.39,,11.386957531614554,-18.64694162765417,30.20387844204329,45.95479547464664,35.09796517525288,10,4
CH,2026-10-04,88.5,-3.1,5.34,"King, Michael",666152,650633,,ball,,,,,13,,D,L,R,MIL,SD,B,,,2,2,2026,-1.22,0.6,-1.7996767966866385,2.067474594436126,,,,2,3,Bot,,,,,,,5.6785275078568,-128.77253769699354,-2.967300739699266,-14.766558646374785,25.912540008840093,-25.104006285633258,3.134875328,1.582086614,,,,88.1,1922,6.0,849825,669134,664034,630105,592518,593428,687957,701538,665487,54.52,,,,,,,,22,5,Changeup,0,1,0,1,1,0,0,1,Infield shade,Standard,242,0.004,0.085,,,,,-0.085,,-1,-1,0.388,0.388,31,28,31,29,1,0,,,,,2.31,1.22,-1.22,,,,,,,10,4
CH,2026-10-04,88.6,-3.27,5.35,"King, Michael",666152,650633,,ball,,,,,11,,D,L,R,MIL,SD,B,,,1,2,2026,-1.27,0.56,-1.9852580102171868,2.981716947502644,,,,2,3,Bot,,,,,,,5.744548275685541,-129.08058405376087,-0.8147148954994342,-15.399718018418865,23.861806050077668,-25.912336765488934,3.134875328,1.582086614,,,,88.3,1882,5.8,849825,669134,664034,630105,592518,593428,687957,701538,665487,54.69,,,,,,,,22,4,Changeup,0,1,0,1,1,0,0,1,Infield shade,Standard,244,0.002,0.04,,,,,-0.04,,-1,-1,0.386,0.386,31,28,31,29,1,0,,,,,2.31,1.27,-1.27,,,,,,,10,4
CH,2026-10-04,90.5,-3.13,5.41,"King, Michael",666152,650633,,ball,,,,,14,,D,L,R,MIL,SD,B,,,0,2,2026,-1.49,0.22,0.4522757570042146,0.3325876531816369,,,,2,3,Bot,,,,,,,11.904349519068532,-131.17089630252,-6.866873034442996,-19.653682321461496,26.969349323054796,-28.29843111148228,3.134875328,1.582086614,,,,89.7,1846,5.9,849825,669134,664034,630105,592518,593428,687957,701538,665487,54.57,,,,,,,,22,3,Changeup,0,1,0,1,1,0,0,1,Infield shade,Standard,249,0.001,0.029,,,,,-0.029,,-1,-1,0.385,0.385,31,28,31,29,1,0,,,,,2.58,1.49,-1.49,,,,,,,10,4
FF,2026-10-04,95.3,-2.84,5.77,"King, Michael",666152,650633,,called_strike,,,,,1,,D,L,R,MIL,SD,S,,,0,1,2026,-0.24,1.27,-0.6386589210360116,3.0304114767556243,,,,2,3,Bot,,,,,,,6.223801897827413,-138.5837714632623,-4.224103171156566,-4.549672316983301,31.66567642573098,-15.00676660220554,3.134875328,1.582086614,,,,94.5,2432,5.9,849825,669134,664034,630105,592518,593428,687957,701538,665487,54.59,,,,,,,,22,2,4-Seam Fastball,0,1,0,1,1,0,0,1,Strategic,Standard,221,-0.003,-0.062,,,,,0.062,,-1,-1,0.388,0.388,31,28,31,29,1,0,,,,,1.24,0.24,-0.24,,,,,,,10,4
FF,2026-10-04,94.6,-2.77,5.63,"King, Michael",666152,650633,,called_strike,,,,,6,,D,L,R,MIL,SD,S,,,0,0,2026,-0.39,1.37,0.7958928731948685,2.18020259988694,,,,2,3,Bot,,,,,,,9.977468032467566,-137.24439124299735,-6.134691117798795,-7.1359057928783285,31.276656276083283,-13.662684284934096,3.134875328,1.582086614,,,,93.8,2478,6.1,849825,669134,664034,630105,592518,593428,687957,701538,665487,54.44,,,,,,,,22,1,4-Seam Fastball,0,1,0,1,1,0,0,1,Strategic,Standard,222,-0.002,-0.046,,,,,0.046,,-1,-1,0.39,0.39,31,28,31,29,1,0,,,,,1.2,0.39,-0.39,,,,,,,10,4
SI,2026-10-04,95.3,-2.68,5.7,"King, Michael",806198,650633,field_out,hit_into_play,,,,,1,"Cooper Pratt grounds out softly, third baseman Manny Machado to first baseman Ty France.",D,R,R,MIL,SD,X,5,ground_ball,0,1,2026,-1.29,0.58,-0.719904994465008,2.89135042515484,,,,1,3,Bot,118.66,190.01,,,,,7.941294281558609,-138.56535357963585,-2.849085863427992,-18.32503493120808,30.14880389537405,-24.24510537689224,3.373589239,1.702559055,1,51.6,-70,94.5,2329,5.8,849825,669134,664034,630105,592518,593428,687957,701538,665487,54.71,0.261,0.235,0.0,1,0,0,1,21,2,Sinker,0,1,0,1,1,0,0,1,Standard,Standard,222,-0.016,-0.22,58.9,5.4,,0.264,0.22,88.0,-1,-1,0.406,0.406,31,21,31,22,1,0,,,,,1.93,1.29,1.29,,-5.409961542464952,18.050478931223743,34.34928418205104,21.84049722202385,20.583110846282526,10,4
ST,2026-10-04,83.7,-2.95,5.6,"King, Michael",806198,650633,,foul,,,,,2,,D,R,R,MIL,SD,S,,,0,0,2026,1.37,0.29,0.2053567596605137,3.207020319863373,,,,1,3,Bot,,,,,,,4.405232778103382,-121.88455734069152,0.5001640297963281,12.8214378576873,24.193066384516243,-29.62585314204224,3.373589239,1.702559055,270,84.7,44,83.2,3008,5.9,849825,669134,664034,630105,592518,593428,687957,701538,665487,54.59,,,,,,,,21,1,Sweeper,0,1,0,1,1,0,0,1,Standard,Standard,59,-0.003,-0.041,64.9,5.7,,,0.041,88.0,-1,-1,0.409,0.409,31,21,31,22,1,0,,,,,2.96,-1.37,-1.37,,0.6464414925123635,14.189392794485329,28.874946982940177,32.3597857533833,26.24462150336772,10,4
CH,2026-10-04,89.3,-3.17,5.4,"King, Michael",686217,650633,field_out,hit_into_play,,,,,14,"Sal Frelick grounds out, first baseman Ty France to pitcher Michael King.",D,L,R,MIL,SD,X,3,ground_ball,0,1,2026,-1.41,0.34,0.0676940488455963,1.1044957440648573,,,,0,3,Bot,163.55,168.06,,,,,10.801376832960049,-129.64602615000553,-5.034843287216849,-18.07939059788393,25.189119937153457,-27.464361616097285,3.062910105,1.545767717,25,82.1,-1,88.9,1979,6.0,849825,669134,664034,630105,592518,593428,687957,701538,665487,54.49,0.203,0.183,0.0,1,0,0,2,20,2,Changeup,0,1,0,1,1,0,0,1,Standard,Standard,241,-0.024,-0.218,71.2,7.8,,0.226,0.218,88.0,-1,-1,0.433,0.433,31,26,31,26,1,0,,,,,2.51,1.41,-1.41,,14.013931452877756,-11.815454759990464,38.50935567150852,34.13931382061389,33.40630910108466,10,4
FF,2026-10-04,95.9,-2.79,5.67,"King, Michael",686217,650633,,called_strike,,,,,2,,D,L,R,MIL,SD,S,,,0,0,2026,-0.44,1.32,-0.0857428267745961,2.64350074074023,,,,0,3,Bot,,,,,,,8.011256660635556,-139.47060241820125,-5.175978945686929,-7.541200219502139,31.10291506412493,-14.005451153232732,3.062910105,1.545767717,,,,95.2,2462,5.9,849825,669134,664034,630105,592518,593428,687957,701538,665487,54.6,,,,,,,,20,1,4-Seam Fastball,0,1,0,1,1,0,0,1,Standard,Standard,226,-0.004,-0.041,,,,,0.041,,-1,-1,0.437,0.437,31,26,31,26,1,0,,,,,1.16,0.44,-0.44,,,,,,,10,4
ST,2026-10-04,83.2,-1.71,4.97,"Henderson, Logan",664034,701656,strikeout,called_strike,,,,,2,"William Contreras challenged (pitch result), call on the field was overturned: Ty France called out on strikes.",D,R,R,MIL,SD,S,2,,0,2,2026,1.27,-0.28,0.1112401789412934,3.0934938908110565,,,,2,3,Top,,,,,,,1.595016292727855,-121.09145692789116,2.9044193534857707,12.139711688098878,24.22831155746738,-35.76069331867988,3.10328084,1.566141732,,,,83.1,2285,6.3,849825,661388,641343,668930,666152,806198,694192,669003,686217,54.22,,0.0,0.0,1,0,0,,19,3,Sweeper,0,1,1,0,1,0,1,0,Strategic,Standard,48,0.007,-0.155,,,,,0.155,,-1,1,0.43,0.57,24,31,24,32,2,1,,,,,3.58,-1.27,-1.27,,,,,,,10,4
ST,2026-10-04,80.4,-1.77,4.92,"Henderson, Logan",664034,701656,,called_strike,,,,,5,,D,R,R,MIL,SD,S,,,0,1,2026,1.39,-0.34,0.0924851351363083,2.3312175598738185,,,,2,3,Top,,,,,,,1.387774882544429,-117.0874596136725,1.785591213919393,12.558155199191344,22.235838224869656,-35.842858650249504,3.10328084,1.566141732,,,,80.6,2331,6.4,849825,661388,641343,668930,666152,806198,694192,669003,686217,54.1,,,,,,,,19,2,Sweeper,0,1,1,0,1,0,1,0,Strategic,Standard,41,0.002,-0.062,,,,,0.062,,-1,1,0.428,0.572,24,31,24,32,2,1,,,,,3.86,-1.39,-1.39,,,,,,,10,4
FC,2026-10-04,88.9,-1.65,5.04,"Henderson, Logan",664034,701656,,called_strike,,,,,3,,D,R,R,MIL,SD,S,,,0,0,2026,-0.06,0.87,0.3021319503645739,2.632765953163106,,,,2,3,Top,,,,,,,4.87503392468658,-129.50869925368403,-1.585390933324919,-1.6361841706128224,24.87613634057261,-22.202260745626216,3.10328084,1.566141732,,,,89.5,2347,6.4,849825,661388,641343,668930,666152,806198,694192,669003,686217,54.09,,,,,,,,19,1,Cutter,0,1,1,0,1,0,1,0,Strategic,Standard,199,0.002,-0.046,,,,,0.046,,-1,1,0.426,0.574,24,31,24,32,2,1,,,,,1.99,0.06,0.06,,,,,,,10,4
FF,2026-10-04,95.6,-1.62,5.13,"Henderson, Logan",592518,701656,field_out,hit_into_play,,,,,2,"Manny Machado grounds out, shortstop Cooper Pratt to first baseman Jake Bauers.",D,R,R,MIL,SD,X,6,ground_ball,0,2,2026,-1.0,1.36,0.0099352588860511,2.9853050209350087,,,,1,3,Top,106.81,131.7,,,,,6.509668390513752,-139.06866303198993,-2.932234517388565,-14.422162482087304,33.67053717769171,-14.14420102000159,3.313910761,1.672440945,18,106.6,-9,95.2,2265,6.3,849825,661388,641343,668930,666152,806198,694192,669003,686217,54.22,0.306,0.277,0.0,1,0,0,2,18,3,4-Seam Fastball,0,1,1,0,1,0,1,0,Strategic,Standard,219,0.01,-0.163,81.6,7.5,,0.32,0.163,106.6,-1,1,0.416,0.584,24,33,24,34,2,1,,,,,1.15,1.0,1.0,,6.37633475970365,-3.304786718934533,18.811801638135456,39.39826804352829,30.93678078115923,10,4
FF,2026-10-04,95.5,-1.68,5.11,"Henderson, Logan",592518,701656,,foul,,,,,4,,D,R,R,MIL,SD,S,,,0,1,2026,-1.21,1.41,-0.4363708632483065,2.718594462412914,,,,1,3,Top,,,,,,,5.985376298071463,-138.83336887773075,-3.651451273714048,-16.969975048366422,33.5189929875497,-13.440021581485958,3.313910761,1.672440945,186,70.2,56,95.2,2425,6.3,849825,661388,641343,668930,666152,806198,694192,669003,686217,54.18,,,,,,,,18,2,4-Seam Fastball,0,1,1,0,1,0,1,0,Strategic,Standard,220,0.004,-0.057,75.4,7.0,,,0.057,88.0,-1,1,0.412,0.588,24,33,24,34,2,1,,,,,1.12,1.21,1.21,,-1.067034437562005,10.615422681182048,26.982927754831717,33.806502990363995,24.710515536083715,10,4
FF,2026-10-04,94.7,-1.59,5.07,"Henderson, Logan",592518,701656,,called_strike,,,,,9,,D,R,R,MIL,SD,S,,,0,0,2026,-1.19,1.48,0.3467550075843517,1.825886040500846,,,,1,3,Top,,,,,,,7.679730855601771,-137.51689917744562,-5.884440323645019,-16.78618601623785,32.36628916406134,-12.326454324343718,3.313910761,1.672440945,,,,94.4,2368,6.4,849825,661388,641343,668930,666152,806198,694192,669003,686217,54.11,,,,,,,,18,1,4-Seam Fastball,0,1,1,0,1,0,1,0,Strategic,Standard,217,0.002,-0.041,,,,,0.041,,-1,1,0.41,0.59,24,33,24,34,2,1,,,,,1.09,1.19,1.19,,,,,,,10,4
FF,2026-10-04,94.2,-1.65,5.06,"Henderson, Logan",687957,701656,field_out,hit_into_play,,,,,3,Dustin Harris pops out softly to shortstop Cooper Pratt.,D,L,R,MIL,SD,X,6,popup,1,2,2026,-0.89,1.55,0.5239554822606075,3.313509867674165,,,,0,3,Top,99.16,143.83,,,,,7.579624681694927,-136.9658713691246,-2.1267763323710063,-12.87490587630383,31.77338275007787,-12.480561839009717,3.31742126,1.674212598,157,56.2,45,94.0,2384,6.4,849825,661388,641343,668930,666152,806198,694192,669003,686217,54.14,0.094,0.085,0.0,1,0,0,1,17,4,4-Seam Fastball,0,1,1,0,1,0,1,0,Strategic,Standard,220,0.015,-0.186,55.8,4.9,,0.095,0.186,88.0,-1,1,0.395,0.605,24,26,24,27,2,1,,,,,1.04,0.89,-0.89,,-0.2674529091012417,4.935909252455437,38.997962874091925,26.39560233492576,22.94736484756318,10,4
CH,2026-10-04,83.9,-1.82,4.95,"Henderson, Logan",687957,701656,,ball,,,,,13,,D,L,R,MIL,SD,B,,,0,2,2026,-1.53,0.47,-1.6184797300820597,0.9459093391221148,,,,0,3,Top,,,,,,,3.5531809680565365,-122.14859494490676,-3.532662569616352,-16.02201493143409,25.593657399463925,-27.004516422084933,3.31742126,1.674212598,,,,83.6,2534,6.2,849825,661388,641343,668930,666152,806198,694192,669003,686217,54.29,,,,,,,,17,3,Changeup,0,1,1,0,1,0,1,0,Strategic,Standard,258,-0.002,0.022,,,,,-0.022,,-1,1,0.397,0.603,24,26,24,27,2,1,,,,,2.78,1.53,-1.53,,,,,,,10,4
CH,2026-10-04,84.3,-1.7,5.0,"Henderson, Logan",687957,701656,,swinging_strike,,,,,7,,D,L,R,MIL,SD,S,,,0,1,2026,-1.53,0.57,-0.3807470195106333,1.7669247718323002,,,,0,3,Top,,,,,,,6.115233048751638,-122.68370953368084,-2.069677097561649,-16.675203555875555,24.95230348120345,-26.18592626385476,3.31742126,1.674212598,,,,84.3,2674,6.3,849825,661388,641343,668930,666152,806198,694192,669003,686217,54.18,,,,,,,,17,2,Changeup,0,1,1,0,1,0,1,0,Standard,Standard,252,0.006,-0.053,64.9,7.7,0.992082492,,0.053,,-1,1,0.391,0.609,24,26,24,27,2,1,,,,,2.64,1.53,-1.53,,24.527894550104563,-27.69277951456254,37.67149950422709,36.73391949963096,47.94662732668351,10,4
CH,2026-10-04,82.7,-1.75,5.04,"Henderson, Logan",687957,701656,,called_strike,,,,,11,,D,L,R,MIL,SD,S,,,0,0,2026,-1.42,0.61,-0.9640480708227576,2.715478582672963,,,,0,3,Top,,,,,,,4.572170813220169,-120.33648280738808,0.1736950873624322,-14.673388452873027,23.75444489166672,-26.49674586123866,3.31742126,1.674212598,,,,82.5,2463,6.2,849825,661388,641343,668930,666152,806198,694192,669003,686217,54.3,,,,,,,,17,1,Changeup,0,1,1,0,1,0,1,0,Standard,Standard,260,0.003,-0.041,,,,,0.041,,-1,1,0.388,0.612,24,26,24,27,2,1,,,,,2.73,1.42,-1.42,,,,,,,10,4
SL,2026-10-04,85.9,-2.96,5.68,"King, Michael",592885,650633,strikeout,swinging_strike,,,,,13,Christian Yelich strikes out swinging.,D,L,R,MIL,SD,S,2,,1,2,2026,0.45,-0.41,-1.3300907174546577,1.767693912408932,,,,2,2,Bot,,,,,,,2.842293305280217,-125.23651970088817,-1.9880121418619423,4.254959943910268,24.024903695456025,-36.28879557278737,3.368323491,1.699901575,,,,85.4,2788,5.8,849825,669134,664034,630105,592518,593428,687957,701538,665487,54.74,,0.0,0.0,1,0,0,,16,5,Slider,0,1,0,1,1,0,0,1,Infield shade,Standard,65,-0.008,-0.184,38.5,7.3,4.4355708,,0.184,,-1,-1,0.396,0.396,31,34,31,35,1,0,,,,,3.47,-0.45,0.45,,-3.929884223409311,24.95676014924737,39.53379146335072,53.06294189106436,5.700731072848697,10,4
FF,2026-10-04,96.1,-2.75,5.85,"King, Michael",592885,650633,,foul,,,,,1,,D,L,R,MIL,SD,S,,,1,2,2026,-0.6,1.25,-0.2819591517572336,3.339207052146273,,,,2,2,Bot,,,,,,,7.746504014121913,-139.75449990111596,-3.7213421020197983,-9.63662870969252,31.506655875270138,-15.178954531433892,3.368323491,1.699901575,241,80.6,50,95.1,2382,5.7,849825,669134,664034,630105,592518,593428,687957,701538,665487,54.77,,,,,,,,16,4,4-Seam Fastball,0,1,0,1,1,0,0,1,Infield shade,Standard,221,0.0,0.0,64.6,6.5,,,0.0,88.0,-1,-1,0.396,0.396,31,34,31,35,1,0,,,,,1.22,0.6,-0.6,,3.029041473276033,27.27937636059537,29.80643279088704,40.326356727316,16.77742036220953,10,4
SL,2026-10-04,88.2,-3.04,5.58,"King, Michael",592885,650633,,ball,,,,,14,,D,L,R,MIL,SD,B,,,0,2,2026,0.09,0.02,0.7431877581296914,0.2094592691947587,,,,2,2,Bot,,,,,,,8.824627436697721,-128.16737355998637,-6.763507739704998,-0.5987988235065091,23.45847280311264,-30.79665655050824,3.368323491,1.699901575,,,,88.0,2643,6.0,849825,669134,664034,630105,592518,593428,687957,701538,665487,54.51,,,,,,,,16,3,Slider,0,1,0,1,1,0,0,1,Infield shade,Standard,48,0.001,0.029,,,,,-0.029,,-1,-1,0.395,0.395,31,34,31,35,1,0,,,,,2.89,-0.09,0.09,,,,,,,10,4
SL,2026-10-04,88.5,-3.07,5.65,"King, Michael",592885,650633,,swinging_strike,,,,,13,,D,L,R,MIL,SD,S,,,0,1,2026,0.06,0.1,-0.0398803975205033,1.059808364518891,,,,2,2,Bot,,,,,,,7.092170550539191,-128.83643068316744,-5.097478980789544,-0.6667548335521792,24.122451686855165,-30.26443054656211,3.368323491,1.699901575,,,,87.9,2579,5.6,849825,669134,664034,630105,592518,593428,687957,701538,665487,54.86,,,,,,,,16,2,Slider,0,1,0,1,1,0,0,1,Infield shade,Standard,116,-0.003,-0.062,77.3,8.7,4.936290672,,0.062,,-1,-1,0.398,0.398,31,34,31,35,1,0,,,,,2.78,-0.06,0.06,,25.087101485881867,-12.840401572873944,38.34487935298437,38.488614753180286,42.39818025534527,10,4
SL,2026-10-04,87.1,-3.0,5.51,"King, Michael",592885,650633,,called_strike,,,,,4,,D,L,R,MIL,SD,S,,,0,0,2026,0.22,0.07,-0.6216467957805771,2.5269797248370125,,,,2,2,Bot,,,,,,,5.138755279583054,-126.96867680053305,-1.0178598861105312,1.4426005338281207,22.99896470972036,-31.438763655992272,3.368323491,1.699901575,,,,86.9,2588,5.8,849825,669134,664034,630105,592518,593428,687957,701538,665487,54.68,,,,,,,,16,1,Slider,0,1,0,1,1,0,0,1,Infield shade,Standard,102,-0.002,-0.046,,,,,0.046,,-1,-1,0.4,0.4,31,34,31,35,1,0,,,,,2.9,-0.22,0.22,,,,,,,10,4
CH,2026-10-04,88.1,-3.15,5.32,"King, Michael",669003,650633,strikeout,swinging_strike,,,,,13,Garrett Mitchell strikes out swinging.,D,L,R,MIL,SD,S,2,,2,2,2026,-1.4,0.46,-1.202713844303949,1.9573828174118515,,,,1,2,Bot,,,,,,,7.564198228581365,-128.12769168378284,-2.815108802681272,-17.00675679053289,25.850929661432986,-26.704512823463496,3.292847769,1.661811024,,,,87.6,1962,6.0,849825,669134,664034,630105,592518,593428,687957,701538,665487,54.54,,0.0,0.0,1,0,0,,15,5,Changeup,0,1,0,1,1,0,0,1,Infield shade,Standard,243,-0.015,-0.233,76.6,8.1,4.816085232,,0.233,,-1,-1,0.415,0.415,31,27,31,28,1,0,,,,,2.47,1.4,-1.4,,18.76428124388985,-12.352119883840992,25.518608464721044,51.81798198696336,40.01857331115505,10,4
CH,2026-10-04,90.2,-3.13,5.4,"King, Michael",669003,650633,,ball,,,,,13,,D,L,R,MIL,SD,B,,,1,2,2026,-1.39,0.42,-2.803509033518825,2.3037113135815623,,,,1,2,Bot,,,,,,,3.785523697932875,-131.3976541536592,-2.481961855129174,-16.96666108413747,26.97641693159828,-26.97969794375129,3.292847769,1.661811024,,,,89.8,1973,5.9,849825,669134,664034,630105,592518,593428,687957,701538,665487,54.59,,,,,,,,15,4,Changeup,0,1,0,1,1,0,0,1,Infield shade,Standard,241,0.002,0.051,,,,,-0.051,,-1,-1,0.413,0.413,31,27,31,28,1,0,,,,,2.37,1.39,-1.39,,,,,,,10,4
CH,2026-10-04,89.2,-3.15,5.3,"King, Michael",669003,650633,,foul,,,,,14,,D,L,R,MIL,SD,S,,,1,1,2026,-1.47,0.17,0.1518136417555478,1.392371397820031,,,,1,2,Bot,,,,,,,11.061250098144974,-129.40248839055604,-3.647349454489714,-18.880723273072924,27.543808874907192,-29.654713571096558,3.292847769,1.661811024,,,,88.4,1849,6.0,849825,669134,664034,630105,592518,593428,687957,701538,665487,54.5,,,,,,,,15,3,Changeup,0,1,0,1,1,0,0,1,Infield shade,Standard,245,-0.004,-0.07,80.0,8.0,,,0.07,,-1,-1,0.417,0.417,31,27,31,28,1,0,,,,,2.72,1.47,-1.47,,16.215526231706026,-11.197736744709822,35.854942254515585,35.37827257209265,33.946588852797404,10,4
CH,2026-10-04,88.7,-3.11,5.31,"King, Michael",669003,650633,,swinging_strike,,,,,13,,D,L,R,MIL,SD,S,,,1,0,2026,-1.51,0.4,-0.0572753954744384,1.395214315671648,,,,1,2,Bot,,,,,,,10.465765239521108,-128.6157232462847,-4.021927987797047,-18.987626374226416,28.09503371712733,-27.09124850900346,3.292847769,1.661811024,,,,87.7,1896,6.0,849825,669134,664034,630105,592518,593428,687957,701538,665487,54.53,,,,,,,,15,2,Changeup,0,1,0,1,1,0,0,1,Standard,Standard,242,-0.004,-0.049,81.3,8.7,5.594151024,,0.049,,-1,-1,0.421,0.421,31,27,31,28,1,0,,,,,2.53,1.51,-1.51,,20.045221484058317,-26.753703769548284,33.5602531657056,38.28782133445087,50.40874019275631,10,4
SI,2026-10-04,93.5,-2.84,5.61,"King, Michael",669003,650633,,ball,,,,,11,,D,L,R,MIL,SD,B,,,0,0,2026,-1.48,0.69,-0.182363525043441,4.17082820800616,,,,1,2,Bot,,,,,,,9.967916445624615,-135.68898387902908,0.7411164960998574,-20.530272859123457,33.7184069578445,-24.230536086050925,3.292847769,1.661811024,,,,92.1,2334,5.9,849825,669134,664034,630105,592518,593428,687957,701538,665487,54.58,,,,,,,,15,1,Sinker,0,1,0,1,1,0,0,1,Standard,Standard,221,0.003,0.041,,,,,-0.041,,-1,-1,0.418,0.418,31,27,31,28,1,0,,,,,1.96,1.48,-1.48,,,,,,,10,4
FF,2026-10-04,96.9,-2.65,5.88,"King, Michael",661388,650633,strikeout,swinging_strike,,,,,4,William Contreras strikes out swinging.,D,R,R,MIL,SD,S,2,,1,2,2026,-0.5,1.45,-0.2928964211431692,2.48907855282517,,,,0,2,Bot,,,,,,,7.320641581861249,-140.75820470167238,-6.570948454220828,-8.457874856603766,34.24974167485389,-11.54444309467879,3.133120079,1.581200787,,,,95.8,2542,5.9,849825,669134,664034,630105,592518,593428,687957,701538,665487,54.6,,0.0,0.0,1,0,0,,14,4,4-Seam Fastball,0,1,0,1,1,0,0,1,Standard,Standard,219,-0.017,-0.186,74.0,6.4,0.1,,0.186,,-1,-1,0.435,0.435,31,28,31,29,1,0,,,,,1.0,0.5,0.5,,0.2419913704249014,11.57161483250907,36.515565241205564,34.62928120398264,17.787700414768057,10,4
ST,2026-10-04,83.9,-3.03,5.52,"King, Michael",661388,650633,,swinging_strike,,,,,14,,D,R,R,MIL,SD,S,,,1,1,2026,1.28,0.04,0.796261531696955,1.3886827461167126,,,,0,2,Bot,,,,,,,6.0782150940403925,-122.03475973116358,-2.885043956932043,11.316918896307008,27.630650224161982,-31.32467844198015,3.133120079,1.581200787,,,,82.5,2774,5.7,849825,669134,664034,630105,592518,593428,687957,701538,665487,54.8,,,,,,,,14,3,Sweeper,0,1,0,1,1,0,0,1,Standard,Standard,45,-0.007,-0.06,69.6,8.7,12.71722542,,0.06,,-1,-1,0.442,0.442,31,28,31,29,1,0,,,,,3.24,-1.28,-1.28,,32.40270750787927,-45.81857283583177,33.6742350711711,42.60527036280813,61.6432314611216,10,4
ST,2026-10-04,83.7,-3.03,5.57,"King, Michael",661388,650633,,called_strike,,,,,4,,D,R,R,MIL,SD,S,,,1,0,2026,1.3,0.21,-0.6118953215456195,2.46503995105667,,,,0,2,Bot,,,,,,,2.8737977702144373,-121.9197727760022,-0.9278868967717596,12.225128276794049,26.03330398503109,-30.126367365825963,3.133120079,1.581200787,,,,82.6,2807,5.7,849825,669134,664034,630105,592518,593428,687957,701538,665487,54.83,,,,,,,,14,2,Sweeper,0,1,0,1,1,0,0,1,Standard,Standard,54,-0.005,-0.055,,,,,0.055,,-1,-1,0.447,0.447,31,28,31,29,1,0,,,,,3.06,-1.3,-1.3,,,,,,,10,4
SI,2026-10-04,94.3,-2.94,5.57,"King, Michael",661388,650633,,ball,,,,,12,,D,R,R,MIL,SD,B,,,0,0,2026,-1.32,0.49,0.2116527439963422,3.3223587452079077,,,,0,2,Bot,,,,,,,10.943096707025544,-136.86929310195762,-0.9950276352254204,-19.11938626839244,33.19530719893295,-26.03353549089877,3.133120079,1.581200787,,,,92.9,2367,5.8,849825,669134,664034,630105,592518,593428,687957,701538,665487,54.67,,,,,,,,14,1,Sinker,0,1,0,1,1,0,0,1,Standard,Standard,226,0.004,0.042,,,,,-0.042,,-1,-1,0.443,0.443,31,28,31,29,1,0,,,,,2.11,1.32,1.32,,,,,,,10,4
CH,2026-10-04,85.7,-1.7,5.01,"Henderson, Logan",665487,701656,field_out,hit_into_play,,,,,7,Fernando Tatis Jr. lines out to left fielder Jackson Chourio.,D,R,R,MIL,SD,X,7,line_drive,0,0,2026,-1.5,0.61,-0.48613565578395,1.7822723972071692,,657757,669134,2,2,Top,71.42,96.18,,,,,5.938132841369236,-124.7033984312175,-2.365772201805096,-16.83568218829043,26.79941809363883,-25.60122893319553,3.346382874,1.68882874,,85.4,24,,2618,6.5,849825,661388,641343,668930,666152,806198,694192,669003,686217,53.98,0.22,0.207,0.0,1,0,0,3,13,1,Changeup,0,1,1,0,1,0,1,0,Strategic,Standard,255,0.041,-0.285,82.7,8.6,,0.293,0.285,88.0,-1,1,0.402,0.598,24,27,24,27,2,1,,,,,2.52,1.5,1.5,,23.586816958907995,-29.83546663946555,36.427765949030594,32.54924891035596,51.27711435166748,10,4
FF,2026-10-04,94.4,-1.74,4.99,"Henderson, Logan",630105,701656,field_out,hit_into_play,,,,,8,Jake Cronenworth flies out to left fielder Jackson Chourio.,D,L,R,MIL,SD,X,7,fly_ball,0,0,2026,-1.16,1.36,0.0770611839217785,1.926475243050824,,657757,669134,1,2,Top,37.4,99.39,,,,,7.303696897105858,-137.21088049089093,-5.152291560729374,-16.25396094043623,30.761102142519636,-14.04648786552192,3.171735564,1.600688976,328,91.6,30,94.6,2281,6.5,849825,661388,641343,668930,666152,806198,694192,669003,686217,53.99,0.054,0.076,0.0,1,0,0,3,12,1,4-Seam Fastball,0,1,1,0,1,0,1,0,Standard,Standard,222,0.042,-0.241,70.7,6.6,,0.132,0.241,91.6,-1,1,0.36,0.64,24,32,24,32,1,0,,,,,1.21,1.16,-1.16,,3.162816990541625,15.429115725128703,36.721140535158646,34.93397244660518,22.184176660170127,10,4
FF,2026-10-04,93.7,-1.67,4.99,"Henderson, Logan",669134,701656,walk,ball,,,,,14,"Luis Campusano challenged (pitch result), call on the field was overturned: Luis Campusano walks. Gavin Sheets to 2nd.",D,R,R,MIL,SD,B,,,3,0,2026,-1.0,1.32,0.4187933379235969,1.1844013495489012,,,657757,1,2,Top,,,,,,,7.576007918275314,-136.15181724996586,-6.866490997131872,-14.023073238999253,28.332860971456707,-14.403980965346154,3.119078084,1.574114173,,,,94.0,2178,6.4,849825,661388,641343,668930,666152,806198,694192,669003,686217,54.1,,0.69822,0.7,1,0,0,,11,4,4-Seam Fastball,0,1,1,0,1,0,1,0,Standard,Standard,222,-0.014,0.116,,,,,-0.116,,-1,1,0.374,0.626,24,27,24,28,1,0,,,,,1.27,1.0,1.0,,,,,,,10,4
FF,2026-10-04,94.4,-1.56,5.02,"Henderson, Logan",669134,701656,,ball,,,,,14,,D,R,R,MIL,SD,B,,,2,0,2026,-0.77,1.44,0.5160089853361387,1.0809401093804056,,,657757,1,2,Top,,,,,,,7.082902299564244,-137.27077084901757,-7.644536110843243,-11.228162752041465,27.336382589282607,-12.45081982512278,3.119078084,1.574114173,,,,95.0,2334,6.4,849825,661388,641343,668930,666152,806198,694192,669003,686217,54.05,,,,,,,,11,3,4-Seam Fastball,0,1,1,0,1,0,1,0,Standard,Standard,221,-0.01,0.096,,,,,-0.096,,-1,1,0.384,0.616,24,27,24,28,1,0,,,,,1.1,0.77,0.77,,,,,,,10,4
CH,2026-10-04,84.0,-1.74,4.89,"Henderson, Logan",669134,701656,,ball,,,,,14,,D,R,R,MIL,SD,B,,,1,0,2026,-1.53,0.55,0.5909891250054489,1.4021680104988403,,,657757,1,2,Top,,,,,,,8.434167986561043,-122.00384124557924,-2.546314640306846,-16.959615892312925,23.71416202581395,-26.414829049907578,3.119078084,1.574114173,,,,84.2,2516,6.5,849825,661388,641343,668930,666152,806198,694192,669003,686217,53.99,,,,,,,,11,2,Changeup,0,1,1,0,1,0,1,0,Standard,Standard,254,-0.008,0.066,,,,,-0.066,,-1,1,0.392,0.608,24,27,24,28,1,0,,,,,2.69,1.53,1.53,,,,,,,10,4
FF,2026-10-04,94.6,-1.59,5.03,"Henderson, Logan",669134,701656,,ball,,,,,14,,D,R,R,MIL,SD,B,,,0,0,2026,-0.97,1.35,1.1547297862701802,1.065566641122638,,,657757,1,2,Top,,,,,,,9.261161352178624,-137.4243371378108,-7.5308272828548946,-14.295821871842069,28.963919765833317,-13.509916587118044,3.119078084,1.574114173,,,,94.9,2285,6.4,849825,661388,641343,668930,666152,806198,694192,669003,686217,54.06,,,,,,,,11,1,4-Seam Fastball,0,1,1,0,1,0,1,0,Standard,Standard,220,-0.003,0.034,,,,,-0.034,,-1,1,0.395,0.605,24,27,24,28,1,0,,,,,1.19,0.97,0.97,,,,,,,10,4
CH,2026-10-04,84.4,-1.78,5.01,"Henderson, Logan",593428,701656,field_out,hit_into_play,,,,,7,Xander Bogaerts flies out to third baseman David Hamilton.,D,R,R,MIL,SD,X,5,fly_ball,1,2,2026,-1.62,0.61,-0.4331652605207847,1.8314187600795333,,,657757,0,2,Top,61.7,136.13,,,,,6.380378515255476,-122.61637271627971,-1.9532235560705329,-17.65597106540063,27.073388060255173,-25.881147711844424,3.284949147,1.657824803,222,77.7,51,84.0,2555,6.4,849825,661388,641343,668930,666152,806198,694192,669003,686217,54.11,0.031,0.028,0.0,1,0,0,3,10,4,Changeup,0,1,1,0,1,0,1,0,Standard,Standard,256,0.022,-0.177,54.3,7.7,,0.031,0.177,88.0,-1,1,0.373,0.627,24,33,24,34,1,0,,,,,2.63,1.62,1.62,,26.911693589264207,-20.67513796285834,38.17833041956922,29.658801181383303,44.35945593298543,10,4
FC,2026-10-04,86.7,-1.79,4.98,"Henderson, Logan",593428,701656,,foul,,,,,8,,D,R,R,MIL,SD,S,,,1,1,2026,-0.23,1.19,-0.2256061221764724,1.946028233921524,,,657757,0,2,Top,,,,,,,4.192857105401083,-126.25935922853688,-3.3397536051610794,-3.3420856848577523,25.5417311005773,-18.98188112778193,3.284949147,1.657824803,174,89.4,15,87.0,2218,6.4,849825,661388,641343,668930,666152,806198,694192,669003,686217,54.07,,,,,,,,10,3,Cutter,0,1,1,0,1,0,1,0,Standard,Standard,222,0.008,-0.053,75.9,8.0,,,0.053,89.4,-1,1,0.365,0.635,24,33,24,34,1,0,,,,,1.84,0.23,0.23,,24.598985953686142,-28.565315987256984,38.498563972762106,31.65483805428801,47.363062165252174,10,4
FC,2026-10-04,88.9,-1.65,5.03,"Henderson, Logan",593428,701656,,ball,,,,,14,,D,R,R,MIL,SD,B,,,0,1,2026,-0.18,0.93,1.2413050252606117,1.7234941895759064,,,657757,0,2,Top,,,,,,,7.356618420856235,-129.30519683702772,-3.816995510381131,-3.5701378046322194,28.198589523024484,-21.115665924402524,3.284949147,1.657824803,,,,88.7,2373,6.3,849825,661388,641343,668930,666152,806198,694192,669003,686217,54.18,,,,,,,,10,2,Cutter,0,1,1,0,1,0,1,0,Standard,Standard,209,-0.003,0.026,,,,,-0.026,,-1,1,0.368,0.632,24,33,24,34,1,0,,,,,1.96,0.18,0.18,,,,,,,10,4
CH,2026-10-04,84.1,-1.7,5.01,"Henderson, Logan",593428,701656,,called_strike,,,,,8,,D,R,R,MIL,SD,S,,,0,0,2026,-1.53,0.68,0.0082782293331318,1.929672699624441,,,657757,0,2,Top,,,,,,,6.998009780931449,-122.2755452224074,-1.8435379851314944,-16.73653754088434,26.572761498994645,-25.18969874581477,3.284949147,1.657824803,,,,83.7,2601,6.3,849825,661388,641343,668930,666152,806198,694192,669003,686217,54.17,,,,,,,,10,1,Changeup,0,1,1,0,1,0,1,0,Standard,Standard,250,0.005,-0.041,,,,,0.041,,-1,1,0.363,0.637,24,33,24,34,1,0,,,,,2.57,1.53,1.53,,,,,,,10,4
CH,2026-10-04,83.7,-1.79,5.04,"Henderson, Logan",657757,701656,walk,ball,,,,,13,Gavin Sheets walks.,D,L,R,MIL,SD,B,,,3,1,2026,-1.45,0.55,-1.1338974340775785,2.441060015489557,,,,0,2,Top,,,,,,,4.407447192265632,-121.8632193313602,-0.4526950649795632,-15.259102429657467,25.574253718174944,-26.85366872982794,3.350770997,1.691043307,,,,83.6,2516,6.3,849825,661388,641343,668930,666152,806198,694192,669003,686217,54.15,,0.69822,0.7,1,0,0,,9,5,Changeup,0,1,1,0,1,0,1,0,Strategic,Standard,254,-0.02,0.258,,,,,-0.258,,-1,1,0.383,0.617,24,30,24,30,1,0,,,,,2.72,1.45,-1.45,,,,,,,10,4
FF,2026-10-04,91.9,-1.76,5.12,"Henderson, Logan",657757,701656,,called_strike,,,,,1,,D,L,R,MIL,SD,S,,,3,0,2026,-0.89,1.44,-0.6709608264467691,2.9523501647310466,,,,0,2,Top,,,,,,,4.691578627207873,-133.8573333776241,-2.6775475942992784,-11.750924861295037,28.863588083157158,-14.460869607574832,3.350770997,1.691043307,,,,92.0,2333,6.3,849825,661388,641343,668930,666152,806198,694192,669003,686217,54.21,,,,,,,,9,4,4-Seam Fastball,0,1,1,0,1,0,1,0,Strategic,Standard,222,0.006,-0.084,,,,,0.084,,-1,1,0.377,0.623,24,30,24,30,1,0,,,,,1.25,0.89,-0.89,,,,,,,10,4
FF,2026-10-04,91.9,-1.74,5.08,"Henderson, Logan",657757,701656,,ball,,,,,11,,D,L,R,MIL,SD,B,,,2,0,2026,-0.9,1.46,-0.8727181639204087,3.5575224606882245,,,,0,2,Top,,,,,,,4.143549541201859,-133.78682845416233,-1.068612446832882,-11.646775096368588,29.22563665886129,-14.635439963209391,3.350770997,1.691043307,,,,91.7,2340,6.2,849825,661388,641343,668930,666152,806198,694192,669003,686217,54.32,,,,,,,,9,3,4-Seam Fastball,0,1,1,0,1,0,1,0,Standard,Standard,221,-0.01,0.148,,,,,-0.148,,-1,1,0.387,0.613,24,30,24,30,1,0,,,,,1.24,0.9,-0.9,,,,,,,10,4
FF,2026-10-04,92.7,-1.71,5.07,"Henderson, Logan",657757,701656,,ball,,,,,13,,D,L,R,MIL,SD,B,,,1,0,2026,-0.97,1.45,-0.3850704117373632,1.1519709710297024,,,,0,2,Top,,,,,,,5.496080244547049,-134.7171340186336,-7.184245677617897,-13.05672891807177,29.583501635229155,-13.120340874560467,3.350770997,1.691043307,,,,92.4,2360,6.2,849825,661388,641343,668930,666152,806198,694192,669003,686217,54.28,,,,,,,,9,2,4-Seam Fastball,0,1,1,0,1,0,1,0,Standard,Standard,221,-0.007,0.081,,,,,-0.081,,-1,1,0.394,0.606,24,30,24,30,1,0,,,,,1.21,0.97,-0.97,,,,,,,10,4
CH,2026-10-04,83.2,-1.71,5.01,"Henderson, Logan",657757,701656,,ball,,,,,13,,D,L,R,MIL,SD,B,,,0,0,2026,-1.65,0.64,-1.29593545299134,2.11059827379325,,,,0,2,Top,,,,,,,4.224197434376097,-121.048581516768,-1.2640422618837148,-17.0596587511717,24.4836284204636,-25.82087406955305,3.350770997,1.691043307,,,,83.0,2466,6.2,849825,661388,641343,668930,666152,806198,694192,669003,686217,54.27,,,,,,,,9,1,Changeup,0,1,1,0,1,0,1,0,Standard,Standard,258,-0.003,0.042,,,,,-0.042,,-1,1,0.397,0.603,24,30,24,30,1,0,,,,,2.66,1.65,-1.65,,,,,,,10,4
SI,2026-10-04,94.4,-2.86,5.56,"King, Michael",641343,650633,field_out,hit_into_play,,,,,8,"Jake Bauers grounds out, shortstop Xander Bogaerts to first baseman Ty France.",D,L,R,MIL,SD,X,6,ground_ball,2,0,2026,-1.31,0.29,-0.1004127841721682,1.7148429223712571,,,,2,1,Bot,119.51,149.84,,,,,9.937600742577455,-137.05829521122945,-4.707885592598839,-18.68554894644016,29.860211250972046,-27.605139390126496,3.217372047,1.623720472,8,74.7,-12,93.5,2224,5.8,849825,669134,664034,630105,592518,593428,687957,701538,665487,54.67,0.059,0.054,0.0,1,0,0,2,8,3,Sinker,0,1,0,1,1,0,0,1,Infield shade,Standard,225,-0.014,-0.37,80.2,8.1,,0.07,0.37,88.0,-1,-1,0.411,0.411,31,30,31,31,1,0,,,,,2.27,1.31,-1.31,,16.472795392494834,0.2175382186040529,41.89404163037792,37.25868260656151,34.49492676779784,10,4
SI,2026-10-04,94.0,-2.78,5.59,"King, Michael",641343,650633,,ball,,,,,11,,D,L,R,MIL,SD,B,,,1,0,2026,-1.09,0.67,-0.2026570902076538,4.273450950914565,,,,2,1,Bot,,,,,,,8.935744130125835,-136.6837546291083,0.93518957075986,-15.596819783281664,30.47365537499164,-24.24757168606203,3.217372047,1.623720472,,,,92.9,2393,5.7,849825,669134,664034,630105,592518,593428,687957,701538,665487,54.8,,,,,,,,8,2,Sinker,0,1,0,1,1,0,0,1,Infield shade,Standard,225,0.003,0.065,,,,,-0.065,,-1,-1,0.408,0.408,31,30,31,31,1,0,,,,,1.92,1.09,-1.09,,,,,,,10,4
FF,2026-10-04,95.7,-2.7,5.77,"King, Michael",641343,650633,,ball,,,,,11,,D,L,R,MIL,SD,B,,,0,0,2026,-0.52,1.33,-2.1229249762975853,4.099694016908162,,,,2,1,Bot,,,,,,,2.6604497572006505,-139.36969965653313,-1.7063389871249175,-7.399075279736385,30.82860646390377,-14.60931979503363,3.217372047,1.623720472,,,,94.9,2408,5.7,849825,669134,664034,630105,592518,593428,687957,701538,665487,54.76,,,,,,,,8,1,4-Seam Fastball,0,1,0,1,1,0,0,1,Infield shade,Standard,224,0.001,0.042,,,,,-0.042,,-1,-1,0.407,0.407,31,30,31,31,1,0,,,,,1.15,0.52,-0.52,,,,,,,10,4
CH,2026-10-04,88.8,-3.13,5.36,"King, Michael",668930,650633,field_out,hit_into_play,,,,,13,"Brice Turang grounds out, third baseman Manny Machado to first baseman Ty France.",D,L,R,MIL,SD,X,5,ground_ball,2,1,2026,-1.35,0.45,-1.0684541522624391,2.1462419403330024,,,,1,1,Bot,119.59,167.03,,,,,7.751463240103762,-129.091654015123,-2.562805234330046,-16.673780525478584,26.69199620026364,-26.750955218794736,3.21035105,1.620177165,2,67.1,-45,87.9,1976,5.7,849825,669134,664034,630105,592518,593428,687957,701538,665487,54.75,0.222,0.2,0.0,1,0,0,2,7,4,Changeup,0,1,0,1,1,0,0,1,Standard,Standard,246,-0.02,-0.308,70.5,7.3,,0.228,0.308,88.0,-1,-1,0.427,0.427,31,26,31,27,1,0,,,,,2.44,1.35,-1.35,,12.167541258421934,10.04042299308914,28.70817219190265,47.297264100284366,31.81065871530196,10,4
FF,2026-10-04,96.3,-2.65,5.73,"King, Michael",668930,650633,,called_strike,,,,,1,,D,L,R,MIL,SD,S,,,2,0,2026,-0.42,1.42,-0.3932870471814959,3.042039152432502,,,,1,1,Bot,,,,,,,6.832857740648598,-139.91969647973826,-4.540127672060243,-7.22158427117825,35.022855490085,-12.700180332941413,3.21035105,1.620177165,,,,95.0,2435,5.9,849825,669134,664034,630105,592518,593428,687957,701538,665487,54.63,,,,,,,,7,3,4-Seam Fastball,0,1,0,1,1,0,0,1,Standard,Standard,220,-0.005,-0.068,,,,,0.068,,-1,-1,0.432,0.432,31,26,31,27,1,0,,,,,1.06,0.42,-0.42,,,,,,,10,4
SL,2026-10-04,87.3,-2.99,5.58,"King, Michael",668930,650633,,ball,,,,,11,,D,L,R,MIL,SD,B,,,1,0,2026,0.4,-0.15,-0.9730219329753014,3.3046324576474047,,,,1,1,Bot,,,,,,,3.900131429721601,-127.18607846906312,1.1000909372761878,3.5757896998889964,24.85347350509809,-34.21457393677178,3.21035105,1.620177165,,,,86.4,2696,5.5,849825,669134,664034,630105,592518,593428,687957,701538,665487,54.97,,,,,,,,7,2,Slider,0,1,0,1,1,0,0,1,Standard,Standard,76,0.005,0.075,,,,,-0.075,,-1,-1,0.427,0.427,31,26,31,27,1,0,,,,,3.12,-0.4,0.4,,,,,,,10,4
FF,2026-10-04,96.3,-2.91,5.8,"King, Michael",668930,650633,,ball,,,,,11,,D,L,R,MIL,SD,B,,,0,0,2026,-0.59,1.25,-0.922548042212768,3.8203943645526657,,,,1,1,Bot,,,,,,,6.505227730896414,-140.0128182521088,-2.338788722833983,-9.299459552676172,33.77736939196253,-15.486665615581837,3.21035105,1.620177165,,,,95.3,2419,5.9,849825,669134,664034,630105,592518,593428,687957,701538,665487,54.61,,,,,,,,7,1,4-Seam Fastball,0,1,0,1,1,0,0,1,Standard,Standard,224,0.003,0.041,,,,,-0.041,,-1,-1,0.424,0.424,31,26,31,27,1,0,,,,,1.23,0.59,-0.59,,,,,,,10,4
ST,2026-10-04,85.1,-3.13,5.55,"King, Michael",694192,650633,field_out,hit_into_play,,,,,4,"Jackson Chourio grounds out, third baseman Manny Machado to first baseman Ty France.",D,R,R,MIL,SD,X,5,ground_ball,1,2,2026,1.08,0.19,-0.3734711065220593,2.2483065445565287,,,,0,1,Bot,99.77,172.11,,,,,4.1358018488298365,-124.0126978849193,-1.6643862330470096,10.393144284601991,23.21413717473757,-30.089018333852355,3.237557415,1.63390748,20,84.0,-6,84.4,2796,5.6,849825,669134,664034,630105,592518,593428,687957,701538,665487,54.92,0.153,0.138,0.0,1,0,0,2,6,4,Sweeper,0,1,0,1,1,0,0,1,Standard,Standard,49,-0.017,-0.186,77.0,7.3,,0.196,0.186,88.0,-1,-1,0.441,0.441,31,22,31,22,1,0,,,,,2.93,-1.08,-1.08,,20.862538821912636,-12.57228429780688,29.294392876222307,30.787707459804345,39.81216729677951,10,4
SL,2026-10-04,87.7,-2.99,5.53,"King, Michael",694192,650633,,ball,,,,,14,,D,R,R,MIL,SD,B,,,0,2,2026,1.12,0.05,1.968167004609764,0.0904078493412177,,,,0,1,Bot,,,,,,,9.362826459781406,-127.36169279212282,-6.754394399915114,10.234182508102736,26.13830287808517,-30.407508755096774,3.237557415,1.63390748,,,,86.6,2749,5.7,849825,669134,664034,630105,592518,593428,687957,701538,665487,54.81,,,,,,,,6,3,Slider,0,1,0,1,1,0,0,1,Standard,Standard,37,0.003,0.022,,,,,-0.022,,-1,-1,0.438,0.438,31,22,31,22,1,0,,,,,2.93,-1.12,-1.12,,,,,,,10,4
SI,2026-10-04,94.5,-2.84,5.63,"King, Michael",694192,650633,,foul,,,,,4,,D,R,R,MIL,SD,S,,,0,1,2026,-1.12,0.68,-0.7105593800995469,2.2600345169648843,,,,0,1,Bot,,,,,,,7.9520514274496445,-137.40443902870496,-4.390068581059399,-15.978546704463945,29.89929433250459,-22.810852112858555,3.237557415,1.63390748,,,,93.7,2343,5.8,849825,669134,664034,630105,592518,593428,687957,701538,665487,54.66,,,,,,,,6,2,Sinker,0,1,0,1,1,0,0,1,Standard,Standard,217,-0.006,-0.053,67.5,6.9,,,0.053,,-1,-1,0.444,0.444,31,22,31,22,1,0,,,,,1.88,1.12,1.12,,15.27930585503972,1.7450848396280678,30.461870873894146,28.8845371537835,25.51619416534814,10,4
FF,2026-10-04,96.0,-2.87,5.72,"King, Michael",694192,650633,,called_strike,,,,,4,,D,R,R,MIL,SD,S,,,0,0,2026,-0.67,1.18,-0.3460752914595507,2.2915227395879407,,,,0,1,Bot,,,,,,,8.065792436666348,-139.54265263920277,-5.953187140225472,-10.539131286012177,29.258840466398173,-15.599940998432952,3.237557415,1.63390748,,,,95.4,2483,5.8,849825,669134,664034,630105,592518,593428,687957,701538,665487,54.67,,,,,,,,6,1,4-Seam Fastball,0,1,0,1,1,0,0,1,Standard,Standard,221,-0.004,-0.041,,,,,0.041,,-1,-1,0.448,0.448,31,22,31,22,1,0,,,,,1.29,0.67,0.67,,,,,,,10,4
CH,2026-10-04,84.1,-1.79,5.0,"Henderson, Logan",701538,701656,field_out,hit_into_play,,,,,13,Jackson Merrill lines out to second baseman Brice Turang.,D,L,R,MIL,SD,X,4,line_drive,1,1,2026,-1.69,0.36,-1.082942545166132,1.6407506647289112,,,664034,2,1,Top,139.27,139.09,,,,,5.053614761130738,-122.33546195017516,-1.8898300678753448,-17.99071423374294,24.883040611728557,-28.38860135576398,3.320054134,1.675541339,158,74.7,15,84.2,2640,6.5,849825,661388,641343,668930,666152,806198,694192,669003,686217,54.03,0.649,0.596,0.0,1,0,0,4,5,3,Changeup,0,1,1,0,1,0,1,0,Standard,Standard,255,0.02,-0.26,67.9,8.1,,0.697,0.26,88.0,-1,1,0.428,0.572,24,23,24,23,1,0,,,,,2.87,1.69,-1.69,,16.64274439321372,0.8657350141140421,37.46720184518559,47.7941048752283,36.15225360418923,10,4
FF,2026-10-04,94.4,-1.7,5.06,"Henderson, Logan",701538,701656,,ball,,,,,11,,D,L,R,MIL,SD,B,,,0,1,2026,-0.89,1.41,-1.0615727094070169,4.412077195103377,,,664034,2,1,Top,,,,,,,3.6631056917711566,-137.46888784033584,0.9557617992154608,-12.145686888663976,32.37844137148886,-14.769132640320263,3.320054134,1.675541339,,,,94.2,2400,6.2,849825,661388,641343,668930,666152,806198,694192,669003,686217,54.25,,,,,,,,5,2,4-Seam Fastball,0,1,1,0,1,0,1,0,Standard,Standard,222,-0.002,0.027,,,,,-0.027,,-1,1,0.43,0.57,24,23,24,23,1,0,,,,,1.15,0.89,-0.89,,,,,,,10,4
FF,2026-10-04,94.2,-1.74,5.02,"Henderson, Logan",701538,701656,,swinging_strike,,,,,4,,D,L,R,MIL,SD,S,,,0,0,2026,-1.07,1.36,-0.4374874004017084,2.189731445023124,,,664034,2,1,Top,,,,,,,5.7612475741586335,-137.01103063612248,-4.523529561677524,-14.755133127293549,30.271125722179576,-14.194085959825417,3.320054134,1.675541339,,,,94.3,2363,6.4,849825,661388,641343,668930,666152,806198,694192,669003,686217,54.12,,,,,,,,5,1,4-Seam Fastball,0,1,1,0,1,0,1,0,Standard,Standard,220,0.003,-0.041,74.3,7.5,0.411520092,,0.041,,-1,1,0.427,0.573,24,23,24,23,1,0,,,,,1.21,1.07,-1.07,,11.58960721293663,12.538748731810522,44.25478256797009,39.994153751153824,27.559593787500987,10,4
FF,2026-10-04,94.7,-1.68,5.01,"Henderson, Logan",664034,701656,single,hit_into_play,,,,,6,Ty France singles on a sharp line drive to center fielder Garrett Mitchell. Manny Machado scores.,D,R,R,MIL,SD,X,8,line_drive,2,2,2026,-0.96,1.39,0.7511754652803477,2.556405594821117,,592518,,2,1,Top,153.55,93.94,,,,,8.45262653090576,-137.70037027096097,-3.7281944412472527,-14.116051370802976,30.290316743671163,-13.7920773799854,3.10328084,1.566141732,222,104.3,9,94.9,2419,6.4,849825,661388,641343,668930,666152,806198,694192,669003,686217,54.08,0.771,0.738,0.9,1,1,0,4,4,5,4-Seam Fastball,0,0,0,0,1,0,1,0,Strategic,Standard,220,-0.094,0.743,72.3,7.6,,0.92,-0.743,104.3,0,0,0.521,0.479,24,31,24,32,1,0,,,,,1.15,0.96,0.96,,10.793281278750372,11.646883288551754,27.537631894239365,42.04566576339507,22.367423220772206,10,4
CH,2026-10-04,85.4,-1.56,4.95,"Henderson, Logan",664034,701656,,ball,,,,,14,,D,R,R,MIL,SD,B,,,1,2,2026,-1.7,0.28,1.016071923639268,-0.7690989787566198,,,592518,2,1,Top,,,,,,,9.44865012286802,-123.8505408923402,-7.454332829717322,-19.354322185843863,23.83058608908811,-27.98058346927705,3.10328084,1.566141732,,,,85.5,2659,6.4,849825,661388,641343,668930,666152,806198,694192,669003,686217,54.06,,,,,,,,4,4,Changeup,0,0,0,0,0,0,0,0,Strategic,Standard,252,-0.012,0.054,,,,,-0.054,,0,0,0.533,0.467,24,31,24,32,1,0,,,,,2.86,1.7,1.7,,,,,,,10,4
FF,2026-10-04,96.8,-1.6,5.04,"Henderson, Logan",664034,701656,,ball,,,,,14,,D,R,R,MIL,SD,B,,,0,2,2026,-1.12,1.34,0.9250213950824202,1.5557935588014873,,,592518,2,1,Top,,,,,,,9.2589833898267,-140.50701783877355,-6.60597888276545,-16.93146130289591,31.978262854916025,-13.092222678032144,3.10328084,1.566141732,,,,96.8,2447,6.4,849825,661388,641343,668930,666152,806198,694192,669003,686217,54.06,,,,,,,,4,3,4-Seam Fastball,0,0,0,0,0,0,0,0,Strategic,Standard,219,-0.002,0.021,,,,,-0.021,,0,0,0.535,0.465,24,31,24,32,1,0,,,,,1.11,1.12,1.12,,,,,,,10,4
FF,2026-10-04,95.5,-1.54,5.03,"Henderson, Logan",664034,701656,,called_strike,,,,,9,,D,R,R,MIL,SD,S,,,0,1,2026,-1.16,1.31,0.5204158778662982,1.7727776167120508,,,592518,2,1,Top,,,,,,,8.012955413119542,-138.8215548652155,-5.749842117451472,-16.76308011271074,30.752959143712356,-14.061467735181568,3.10328084,1.566141732,,,,95.6,2303,6.4,849825,661388,641343,668930,666152,806198,694192,669003,686217,54.1,,,,,,,,4,2,4-Seam Fastball,0,0,0,0,0,0,0,0,Strategic,Standard,221,0.006,-0.061,,,,,0.061,,0,0,0.529,0.471,24,31,24,32,1,0,,,,,1.19,1.16,1.16,,,,,,,10,4
FF,2026-10-04,94.4,-1.49,5.02,"Henderson, Logan",664034,701656,,foul,,,,,1,,D,R,R,MIL,SD,S,,,0,0,2026,-0.92,1.35,-0.2848015248328365,2.827701079785588,,,592518,2,1,Top,,,,,,,5.1844349257894,-137.29546012699006,-2.846532686407716,-12.806881610820389,32.67450711047815,-14.758220455478057,3.10328084,1.566141732,159,77.1,72,94.2,2303,6.4,849825,661388,641343,668930,666152,806198,694192,669003,686217,54.15,,,,,,,,4,1,4-Seam Fastball,0,0,0,0,0,0,0,0,Strategic,Standard,216,0.003,-0.041,71.2,7.4,,,0.041,88.0,0,0,0.526,0.474,24,31,24,32,1,0,,,,,1.23,0.92,0.92,,13.878349641306722,-1.211603194270788,32.4185145075749,28.363856186040238,28.41673809924162,10,4
CH,2026-10-04,83.6,-1.7,4.98,"Henderson, Logan",592518,701656,walk,ball,,,,,14,Manny Machado walks.,D,R,R,MIL,SD,B,,,3,2,2026,-1.54,0.58,1.132600813821634,1.723360051548534,,,,2,1,Top,,,,,,,9.553377343475818,-121.3602365788163,-1.9514520841168128,-17.162971025555937,25.93383549296692,-26.28575547712691,3.313910761,1.672440945,,,,83.5,2507,6.6,849825,661388,641343,668930,666152,806198,694192,669003,686217,53.92,,0.69822,0.7,1,0,0,,3,7,Changeup,0,0,0,0,0,0,0,0,Strategic,Standard,258,-0.01,0.286,,,,,-0.286,,0,0,0.536,0.464,24,33,24,34,1,0,,,,,2.72,1.54,1.54,,,,,,,10,4
CH,2026-10-04,83.7,-1.63,4.97,"Henderson, Logan",592518,701656,,ball,,,,,13,,D,R,R,MIL,SD,B,,,2,2,2026,-1.59,0.49,-0.006021579033955,0.4839685311410004,,,,2,1,Top,,,,,,,6.892637817326984,-121.62773199905938,-4.674154452275344,-17.121372074536605,23.8565649692106,-26.556299816602028,3.313910761,1.672440945,,,,83.8,2626,6.4,849825,661388,641343,668930,666152,806198,694192,669003,686217,54.06,,,,,,,,3,6,Changeup,0,0,0,0,0,0,0,0,Strategic,Standard,255,-0.004,0.085,,,,,-0.085,,0,0,0.54,0.46,24,33,24,34,1,0,,,,,2.77,1.59,1.59,,,,,,,10,4
CH,2026-10-04,86.0,-1.56,4.96,"Henderson, Logan",592518,701656,,ball,,,,,14,,D,R,R,MIL,SD,B,,,1,2,2026,-1.55,0.65,1.1888812257632595,1.413646818031392,,,,2,1,Top,,,,,,,9.621405619207158,-124.9413883170846,-3.2779602034214705,-18.17923523227722,24.946841932182934,-24.854716297886608,3.313910761,1.672440945,,,,86.0,2646,6.4,849825,661388,641343,668930,666152,806198,694192,669003,686217,54.14,,,,,,,,3,5,Changeup,0,0,0,0,0,0,0,0,Strategic,Standard,255,-0.001,0.04,,,,,-0.04,,0,0,0.541,0.459,24,33,24,34,1,0,,,,,2.44,1.55,1.55,,,,,,,10,4
FF,2026-10-04,95.5,-1.55,5.05,"Henderson, Logan",592518,701656,,ball,,,,,12,,D,R,R,MIL,SD,B,,,0,2,2026,-0.9,1.44,1.1942649674163546,3.809648501700782,,,,2,1,Top,,,,,,,9.190143630849018,-138.87552679034323,-0.7967302633943979,-13.734103250298933,30.769324714544886,-13.603973699364136,3.313910761,1.672440945,,,,95.5,2423,6.3,849825,661388,641343,668930,666152,806198,694192,669003,686217,54.18,,,,,,,,3,4,4-Seam Fastball,0,0,0,0,0,0,0,0,Strategic,Standard,214,-0.001,0.029,,,,,-0.029,,0,0,0.542,0.458,24,33,24,34,1,0,,,,,1.06,0.9,0.9,,,,,,,10,4
FF,2026-10-04,96.5,-1.61,5.05,"Henderson, Logan",592518,701656,,foul,,,,,6,,D,R,R,MIL,SD,S,,,0,2,2026,-1.07,1.34,0.6149835434909736,2.486603276073432,,,,2,1,Top,,,,,,,8.334236241791873,-140.28680673143057,-4.139648039206219,-16.112639886935057,33.25366619288884,-13.719386426552028,3.313910761,1.672440945,169,79.4,14,96.3,2389,6.3,849825,661388,641343,668930,666152,806198,694192,669003,686217,54.17,,,,,,,,3,3,4-Seam Fastball,0,0,0,0,0,0,0,0,Strategic,Standard,220,0.0,0.0,70.8,7.7,,,0.0,88.0,0,0,0.542,0.458,24,33,24,34,1,0,,,,,1.12,1.07,1.07,,-4.54631499795618,20.53168724699132,27.194658030918177,45.461815297386906,14.27728891469408,10,4
FF,2026-10-04,95.9,-1.53,5.04,"Henderson, Logan",592518,701656,,called_strike,,,,,5,,D,R,R,MIL,SD,S,,,0,1,2026,-1.05,1.38,0.2023749731687596,2.5026283097804565,,,,2,1,Top,,,,,,,6.94135903774212,-139.3845792661404,-4.042912713072329,-15.30781726498041,33.52087954210423,-13.515058307875458,3.313910761,1.672440945,,,,95.6,2378,6.3,849825,661388,641343,668930,666152,806198,694192,669003,686217,54.18,,,,,,,,3,2,4-Seam Fastball,0,0,0,0,0,0,0,0,Strategic,Standard,216,0.002,-0.062,,,,,0.062,,0,0,0.54,0.46,24,33,24,34,1,0,,,,,1.12,1.05,1.05,,,,,,,10,4
FC,2026-10-04,88.9,-1.62,4.94,"Henderson, Logan",592518,701656,,called_strike,,,,,14,,D,R,R,MIL,SD,S,,,0,0,2026,0.1,0.7,0.8360602059036165,2.4111682175016425,,,,2,1,Top,,,,,,,5.73701165361534,-129.46548533348954,-1.5055353328610568,-0.0164557701112316,26.400130868185663,-24.135621436555237,3.313910761,1.672440945,,,,89.4,2332,6.5,849825,661388,641343,668930,666152,806198,694192,669003,686217,54.0,,,,,,,,3,1,Cutter,0,0,0,0,0,0,0,0,Strategic,Standard,198,0.002,-0.046,,,,,0.046,,0,0,0.538,0.462,24,33,24,34,1,0,,,,,2.17,-0.1,-0.1,,,,,,,10,4
CH,2026-10-04,85.0,-1.75,4.94,"Henderson, Logan",687957,701656,strikeout,swinging_strike,,,,,13,Dustin Harris strikes out swinging.,D,L,R,MIL,SD,S,2,,0,2,2026,-1.59,0.33,-1.186092173047704,0.8772673396296744,,,,1,1,Top,,,,,,,4.548986396075523,-123.6242661946975,-3.6021212762157235,-17.164488093356,26.07582763792898,-28.25790881326285,3.31742126,1.674212598,,,,84.8,2503,6.3,849825,661388,641343,668930,666152,806198,694192,669003,686217,54.17,,0.0,0.0,1,0,0,,2,3,Changeup,0,0,0,0,0,0,0,0,Strategic,Standard,262,0.01,-0.163,40.1,6.5,6.034958856,,0.163,,0,0,0.528,0.472,24,26,24,27,1,0,,,,,2.84,1.59,-1.59,,6.6173403715777095,1.1846843667220224,39.49668367064415,46.16724239588806,31.84108591881453,10,4
FF,2026-10-04,95.3,-1.66,5.08,"Henderson, Logan",687957,701656,,foul,,,,,1,,D,L,R,MIL,SD,S,,,0,1,2026,-0.96,1.54,-0.5478976266769109,2.931671805242368,,,,1,1,Top,,,,,,,5.069524046576032,-138.72713768095986,-3.3429347814793706,-13.556108724279875,31.08624571558992,-11.793810960097773,3.31742126,1.674212598,166,77.6,14,95.2,2445,6.2,849825,661388,641343,668930,666152,806198,694192,669003,686217,54.27,,,,,,,,2,2,4-Seam Fastball,0,0,0,0,0,0,0,0,Standard,Standard,221,0.004,-0.057,62.9,5.8,,,0.057,88.0,0,0,0.524,0.476,24,26,24,27,1,0,,,,,0.97,0.96,-0.96,,-3.188829511975506,6.296055974980864,39.62955209956833,38.192496506257605,22.095657470816818,10,4
FF,2026-10-04,93.1,-1.56,5.04,"Henderson, Logan",687957,701656,,swinging_strike,,,,,1,,D,L,R,MIL,SD,S,,,0,0,2026,-1.07,1.38,-0.478938208303773,3.2208270300552133,,,,1,1,Top,,,,,,,5.13835543099119,-135.4667120402357,-1.809043037131529,-14.334127042439558,29.819985607859657,-15.044708735590602,3.31742126,1.674212598,,,,93.1,2322,6.3,849825,661388,641343,668930,666152,806198,694192,669003,686217,54.16,,,,,,,,2,1,4-Seam Fastball,0,0,0,0,0,0,0,0,Standard,Standard,219,0.002,-0.041,66.1,6.0,0.100262124,,0.041,,0,0,0.522,0.478,24,26,24,27,1,0,,,,,1.26,1.07,-1.07,,4.823016168766291,2.454738842837574,36.882593646573135,37.21208133298315,26.84214808446653,10,4
CH,2026-10-04,82.3,-1.68,5.0,"Henderson, Logan",665487,701656,strikeout,swinging_strike,,,,,11,Fernando Tatis Jr. strikes out swinging.,D,R,R,MIL,SD,S,2,,3,2,2026,-1.66,0.47,-0.8825750830948242,3.576332857108367,,,,0,1,Top,,,,,,,5.086115314119499,-119.75365639583175,2.544557925471538,-16.93181987998241,23.55747924651883,-28.381855431133413,3.346382874,1.68882874,,,,82.6,2470,6.5,849825,661388,641343,668930,666152,806198,694192,669003,686217,53.99,,0.0,0.0,1,0,0,,1,6,Changeup,0,0,0,0,0,0,0,0,Strategic,Standard,259,0.027,-0.346,69.7,5.9,0.894936168,,0.346,,0,0,0.495,0.505,24,27,24,27,1,0,,,,,2.9,1.66,1.66,,7.856962935453447,14.850061929926744,24.45366037737939,28.07596239411699,24.9565188173896,10,4
FF,2026-10-04,95.0,-1.58,5.05,"Henderson, Logan",665487,701656,,ball,,,,,11,,D,R,R,MIL,SD,B,,,2,2,2026,-1.22,1.4,-0.0859628543261361,4.1928257826881765,,,,0,1,Top,,,,,,,6.648854048127898,-138.16173620655437,0.389692530323807,-17.129605979493775,32.001728748601806,-14.66174282542802,3.346382874,1.68882874,,,,94.8,2307,6.3,849825,661388,641343,668930,666152,806198,694192,669003,686217,54.2,,,,,,,,1,5,4-Seam Fastball,0,0,0,0,0,0,0,0,Strategic,Standard,228,-0.008,0.113,,,,,-0.113,,0,0,0.503,0.497,24,27,24,27,1,0,,,,,1.14,1.22,1.22,,,,,,,10,4
FF,2026-10-04,93.8,-1.66,5.0,"Henderson, Logan",665487,701656,,foul,,,,,13,,D,R,R,MIL,SD,S,,,2,1,2026,-1.21,1.36,-0.8929665101382103,2.2665566715394148,,,,0,1,Top,,,,,,,4.659575630260316,-136.45172088879937,-4.197726585708057,-16.09064443690035,31.490778773973283,-14.447987250721091,3.346382874,1.68882874,,,,93.6,2491,6.3,849825,661388,641343,668930,666152,806198,694192,669003,686217,54.19,,,,,,,,1,4,4-Seam Fastball,0,0,0,0,0,0,0,0,Strategic,Standard,222,0.007,-0.077,76.9,7.4,,,0.077,,0,0,0.496,0.504,24,27,24,27,1,0,,,,,1.24,1.21,1.21,,9.33349069316768,-5.675783031134488,39.88212105976719,27.91946032246027,28.80360557167087,10,4
FF,2026-10-04,95.3,-1.58,5.14,"Henderson, Logan",665487,701656,,ball,,,,,12,,D,R,R,MIL,SD,B,,,1,1,2026,-1.04,1.42,0.9521662195467278,3.35164636980263,,,,0,1,Top,,,,,,,8.930582714519918,-138.4682007354747,-2.08934708255629,-15.447719319990684,32.895472544849035,-13.718080458365874,3.346382874,1.68882874,,,,94.9,2474,6.3,849825,661388,641343,668930,666152,806198,694192,669003,686217,54.2,,,,,,,,1,3,4-Seam Fastball,0,0,0,0,0,0,0,0,Strategic,Standard,222,-0.005,0.063,,,,,-0.063,,0,0,0.501,0.499,24,27,24,27,1,0,,,,,1.11,1.04,1.04,,,,,,,10,4
CH,2026-10-04,84.6,-1.67,5.01,"Henderson, Logan",665487,701656,,swinging_strike,,,,,6,,D,R,R,MIL,SD,S,,,1,0,2026,-1.87,0.36,0.3555184941482392,2.310206517506818,,,,0,1,Top,,,,,,,8.424243707848174,-122.83011385098676,-0.411868236708255,-20.6299037073381,25.815670625519733,-28.67060064069293,3.346382874,1.68882874,,,,84.1,2627,6.2,849825,661388,641343,668930,666152,806198,694192,669003,686217,54.26,,,,,,,,1,2,Changeup,0,0,0,0,0,0,0,0,Strategic,Standard,261,0.005,-0.055,78.9,8.6,6.383916864,,0.055,,0,0,0.496,0.504,24,27,24,27,1,0,,,,,2.85,1.87,1.87,,17.528943131508147,-39.93757732523604,23.326072918924712,42.53653910908481,53.65841706205228,10,4
FF,2026-10-04,95.4,-1.55,5.08,"Henderson, Logan",665487,701656,,ball,,,,,14,,D,R,R,MIL,SD,B,,,0,0,2026,-1.24,1.41,0.7031285961698646,1.151461388984396,,,,0,1,Top,,,,,,,8.6516183066844,-138.4682249577613,-7.622306107312171,-17.868374518687418,32.60403624569574,-12.432055412178812,3.346382874,1.68882874,,,,95.0,2417,6.3,849825,661388,641343,668930,666152,806198,694192,669003,686217,54.21,,,,,,,,1,1,4-Seam Fastball,0,0,0,0,0,0,0,0,Strategic,Standard,220,-0.004,0.042,,,,,-0.042,,0,0,0.5,0.5,24,27,24,27,1,0,,,,,1.12,1.24,1.24,,,,,,,10,4
CH,2026-10-04,88.3,-2.97,5.24,"Iglesias, Raisel",800543,628452,field_out,hit_into_play,,,,,7,Josue De Paula pops out to third baseman Austin Riley in foul territory.,D,L,R,LAD,ATL,X,5,popup,1,1,2026,-1.35,0.34,-0.6497932596934555,1.674171616107909,,,,2,9,Bot,100.41,197.82,,,,,8.432185091128984,-128.36391196774483,-3.068183986664697,-16.692378402972057,27.387919312270363,-28.01572136173094,3.351648622,1.691486221,62,72.9,82,88.2,2047,6.3,849823,686948,621566,645277,663586,643289,573262,671739,660670,54.16,0.003,0.003,0.0,1,0,0,3,77,3,Changeup,2,3,2,3,3,2,2,3,Strategic,Strategic,248,-0.047,-0.249,62.5,8.5,,0.003,0.249,88.0,-1,-1,0.047,0.047,36,21,36,21,1,0,,,,,2.6,1.35,-1.35,,19.941490477037444,-17.902997496973725,39.15866445407707,43.80728385612704,42.34535506691336,10,4
FF,2026-10-04,95.6,-3.75,5.04,"Iglesias, Raisel",800543,628452,,ball,,,,,11,,D,L,R,LAD,ATL,B,,,0,1,2026,-0.91,1.1,-1.4626200754561367,3.7663466435544937,,,,2,9,Bot,,,,,,,8.046123271871302,-139.06302045129596,-0.1053610628558635,-13.58772025043904,31.40698840862955,-18.074976721803733,3.351648622,1.691486221,,,,95.8,2308,6.4,849823,686948,621566,645277,663586,643289,573262,671739,660670,54.05,,,,,,,,77,2,4-Seam Fastball,2,3,2,3,3,2,2,3,Strategic,Strategic,234,0.0,0.032,,,,,-0.032,,-1,-1,0.047,0.047,36,21,36,21,1,0,,,,,1.4,0.91,-0.91,,,,,,,10,4
FF,2026-10-04,95.5,-3.06,5.44,"Iglesias, Raisel",800543,628452,,swinging_strike,,,,,1,,D,L,R,LAD,ATL,S,,,0,0,2026,-0.9,1.3,-0.6795707101484791,3.084076886878024,,,,2,9,Bot,,,,,,,8.227714386534197,-138.927604967151,-3.383186012776883,-13.50484964225302,30.685444393163888,-14.733316363885685,3.351648622,1.691486221,,,,95.3,2375,6.1,849823,686948,621566,645277,663586,643289,573262,671739,660670,54.36,,,,,,,,77,1,4-Seam Fastball,2,3,2,3,3,2,2,3,Standard,Strategic,227,0.0,-0.046,70.2,6.4,0.279195372,,0.046,,-1,-1,0.047,0.047,36,21,36,21,1,0,,,,,1.2,0.9,-0.9,,-1.0909568625440094,17.80997468277616,34.47829323618858,43.14784234774787,18.05260350075482,10,4
FF,2026-10-04,98.7,-2.67,4.64,"Fuentes, Didier",571970,800311,home_run,hit_into_play,,,,,7,Max Muncy homers (2) on a fly ball to right center field.,D,L,R,LAD,ATL,X,,fly_ball,3,2,2026,-0.7,1.24,-0.4547775574105149,1.8803472299431472,,,,2,9,Bot,183.8,48.86,,,,,7.73074314854643,-143.54084653706124,-4.862247517325499,-11.477556547911062,34.07373009680266,-14.073511024386043,3.127854331,1.578543307,397,108.8,24,100.0,2144,7.1,849823,686948,621566,645277,663586,643289,573262,671739,660670,53.39,0.983,1.946,2.0,1,0,3,6,76,7,4-Seam Fastball,1,3,1,3,3,2,2,3,Strategic,Standard,226,0.027,2.549,73.8,7.1,,3.777,-2.549,108.8,-2,-2,0.02,0.02,21,35,21,36,2,2,,,,,1.11,0.7,-0.7,,16.996870337572513,-4.521772297466699,38.62141946212495,41.66146919473288,37.94850778919686,10,4
FF,2026-10-04,97.2,-2.56,4.81,"Fuentes, Didier",571970,800311,,foul,,,,,11,,D,L,R,LAD,ATL,S,,,3,2,2026,-0.91,1.03,-1.0224987436579691,2.361917693539729,,,,2,9,Bot,,,,,,,6.295268582538792,-141.4137090762529,-3.2857608076834355,-13.643146283588411,33.22131607255193,-17.77796433393899,3.127854331,1.578543307,199,83.4,17,98.5,2025,7.1,849823,686948,621566,645277,663586,643289,573262,671739,660670,53.39,,,,,,,,76,6,4-Seam Fastball,1,3,1,3,3,1,1,3,Strategic,Standard,223,0.0,0.0,68.5,7.1,,,0.0,88.0,-2,-2,0.02,0.02,21,35,21,36,2,2,,,,,1.39,0.91,-0.91,,18.06497800840776,-4.818592359492452,35.00812008482419,47.99210791866058,40.16771535274044,10,4
SL,2026-10-04,84.2,-2.45,4.81,"Fuentes, Didier",571970,800311,,ball,,,,,13,,D,L,R,LAD,ATL,B,,,2,2,2026,0.88,-0.34,-1.3275434736020777,1.7049935062728054,,,,2,9,Bot,,,,,,,0.7810893314644628,-122.6263086135635,0.0399168995336451,8.800574760426404,23.50492465296549,-35.802182695642784,3.127854331,1.578543307,,,,85.2,2475,6.8,849823,686948,621566,645277,663586,643289,573262,671739,660670,53.67,,,,,,,,76,5,Slider,1,3,1,3,3,1,1,3,Strategic,Standard,86,0.005,0.085,,,,,-0.085,,-2,-2,0.015,0.015,21,35,21,36,2,2,,,,,3.54,-0.88,0.88,,,,,,,10,4
FF,2026-10-04,99.3,-2.45,4.75,"Fuentes, Didier",571970,800311,,ball,,,,,11,,D,L,R,LAD,ATL,B,,,1,2,2026,-0.9,1.17,-1.1327090124424872,3.804657868829573,,,,2,9,Bot,,,,,,,5.78183761655513,-144.53957502704202,0.1696006667045098,-13.993420488439805,34.69547414864631,-16.060728368566576,3.127854331,1.578543307,,,,100.4,2147,6.9,849823,686948,621566,645277,663586,643289,573262,671739,660670,53.56,,,,,,,,76,4,4-Seam Fastball,1,3,1,3,3,1,1,3,Strategic,Standard,226,0.0,0.04,,,,,-0.04,,-2,-2,0.015,0.015,21,35,21,36,2,2,,,,,1.15,0.9,-0.9,,,,,,,10,4
FF,2026-10-04,99.9,-2.48,4.85,"Fuentes, Didier",571970,800311,,foul,,,,,1,,D,L,R,LAD,ATL,S,,,1,1,2026,-1.0,1.19,-0.4769583463416955,3.002488663166665,,,,2,9,Bot,,,,,,,7.927631310092419,-145.23617236143704,-2.422260265729668,-16.06622756113362,34.177511838159425,-14.917099469004542,3.127854331,1.578543307,217,84.5,63,101.0,2219,6.9,849823,686948,621566,645277,663586,643289,573262,671739,660670,53.56,,,,,,,,76,3,4-Seam Fastball,1,3,1,3,3,1,1,3,Strategic,Strategic,225,0.0,-0.065,67.7,6.3,,,0.065,88.0,-2,-2,0.015,0.015,21,35,21,36,2,2,,,,,1.1,1.0,-1.0,,9.355130429627694,0.9329099932895952,29.644503815511097,42.36154840791204,31.537361597226266,10,4
FF,2026-10-04,99.6,-2.56,4.8,"Fuentes, Didier",571970,800311,,foul,,,,,5,,D,L,R,LAD,ATL,S,,,1,0,2026,-0.88,1.18,-0.0852777577204633,2.342619642738093,,,,2,9,Bot,,,,,,,8.886345950482843,-144.74923932603366,-3.961425810598837,-14.554830086846378,36.33632131448702,-14.936963685953533,3.127854331,1.578543307,201,79.5,19,100.2,2318,6.8,849823,686948,621566,645277,663586,643289,573262,671739,660670,53.66,,,,,,,,76,2,4-Seam Fastball,1,3,1,3,3,1,1,3,Strategic,Standard,221,-0.003,-0.056,67.7,5.6,,,0.056,88.0,-2,-2,0.018,0.018,21,35,21,36,2,2,,,,,1.14,0.88,-0.88,,-1.1952804648067414,19.881196638164923,37.46925248595283,37.62237133174485,22.912463059684807,10,4
FS,2026-10-04,89.6,-2.55,4.58,"Fuentes, Didier",571970,800311,,ball,,,,,13,,D,L,R,LAD,ATL,B,,,0,0,2026,-1.59,0.06,-0.3877256357046479,0.8320632083050574,,,,2,9,Bot,,,,,,,8.79311147058805,-130.17650427423231,-3.149352232362517,-19.97051997859015,27.50097543502225,-31.038641787475488,3.127854331,1.578543307,,,,90.4,1749,6.9,849823,686948,621566,645277,663586,643289,573262,671739,660670,53.61,,,,,,,,76,1,Split-Finger,1,3,1,3,3,1,1,3,Infield shade,Standard,253,0.003,0.042,,,,,-0.042,,-2,-2,0.015,0.015,21,35,21,36,2,2,,,,,2.79,1.59,-1.59,,,,,,,10,4
FF,2026-10-04,98.8,-2.55,4.82,"Fuentes, Didier",681624,800311,field_out,hit_into_play,,,,,8,"Andy Pages grounds out, second baseman Ozzie Albies to first baseman Matt Olson.",D,R,R,LAD,ATL,X,4,ground_ball,0,0,2026,-0.91,1.01,-0.1237749709562066,2.02437855843423,,,,1,9,Bot,121.27,139.7,,,,,8.811231566547562,-143.56421579647673,-4.416304388949533,-14.62966234683416,33.71805203441109,-17.321422853616344,3.23667979,1.633464567,6,85.9,-18,100.2,2233,7.2,849823,686948,621566,645277,663586,643289,573262,671739,660670,53.32,0.073,0.07,0.0,1,0,0,2,75,1,4-Seam Fastball,1,3,1,3,3,1,1,3,Standard,Standard,220,-0.032,-0.261,72.5,7.2,,0.088,0.261,88.0,-2,-2,0.047,0.047,21,25,21,26,2,3,,,,,1.33,0.91,0.91,,-9.66022404048017,14.034540481237762,46.1808482550811,34.5031375101333,17.16148987082049,10,4
FF,2026-10-04,99.0,-2.43,4.89,"Fuentes, Didier",663656,800311,field_out,hit_into_play,,,,,2,Kyle Tucker flies out to left fielder Mike Yastrzemski.,D,L,R,LAD,ATL,X,7,fly_ball,0,1,2026,-0.61,1.2,0.08913863658706,3.2514476267294103,,,,0,9,Bot,43.5,111.44,,,,,8.350503715020572,-144.0065009590286,-1.7572746629599527,-10.393026508715115,33.64130687893679,-15.273615056377514,3.350770997,1.691043307,297,85.7,39,100.3,2091,7.1,849823,686948,621566,645277,663586,643289,573262,671739,660670,53.44,0.011,0.014,0.0,1,0,0,3,74,2,4-Seam Fastball,1,3,1,3,3,1,1,3,Strategic,Strategic,218,-0.041,-0.218,67.4,5.6,,0.021,0.218,88.0,-2,-2,0.088,0.088,21,29,21,29,2,3,,,,,1.13,0.61,-0.61,,-9.113250212319166,8.30530841958132,33.9977415980145,32.032212879121474,20.030395903109696,10,4
FS,2026-10-04,86.7,-2.57,4.58,"Fuentes, Didier",663656,800311,,called_strike,,,,,9,,D,L,R,LAD,ATL,S,,,0,0,2026,-1.37,0.3,0.7767254875780911,1.8724996879031413,,,,0,9,Bot,,,,,,,10.85471356375845,-125.85508540482982,-0.7173686387383631,-16.621454356429513,23.087151538112234,-29.0652928116874,3.350770997,1.691043307,,,,88.1,1706,7.1,849823,686948,621566,645277,663586,643289,573262,671739,660670,53.43,,,,,,,,74,1,Split-Finger,1,3,1,3,3,1,1,3,Standard,Strategic,259,-0.007,-0.041,,,,,0.041,,-2,-2,0.095,0.095,21,29,21,29,2,3,,,,,2.73,1.37,-1.37,,,,,,,10,4
FS,2026-10-04,89.5,-1.93,6.25,"Sasaki, Roki",671739,808963,field_out,hit_into_play,,,,,5,"Michael Harris II grounds out, second baseman Tommy Edman to first baseman Freddie Freeman.",D,L,R,LAD,ATL,X,4,ground_ball,3,2,2026,-0.32,-0.11,-0.2437708729874281,2.405179782735223,,,,2,9,Top,156.37,157.26,,,,,4.834862903606052,-130.21292507181963,-3.0292016598118185,-4.633684328532084,27.52274797072794,-32.98214377090444,3.181389436,1.605561024,8,98.9,-16,90.5,965,6.9,849823,669257,518692,669242,571970,605141,606192,681624,663656,53.57,0.177,0.159,0.0,1,0,0,2,73,7,Split-Finger,1,3,3,1,3,1,3,1,Infield shade,Standard,250,0.006,-0.308,78.4,8.0,,0.192,0.308,98.9,-2,2,0.089,0.911,24,25,25,25,1,4,,,,,2.96,0.32,-0.32,,5.917817112375023,5.844184339669711,28.046712097543534,39.36731564827623,31.750313828344225,10,4
FS,2026-10-04,90.8,-1.95,6.2,"Sasaki, Roki",671739,808963,,ball,,,,,14,,D,L,R,LAD,ATL,B,,,2,2,2026,0.39,-0.11,1.6942950109667456,2.2637875890203905,,,,2,9,Top,,,,,,,8.257416530955155,-131.98204227128778,-3.4563460791917957,2.665815461917557,29.55772771369,-32.85085546141587,3.181389436,1.605561024,,,,91.7,1163,7.0,849823,669257,518692,669242,571970,605141,606192,681624,663656,53.47,,,,,,,,73,6,Split-Finger,1,3,3,1,3,1,3,1,Infield shade,Standard,278,-0.002,0.085,,,,,-0.085,,-2,2,0.091,0.909,24,25,25,25,1,4,,,,,2.89,-0.39,0.39,,,,,,,10,4
FS,2026-10-04,92.0,-1.84,6.29,"Sasaki, Roki",671739,808963,,foul,,,,,8,,D,L,R,LAD,ATL,S,,,2,2,2026,0.0,-0.2,0.2168535642631676,1.8311214910502944,,,,2,9,Top,,,,,,,5.195407854159967,-133.79362466611332,-4.729312375833102,-1.2355297653742283,32.859474532245564,-33.594662485855935,3.181389436,1.605561024,,,,92.3,987,6.8,849823,669257,518692,669242,571970,605141,606192,681624,663656,53.68,,,,,,,,73,5,Split-Finger,1,3,3,1,3,1,3,1,Infield shade,Standard,248,0.0,0.0,70.0,9.0,,,0.0,,-2,2,0.091,0.909,24,25,25,25,1,4,,,,,2.93,0.0,0.0,,19.070336697866388,-27.252293626648022,25.78209679100334,34.64078965491791,45.67742533986733,10,4
FS,2026-10-04,92.2,-1.86,6.19,"Sasaki, Roki",671739,808963,,ball,,,,,14,,D,L,R,LAD,ATL,B,,,1,2,2026,-0.87,0.12,0.7186547858832231,0.2936479929137157,,,,2,9,Top,,,,,,,8.471969409540524,-133.9002702166032,-9.246982870879377,-12.258371662171914,26.725156959654047,-28.985613065876453,3.181389436,1.605561024,,,,93.3,1385,6.9,849823,669257,518692,669242,571970,605141,606192,681624,663656,53.6,,,,,,,,73,4,Split-Finger,1,3,3,1,3,1,3,1,Standard,Standard,244,0.0,0.04,,,,,-0.04,,-2,2,0.091,0.909,24,25,25,25,1,4,,,,,2.56,0.87,-0.87,,,,,,,10,4
FS,2026-10-04,93.1,-1.8,6.21,"Sasaki, Roki",671739,808963,,swinging_strike,,,,,13,,D,L,R,LAD,ATL,S,,,1,1,2026,-1.14,0.14,-0.8646956495564369,1.4885763521206177,,,,2,9,Top,,,,,,,4.924484516246984,-135.49205084583656,-6.422884526737927,-15.074283154102158,29.74995821999498,-29.210874041069943,3.181389436,1.605561024,,,,93.6,1038,6.6,849823,669257,518692,669242,571970,605141,606192,681624,663656,53.93,,,,,,,,73,3,Split-Finger,1,3,3,1,3,1,3,1,Standard,Standard,239,0.001,-0.065,71.6,8.6,0.332957112,,0.065,,-2,2,0.09,0.91,24,25,25,25,1,4,,,,,2.49,1.14,-1.14,,12.852927502350605,4.474215024919151,29.948558431167797,47.16806834950894,28.045907945240607,10,4
FF,2026-10-04,100.5,-2.01,6.17,"Sasaki, Roki",671739,808963,,called_strike,,,,,7,,D,L,R,LAD,ATL,S,,,1,0,2026,-1.04,1.34,-0.3520140799545292,1.9522789470670732,,,,2,9,Top,,,,,,,7.110020231870218,-145.87274918190872,-9.353970662699798,-16.581642787026,35.09016338027385,-11.047703048736931,3.181389436,1.605561024,,,,101.3,2467,6.9,849823,669257,518692,669242,571970,605141,606192,681624,663656,53.59,,,,,,,,73,2,4-Seam Fastball,1,3,3,1,3,1,3,1,Standard,Standard,219,0.0,-0.056,,,,,0.056,,-2,2,0.09,0.91,24,25,25,25,1,4,,,,,0.94,1.04,-1.04,,,,,,,10,4
SL,2026-10-04,87.1,-1.94,6.17,"Sasaki, Roki",671739,808963,,ball,,,,,13,,D,L,R,LAD,ATL,B,,,0,0,2026,-0.08,-0.2,-1.8107459762818583,1.9981649356113933,,,,2,9,Top,,,,,,,0.471321572674939,-126.85505246626,-3.223648415717763,-0.9388608878349008,25.86070927101632,-33.893924397249066,3.181389436,1.605561024,,,,87.8,2136,6.7,849823,669257,518692,669242,571970,605141,606192,681624,663656,53.84,,,,,,,,73,1,Slider,1,3,3,1,3,1,3,1,Standard,Standard,45,0.0,0.042,,,,,-0.042,,-2,2,0.09,0.91,24,25,25,25,1,4,,,,,3.2,0.08,-0.08,,,,,,,10,4
FF,2026-10-04,102.1,-1.9,6.24,"Sasaki, Roki",645277,808963,field_out,hit_into_play,,,,,13,Ozzie Albies grounds out to first baseman Freddie Freeman.,D,L,R,LAD,ATL,X,3,ground_ball,1,2,2026,-0.95,1.36,-0.8966653294057471,1.3564193410716707,,,,1,9,Top,143.17,185.1,,,,,5.16648915186614,-148.2668946921825,-11.672120691466011,-15.202933358298326,33.91976060014812,-9.467823939449117,2.984801509,1.506348425,1,73.1,-44,103.2,2408,6.9,849823,669257,518692,669242,571970,605141,606192,681624,663656,53.61,0.192,0.173,0.0,1,0,0,2,72,5,4-Seam Fastball,1,3,3,1,3,1,3,1,Infield shade,Standard,218,0.004,-0.182,66.9,7.2,,0.196,0.182,88.0,-2,2,0.086,0.914,24,29,25,29,1,4,,,,,0.82,0.95,-0.95,,8.196891906373601,4.343847466524739,34.20177041737527,39.5538069057165,36.95676624519209,10,4
FS,2026-10-04,92.0,-1.94,6.29,"Sasaki, Roki",645277,808963,,foul,,,,,5,,D,L,R,LAD,ATL,S,,,1,2,2026,0.05,-0.15,-0.1092693685088405,2.1886891875187398,,,,1,9,Top,,,,,,,4.506896010433496,-133.84719620010284,-3.966388427243517,-0.4885979291664759,31.175021442145734,-33.26997757595682,2.984801509,1.506348425,180,65.6,51,92.5,1317,6.8,849823,669257,518692,669242,571970,605141,606192,681624,663656,53.74,,,,,,,,72,4,Split-Finger,1,3,3,1,3,1,3,1,Infield shade,Standard,246,0.0,0.0,58.1,6.1,,,0.0,88.0,-2,2,0.086,0.914,24,29,25,29,1,4,,,,,2.86,-0.05,0.05,,-2.4398929117464085,16.04606410074147,31.00398113153246,30.99600856213156,26.862082109140854,10,4
FS,2026-10-04,91.9,-1.88,6.31,"Sasaki, Roki",645277,808963,,called_strike,,,,,4,,D,L,R,LAD,ATL,S,,,1,1,2026,-0.54,-0.05,-0.7723495818356364,2.121372058139784,,,,1,9,Top,,,,,,,3.9942879845681896,-133.89821916742196,-4.503264543583451,-7.308663559062657,26.76050507589649,-32.07713031745142,2.984801509,1.506348425,,,,93.0,1020,6.7,849823,669257,518692,669242,571970,605141,606192,681624,663656,53.79,,,,,,,,72,3,Split-Finger,1,3,3,1,3,1,3,1,Infield shade,Standard,241,0.002,-0.07,,,,,0.07,,-2,2,0.084,0.916,24,29,25,29,1,4,,,,,2.73,0.54,-0.54,,,,,,,10,4
FF,2026-10-04,100.3,-1.93,6.23,"Sasaki, Roki",645277,808963,,foul,,,,,5,,D,L,R,LAD,ATL,S,,,1,0,2026,-1.04,1.51,0.1282787011667807,1.9796802744296464,,,,1,9,Top,,,,,,,8.197906225378077,-145.59056706767754,-9.869358239028054,-16.743846276188908,33.679345259432495,-8.510505532849413,2.984801509,1.506348425,,,,101.4,2556,7.0,849823,669257,518692,669242,571970,605141,606192,681624,663656,53.54,,,,,,,,72,2,4-Seam Fastball,1,3,3,1,3,1,3,1,Standard,Standard,215,0.001,-0.049,72.4,6.7,,,0.049,,-2,2,0.083,0.917,24,29,25,29,1,4,,,,,0.76,1.04,-1.04,,7.117483235088547,0.8052599685966382,41.38097638805672,28.55372870000628,29.12116427162713,10,4
FS,2026-10-04,92.2,-1.92,6.23,"Sasaki, Roki",645277,808963,,ball,,,,,13,,D,L,R,LAD,ATL,B,,,0,0,2026,-1.17,0.13,-1.10017674089691,1.0698550131808546,,,,1,9,Top,,,,,,,4.683917388807931,-134.21878620253426,-7.425736721299027,-15.139962271115472,26.775466366517435,-29.329454254280957,2.984801509,1.506348425,,,,93.4,1017,6.8,849823,669257,518692,669242,571970,605141,606192,681624,663656,53.69,,,,,,,,72,1,Split-Finger,1,3,3,1,3,1,3,1,Standard,Standard,241,-0.001,0.041,,,,,-0.041,,-2,2,0.084,0.916,24,29,25,29,1,4,,,,,2.54,1.17,-1.17,,,,,,,10,4
FF,2026-10-04,101.3,-1.84,6.29,"Sasaki, Roki",621566,808963,strikeout,swinging_strike,,,,,9,Matt Olson strikes out swinging.,D,L,R,LAD,ATL,S,2,,1,2,2026,-0.86,1.55,0.3040015379034912,2.015832805809159,,,,0,9,Top,,,,,,,8.108572964481496,-146.94477467586069,-10.237112258799186,-14.437499604747185,36.04510155676332,-7.407571331116167,3.37183399,1.701673228,,,,102.4,2588,7.1,849823,669257,518692,669242,571970,605141,606192,681624,663656,53.38,,0.0,0.0,1,0,0,,71,4,4-Seam Fastball,1,3,3,1,3,1,3,1,Infield shade,Standard,214,0.006,-0.186,77.0,6.9,1.221259704,,0.186,,-2,2,0.078,0.922,24,32,25,32,1,4,,,,,0.69,0.86,-0.86,,-11.902508116221668,11.668710097122863,45.80472553858028,34.05910188688282,21.0784478609216,10,4
FF,2026-10-04,100.9,-1.88,6.24,"Sasaki, Roki",621566,808963,,swinging_strike,,,,,8,,D,L,R,LAD,ATL,S,,,1,1,2026,-0.91,1.51,0.1477367200420779,1.7614974439331106,,,,0,9,Top,,,,,,,7.857565077688766,-146.37264869054027,-10.595667635982572,-14.953035344260492,36.11547670625578,-8.129800161722539,3.37183399,1.701673228,,,,101.8,2527,7.0,849823,669257,518692,669242,571970,605141,606192,681624,663656,53.47,,,,,,,,71,3,4-Seam Fastball,1,3,3,1,3,1,3,1,Infield shade,Standard,218,0.002,-0.06,75.5,7.3,0.1,,0.06,,-2,2,0.076,0.924,24,32,25,32,1,4,,,,,0.76,0.91,-0.91,,-5.414255395698147,7.731882226153647,43.87138495021432,36.3398698840342,20.89567951830721,10,4
FS,2026-10-04,92.4,-1.93,6.24,"Sasaki, Roki",621566,808963,,ball,,,,,11,,D,L,R,LAD,ATL,B,,,0,1,2026,-0.78,0.23,-1.329181780326385,2.8337205428790635,,,,0,9,Top,,,,,,,3.283312636962905,-134.6185259853741,-3.225235278794264,-10.15623032829153,27.11422374864921,-28.96716748253169,3.37183399,1.701673228,,,,93.9,977,7.0,849823,669257,518692,669242,571970,605141,606192,681624,663656,53.54,,,,,,,,71,2,Split-Finger,1,3,3,1,3,1,3,1,Infield shade,Standard,244,-0.001,0.029,,,,,-0.029,,-2,2,0.077,0.923,24,32,25,32,1,4,,,,,2.42,0.78,-0.78,,,,,,,10,4
FS,2026-10-04,91.0,-1.89,6.24,"Sasaki, Roki",621566,808963,,swinging_strike,,,,,4,,D,L,R,LAD,ATL,S,,,0,0,2026,-0.87,0.05,-0.6026856857350966,2.4004656865588063,,,,0,9,Top,,,,,,,5.180206155376162,-132.58512013088347,-3.715955892902688,-11.324055630462368,26.10616789887337,-31.016734132793903,3.37183399,1.701673228,,,,92.9,1157,7.2,849823,669257,518692,669242,571970,605141,606192,681624,663656,53.35,,,,,,,,71,1,Split-Finger,1,3,3,1,3,1,3,1,Infield shade,Standard,237,0.001,-0.041,81.5,9.1,0.728729316,,0.041,,-2,2,0.076,0.924,24,32,25,32,1,4,,,,,2.68,0.87,-0.87,,27.72551180263628,-40.580267100619686,28.227796210501182,44.54340931394779,54.76601777229457,10,4
FF,2026-10-04,98.8,-2.52,4.9,"Fuentes, Didier",606192,800311,field_out,hit_into_play,,,,,4,Teoscar Hernández flies out to right fielder Ronald Acuña Jr.,D,R,R,LAD,ATL,X,9,fly_ball,1,0,2026,-0.65,1.1,-0.7603934812492547,2.38391608267893,,,,2,8,Bot,197.06,110.16,,,,,6.312598586167463,-143.76849672094218,-3.8941784073431873,-10.404298413565954,31.927700440779603,-16.137627851204932,3.199819554,1.614862205,283,84.6,33,99.9,2166,6.8,849823,686948,621566,645277,663586,643289,573262,671739,660670,53.7,0.017,0.028,0.0,1,0,0,3,70,2,4-Seam Fastball,1,3,1,3,3,1,1,3,Standard,Standard,221,-0.02,-0.305,73.0,7.3,,0.044,0.305,88.0,-2,-2,0.096,0.096,21,33,21,34,1,3,,,,,1.22,0.65,0.65,,4.233543981617495,16.05014327564178,36.72306608467259,31.5887030861725,24.37752976690755,10,4
SL,2026-10-04,87.8,-2.56,4.82,"Fuentes, Didier",606192,800311,,ball,,,,,14,,D,R,R,LAD,ATL,B,,,0,0,2026,0.57,-0.05,0.9422977707624984,0.7916889434039578,,,,2,8,Bot,,,,,,,7.270963864936607,-127.75967373139186,-3.3945633224978224,4.986092953931573,22.852514882070945,-32.28150117720223,3.199819554,1.614862205,,,,89.4,2519,7.0,849823,686948,621566,645277,663586,643289,573262,671739,660670,53.5,,,,,,,,70,1,Slider,1,3,1,3,3,1,1,3,Standard,Standard,111,0.003,0.042,,,,,-0.042,,-2,-2,0.093,0.093,21,33,21,34,1,3,,,,,2.97,-0.57,-0.57,,,,,,,10,4
FS,2026-10-04,90.2,-2.56,4.61,"Fuentes, Didier",518692,800311,strikeout,called_strike,,,,,9,"Drake Baldwin challenged (pitch result), call on the field was overturned: Freddie Freeman called out on strikes.",D,L,R,LAD,ATL,S,2,,2,2,2026,-1.45,0.28,0.5077838063539901,1.6384210174986835,,,,1,8,Bot,,,,,,,10.79540262067906,-130.98958635709482,-1.8798999668780128,-18.898880999719267,26.00917745784501,-28.703791446136,3.382365486,1.706988189,,,,91.4,1834,7.0,849823,686948,621566,645277,663586,643289,573262,671739,660670,53.5,,0.0,0.0,1,0,0,,69,5,Split-Finger,1,3,1,3,3,1,1,3,Strategic,Standard,250,-0.025,-0.233,,,,,0.233,,-2,-2,0.118,0.118,21,36,21,37,1,3,,,,,2.52,1.45,-1.45,,,,,,,10,4
FF,2026-10-04,100.8,-2.39,4.93,"Fuentes, Didier",518692,800311,,ball,,,,,14,,D,L,R,LAD,ATL,B,,,1,2,2026,-0.76,1.07,1.117453415693857,1.5420486225553218,,,,1,8,Bot,,,,,,,11.594379468509938,-146.3415361614559,-6.517357619815943,-13.692690804634942,34.09230683786176,-15.38759441597355,3.382365486,1.706988189,,,,101.9,2166,7.0,849823,686948,621566,645277,663586,643289,573262,671739,660670,53.53,,,,,,,,69,4,4-Seam Fastball,1,3,1,3,3,1,1,3,Strategic,Standard,221,0.004,0.051,,,,,-0.051,,-2,-2,0.114,0.114,21,36,21,37,1,3,,,,,1.18,0.76,-0.76,,,,,,,10,4
FS,2026-10-04,90.3,-2.63,4.58,"Fuentes, Didier",518692,800311,,called_strike,,,,,13,,D,L,R,LAD,ATL,S,,,1,1,2026,-1.4,0.12,-0.0129607884184186,1.509233877340301,,,,1,8,Bot,,,,,,,9.575535961081547,-131.14106465951718,-1.74603103765125,-18.156754766898928,26.84783417865029,-30.623933339648616,3.382365486,1.706988189,,,,91.4,1711,7.0,849823,686948,621566,645277,663586,643289,573262,671739,660670,53.49,,,,,,,,69,3,Split-Finger,1,3,1,3,3,1,1,3,Strategic,Standard,251,-0.007,-0.07,,,,,0.07,,-2,-2,0.121,0.121,21,36,21,37,1,3,,,,,2.68,1.4,-1.4,,,,,,,10,4
SL,2026-10-04,84.2,-2.45,4.77,"Fuentes, Didier",518692,800311,,called_strike,,,,,14,,D,L,R,LAD,ATL,S,,,1,0,2026,0.95,0.02,0.796028385598387,1.615627684320441,,,,1,8,Bot,,,,,,,5.586861344116441,-122.59294212759698,-0.797344162429821,8.521941657643886,23.441323373286924,-32.02411584168801,3.382365486,1.706988189,,,,85.4,2570,7.0,849823,686948,621566,645277,663586,643289,573262,671739,660670,53.52,,,,,,,,69,2,Slider,1,3,1,3,3,1,1,3,Strategic,Standard,82,-0.008,-0.049,,,,,0.049,,-2,-2,0.129,0.129,21,36,21,37,1,3,,,,,3.18,-0.95,0.95,,,,,,,10,4
FF,2026-10-04,100.8,-2.48,4.9,"Fuentes, Didier",518692,800311,,ball,,,,,14,,D,L,R,LAD,ATL,B,,,0,0,2026,-0.85,1.31,0.6981007328240175,0.351605242294062,,,,1,8,Bot,,,,,,,10.86032378940031,-146.1629831196389,-10.288531731541326,-14.642292332865225,33.221678487380146,-11.032739854789352,3.382365486,1.706988189,,,,101.7,2152,6.9,849823,686948,621566,645277,663586,643289,573262,671739,660670,53.6,,,,,,,,69,1,4-Seam Fastball,1,3,1,3,3,1,1,3,Strategic,Standard,217,0.006,0.041,,,,,-0.041,,-2,-2,0.123,0.123,21,36,21,37,1,3,,,,,0.94,0.85,-0.85,,,,,,,10,4
FF,2026-10-04,98.6,-2.38,4.9,"Fuentes, Didier",669257,800311,strikeout,called_strike,,,,,6,"Will Smith challenged (pitch result), call on the field was confirmed: Will Smith called out on strikes.",D,R,R,LAD,ATL,S,2,,2,2,2026,-0.8,1.26,0.7106425793784731,2.3426422777310205,,,,0,8,Bot,,,,,,,10.30592460686643,-143.27411103221047,-4.347355259783168,-13.320312748136097,32.74424443454558,-13.954277405867694,3.137508202,1.583415354,,,,99.8,2166,7.0,849823,686948,621566,645277,663586,643289,573262,671739,660670,53.49,,0.0,0.0,1,0,0,,68,5,4-Seam Fastball,1,3,1,3,3,1,1,3,Standard,Standard,214,-0.037,-0.232,,,,,0.232,,-2,-2,0.16,0.16,21,31,21,31,1,3,,,,,1.09,0.8,0.8,,,,,,,10,4
FF,2026-10-04,100.6,-1.99,5.03,"Fuentes, Didier",669257,800311,,ball,,,,,14,,D,R,R,LAD,ATL,B,,,1,2,2026,-0.65,1.23,1.329658829096207,1.6672074386993794,,,,0,8,Bot,,,,,,,10.7791707528048,-146.04271642168533,-6.81915761721818,-11.84718356344184,33.36830236612514,-13.015463058647605,3.137508202,1.583415354,,,,101.7,2196,6.9,849823,686948,621566,645277,663586,643289,573262,671739,660670,53.57,,,,,,,,68,4,4-Seam Fastball,1,3,1,3,3,1,1,3,Standard,Standard,217,0.006,0.046,,,,,-0.046,,-2,-2,0.154,0.154,21,31,21,31,1,3,,,,,1.02,0.65,0.65,,,,,,,10,4
SL,2026-10-04,86.3,-2.17,4.89,"Fuentes, Didier",669257,800311,,ball,,,,,14,,D,R,R,LAD,ATL,B,,,0,2,2026,0.71,-0.33,2.272255806332981,1.0993089149738338,,,,0,8,Bot,,,,,,,9.02857811675212,-125.40895861115584,-1.921530072660788,5.866476997859564,23.803695145218864,-35.474089124854785,3.137508202,1.583415354,,,,87.3,2614,6.9,849823,686948,621566,645277,663586,643289,573262,671739,660670,53.61,,,,,,,,68,3,Slider,1,3,1,3,3,1,1,3,Standard,Standard,77,0.005,0.022,,,,,-0.022,,-2,-2,0.149,0.149,21,31,21,31,1,3,,,,,3.38,-0.71,-0.71,,,,,,,10,4
FF,2026-10-04,99.1,-2.49,4.9,"Fuentes, Didier",669257,800311,,foul,,,,,11,,D,R,R,LAD,ATL,S,,,0,1,2026,-0.77,1.19,-0.9650033741781704,2.8768617100481286,,,,0,8,Bot,,,,,,,6.003346110682754,-144.26317333360723,-2.7868174576502995,-12.178700692142591,34.382596208398695,-15.135606321952686,3.137508202,1.583415354,,,,100.0,2144,6.8,849823,686948,621566,645277,663586,643289,573262,671739,660670,53.69,,,,,,,,68,2,4-Seam Fastball,1,3,1,3,3,1,1,3,Standard,Standard,222,-0.011,-0.053,68.7,5.7,,,0.053,,-2,-2,0.16,0.16,21,31,21,31,1,3,,,,,1.13,0.77,0.77,,-5.41690343950951,27.466217572294063,38.24306646118711,26.818081291569424,16.252001015261264,10,4
FF,2026-10-04,97.6,-2.46,4.86,"Fuentes, Didier",669257,800311,,called_strike,,,,,1,,D,R,R,LAD,ATL,S,,,0,0,2026,-0.67,1.14,-0.2861852076420264,3.046316748250857,,,,0,8,Bot,,,,,,,7.433526612383865,-142.0457404435523,-1.9159773082116736,-10.780712808323784,32.744653196256166,-16.489224253382414,3.137508202,1.583415354,,,,98.8,2007,7.0,849823,686948,621566,645277,663586,643289,573262,671739,660670,53.52,,,,,,,,68,1,4-Seam Fastball,1,3,1,3,3,1,1,3,Standard,Standard,219,-0.007,-0.041,,,,,0.041,,-2,-2,0.167,0.167,21,31,21,31,1,3,,,,,1.25,0.67,0.67,,,,,,,10,4
FS,2026-10-04,91.9,-1.92,6.2,"Sasaki, Roki",660670,808963,grounded_into_double_play,hit_into_play,,,,,7,"Ronald Acuña Jr. grounds into a double play, shortstop Mookie Betts to second baseman Tommy Edman to first baseman Freddie Freeman. Drake Baldwin out at 2nd. Ronald Acuña Jr. out at 1st.",D,R,R,LAD,ATL,X,6,ground_ball,1,1,2026,-0.5,0.21,-0.5579019318467396,1.782073962467074,676551,663586,686948,1,8,Top,112.79,157.26,,,,,4.591559566685421,-133.78176959066212,-5.687053340640151,-6.945582068250379,27.29615861515953,-28.631163886888515,3.200697179,1.615305118,7,106.8,-15,93.8,1357,7.2,849823,669257,518692,669242,571970,605141,606192,681624,663656,53.26,0.219,0.197,0.0,1,0,0,2,67,3,Split-Finger,1,3,3,1,3,1,3,1,Strategic,Standard,237,0.078,-0.316,73.5,6.7,,0.225,0.316,106.8,-2,2,0.089,0.911,24,28,25,29,1,4,,,,,2.47,0.5,0.5,,-4.483077593261857,9.4094055624925,41.05024047977684,28.989722692186447,25.952345007591877,10,4
FS,2026-10-04,91.5,-1.88,6.25,"Sasaki, Roki",660670,808963,,ball,,,,,11,,D,R,R,LAD,ATL,B,,,0,1,2026,-0.5,-0.02,-0.9216362149284244,2.8478821553068334,676551,663586,686948,1,8,Top,,,,,,,3.521959851855287,-133.30332699468102,-2.527016779563433,-6.727338230587858,26.28411948275376,-32.13308222360631,3.200697179,1.615305118,,,,92.8,774,6.8,849823,669257,518692,669242,571970,605141,606192,681624,663656,53.71,,,,,,,,67,2,Split-Finger,1,3,3,1,3,1,3,1,Strategic,Standard,248,-0.004,0.03,,,,,-0.03,,-2,2,0.093,0.907,24,28,25,29,1,4,,,,,2.72,0.5,0.5,,,,,,,10,4
FF,2026-10-04,98.5,-1.8,6.23,"Sasaki, Roki",660670,808963,,foul,,,,,4,,D,R,R,LAD,ATL,S,,,0,0,2026,-0.9,1.41,-0.5116476684986843,2.264644182344664,676551,663586,686948,1,8,Top,,,,,,,5.668435984790539,-143.15432668773585,-8.49386739010741,-13.736247858551405,34.51234204977359,-10.928002154177374,3.200697179,1.615305118,209,74.5,24,99.6,2378,7.1,849823,669257,518692,669242,571970,605141,606192,681624,663656,53.42,,,,,,,,67,1,4-Seam Fastball,1,3,3,1,3,1,3,1,Strategic,Standard,218,0.006,-0.048,,,,,0.048,88.0,-2,2,0.087,0.913,24,28,25,29,1,4,,,,,0.95,0.9,0.9,,,,,,,10,4
,2026-10-04,,,,"Sasaki, Roki",686948,808963,intent_walk,automatic_ball,,,,,,Roki Sasaki intentionally walks Drake Baldwin.,D,L,R,LAD,ATL,B,,,3,0,2026,,,,,676551,663586,,1,8,Top,,,,,,,,,,,,,,,,,,,,,849823,669257,518692,669242,571970,605141,606192,681624,663656,,,,0.4,,0,0,,66,4,,1,3,3,1,3,1,3,1,,,,-0.001,,,,,,,,-2,2,0.088,0.912,24,25,25,25,1,4,,,,,,,,,,,,,,10,4
FS,2026-10-04,91.0,-1.9,6.25,"Sasaki, Roki",686948,808963,,ball,,,,,14,,D,L,R,LAD,ATL,B,,,2,0,2026,-0.82,-0.21,0.0151224007251545,0.882294763765838,676551,663586,,1,8,Top,,,,,,,6.581166793447866,-132.3365234942727,-6.927747570642139,-11.001912768144004,25.705005543798777,-33.435042828119315,3.205962927,1.617962598,,,,92.1,1188,6.8,849823,669257,518692,669242,571970,605141,606192,681624,663656,53.73,,,,,,,,66,3,Split-Finger,1,3,3,1,3,1,3,1,Strategic,Standard,241,0.0,0.006,,,,,-0.006,,-2,2,0.088,0.912,24,25,25,25,1,4,,,,,2.94,0.82,-0.82,,,,,,,10,4
FS,2026-10-04,92.0,-1.88,6.13,"Sasaki, Roki",686948,808963,,blocked_ball,,,,,14,,D,L,R,LAD,ATL,B,,,1,0,2026,-0.47,0.14,0.7470327520820447,0.0872436650695993,676551,663586,,1,8,Top,,,,,,,7.699282595044867,-133.6363726732293,-9.630788462164748,-7.19373347502423,26.158898580476677,-28.72214177415481,3.205962927,1.617962598,,,,93.5,1385,7.1,849823,669257,518692,669242,571970,605141,606192,681624,663656,53.44,,,,,,,,66,2,Split-Finger,1,3,3,1,3,1,3,1,Strategic,Standard,238,-0.001,0.042,,,,,-0.042,,-2,2,0.089,0.911,24,25,25,25,1,4,,,,,2.54,0.47,-0.47,,,,,,,10,4
FS,2026-10-04,90.7,-1.92,6.32,"Sasaki, Roki",686948,808963,,ball,,,,,11,,D,L,R,LAD,ATL,B,,,0,0,2026,-0.39,0.28,-1.1664697164379365,2.7761027747350697,676551,663586,,1,8,Top,,,,,,,2.745803151350148,-132.1676540938915,-3.4306748057545398,-5.154194261001908,25.528422012815643,-28.395857105808147,3.205962927,1.617962598,,,,92.0,1306,6.8,849823,669257,518692,669242,571970,605141,606192,681624,663656,53.75,,,,,,,,66,1,Split-Finger,1,3,3,1,3,1,3,1,Strategic,Standard,231,0.0,0.034,,,,,-0.034,,-2,2,0.089,0.911,24,25,25,25,1,4,,,,,2.46,0.39,-0.39,,,,,,,10,4
FF,2026-10-04,97.4,-1.83,6.22,"Sasaki, Roki",573262,808963,sac_bunt,hit_into_play,,,,,6,"Mike Yastrzemski out on a sacrifice bunt, third baseman Max Muncy to second baseman Tommy Edman. Brewer Hicklen to 3rd. Austin Riley to 2nd.",D,L,R,LAD,ATL,X,5,ground_ball,1,0,2026,-0.95,1.24,0.6141785990415656,2.6069187540367835,,676551,663586,0,8,Top,121.22,195.98,,,,,8.795528358437918,-141.43114397544605,-6.889293227585654,-14.838191260227994,33.607036451739006,-14.122923681413113,3.125221457,1.577214567,6,31.8,-23,98.3,2361,7.0,849823,669257,518692,669242,571970,605141,606192,681624,663656,53.5,,,0.2,0,0,0,1,65,2,4-Seam Fastball,1,3,3,1,3,1,3,1,Strategic,Standard,217,0.0,-0.035,8.2,1.0,,,0.035,88.0,-2,2,0.089,0.911,24,35,25,36,1,1,,,,,1.18,0.95,-0.95,,-84.89142446339712,-111.19403123350018,76.60484220324778,28.90901792913798,24.369603780892632,10,4
FS,2026-10-04,90.3,-1.93,6.22,"Sasaki, Roki",573262,808963,,ball,,,,,11,,D,L,R,LAD,ATL,B,,,0,0,2026,-0.69,0.21,-0.7278408542883724,4.355319832318514,,676551,663586,0,8,Top,,,,,,,4.512811800411103,-131.51069081642004,1.0002769190269154,-9.00204806827262,27.01714382065775,-30.09809130829769,3.125221457,1.577214567,,,,91.4,1079,6.8,849823,669257,518692,669242,571970,605141,606192,681624,663656,53.67,,,,,,,,65,1,Split-Finger,1,3,3,1,3,1,3,1,Strategic,Standard,237,-0.003,0.05,,,,,-0.05,,-2,2,0.092,0.908,24,35,25,36,1,1,,,,,2.57,0.69,-0.69,,,,,,,10,4
SL,2026-10-04,87.9,-1.91,6.3,"Sasaki, Roki",663586,808963,hit_by_pitch,hit_by_pitch,,,,,11,Austin Riley hit by pitch. Brewer Hicklen to 2nd.,D,R,R,LAD,ATL,B,,,3,2,2026,0.05,-0.01,-1.5779717613537108,3.633816900161565,,,676551,0,8,Top,,,,,,,0.6925370381252421,-127.89697031991663,-0.0456993993863443,0.4349513684894198,29.656873862922343,-32.555557331629146,3.273540026,1.652066929,,,,88.0,2036,6.6,849823,669257,518692,669242,571970,605141,606192,681624,663656,53.86,,0.729166,0.7,1,0,0,,64,7,Slider,1,3,3,1,3,1,3,1,Standard,Standard,67,-0.023,0.358,,,,,-0.358,,-2,2,0.115,0.885,24,29,25,29,1,3,,,,,2.99,-0.05,-0.05,,,,,,,10,4
FF,2026-10-04,99.4,-1.89,6.3,"Sasaki, Roki",663586,808963,,foul,,,,,11,,D,R,R,LAD,ATL,S,,,3,2,2026,-0.95,1.35,-1.3235984596484036,2.668546774851412,,,676551,0,8,Top,,,,,,,3.8024112085881465,-144.5585163158524,-7.5682238056642595,-14.185537726097934,33.32667642965328,-11.7316658792573,3.273540026,1.652066929,25,109.8,-5,100.0,2461,6.6,849823,669257,518692,669242,571970,605141,606192,681624,663656,53.88,,,,,,,,64,6,4-Seam Fastball,1,3,3,1,3,1,3,1,Standard,Standard,216,0.0,0.0,80.2,7.5,,,0.0,109.8,-2,2,0.115,0.885,24,29,25,29,1,3,,,,,0.96,0.95,0.95,,22.577632531281463,-30.900937620211653,27.325200745845684,20.87031266593818,47.654811836692986,10,4
FF,2026-10-04,99.5,-1.86,6.32,"Sasaki, Roki",663586,808963,,swinging_strike,,,,,5,,D,R,R,LAD,ATL,S,,,3,1,2026,-0.79,1.51,-0.1332219342990029,2.680242769451281,,,676551,0,8,Top,,,,,,,6.596181957032363,-144.57892093299887,-7.985063852046106,-12.64778021304728,33.80251218078714,-9.2997843448699,3.273540026,1.652066929,,,,100.1,2498,6.7,849823,669257,518692,669242,571970,605141,606192,681624,663656,53.8,,,,,,,,64,5,4-Seam Fastball,1,3,3,1,3,1,3,1,Standard,Standard,215,0.007,-0.093,78.6,7.3,1.221493956,,0.093,,-2,2,0.108,0.892,24,29,25,29,1,3,,,,,0.8,0.79,0.79,,7.26474264094838,-0.2020835466426802,29.97097465376144,34.782402614415446,32.88613437337334,10,4
FF,2026-10-04,99.4,-1.82,6.34,"Sasaki, Roki",663586,808963,,swinging_strike,,,,,5,,D,R,R,LAD,ATL,S,,,3,0,2026,-0.94,1.39,-0.0746521035010974,2.715485753845676,,,676551,0,8,Top,,,,,,,6.985704983321346,-144.4334040628281,-7.66085276502371,-14.7355092233659,33.46937070022462,-11.055003728160534,3.273540026,1.652066929,,,,100.0,2502,6.7,849823,669257,518692,669242,571970,605141,606192,681624,663656,53.81,,,,,,,,64,4,4-Seam Fastball,1,3,3,1,3,1,3,1,Standard,Standard,216,0.005,-0.094,78.3,7.6,0.54863502,,0.094,,-2,2,0.103,0.897,24,29,25,29,1,3,,,,,0.92,0.94,0.94,,11.55817664979572,-0.349342662288338,27.564829120622967,35.959740062539616,31.58992744867392,10,4
FF,2026-10-04,99.6,-1.84,6.2,"Sasaki, Roki",663586,808963,,ball,,,,,14,,D,R,R,LAD,ATL,B,,,2,0,2026,-0.88,1.43,0.010546769603584,1.4861594083913892,,,676551,0,8,Top,,,,,,,7.177850448722553,-144.544822796693,-10.75710493239466,-14.032729262480776,34.12136148226602,-9.716021474332727,3.273540026,1.652066929,,,,100.2,2442,6.8,849823,669257,518692,669242,571970,605141,606192,681624,663656,53.71,,,,,,,,64,3,4-Seam Fastball,1,3,3,1,3,1,3,1,Standard,Standard,217,-0.008,0.141,,,,,-0.141,,-2,2,0.111,0.889,24,29,25,29,1,3,,,,,0.88,0.88,0.88,,,,,,,10,4
FF,2026-10-04,99.2,-1.84,6.22,"Sasaki, Roki",663586,808963,,ball,,,,,14,,D,R,R,LAD,ATL,B,,,1,0,2026,-0.89,1.35,1.128081372503611,2.003849824091056,,,676551,0,8,Top,,,,,,,10.187924802560817,-143.83161917339368,-9.11965337099826,-14.68279110862883,32.7498394565165,-11.451282992551988,3.273540026,1.652066929,,,,99.9,2488,6.8,849823,669257,518692,669242,571970,605141,606192,681624,663656,53.68,,,,,,,,64,2,4-Seam Fastball,1,3,3,1,3,1,3,1,Standard,Standard,216,-0.005,0.076,,,,,-0.076,,-2,2,0.116,0.884,24,29,25,29,1,3,,,,,0.98,0.89,0.89,,,,,,,10,4
SL,2026-10-04,86.5,-1.85,6.24,"Sasaki, Roki",663586,808963,,ball,,,,,7,,D,R,R,LAD,ATL,B,,,0,0,2026,-0.02,-0.23,-0.6693628196903482,1.592210192878607,,,676551,0,8,Top,,,,,,,2.835189013431355,-125.93584726197848,-4.185605077304542,-0.7374104699473994,24.461739554598424,-34.06927407835535,3.273540026,1.652066929,,,,87.4,2030,6.8,849823,669257,518692,669242,571970,605141,606192,681624,663656,53.75,,,,,,,,64,1,Slider,1,3,3,1,3,1,3,1,Standard,Standard,62,-0.003,0.037,,,,,-0.037,,-2,2,0.119,0.881,24,29,25,29,1,3,,,,,3.27,0.02,0.02,,,,,,,10,4
FF,2026-10-04,99.5,-1.97,6.24,"Sasaki, Roki",642133,808963,walk,ball,,,,,11,Rowdy Tellez walks.,D,L,R,LAD,ATL,B,,,3,1,2026,-1.2,1.22,-2.710982851607929,3.4064327394973763,,,,0,8,Top,,,,,,,0.8727894816270703,-144.89629066508726,-5.1314102950291325,-17.117373899282743,35.396173791281505,-13.99865102359849,3.341994751,1.686614173,,,,100.6,2455,6.9,849823,669257,518692,669242,571970,605141,606192,681624,663656,53.57,,0.69822,0.7,1,0,0,,63,5,4-Seam Fastball,1,3,3,1,3,1,3,1,Infield shade,Standard,222,-0.011,0.258,,,,,-0.258,,-2,2,0.13,0.87,24,31,25,31,1,1,,,,,1.09,1.2,-1.2,,,,,,,10,4
SL,2026-10-04,88.0,-1.94,6.29,"Sasaki, Roki",642133,808963,,ball,,,,,11,,D,L,R,LAD,ATL,B,,,2,1,2026,0.23,-0.27,-0.8454631675651547,3.443835570185974,,,,0,8,Top,,,,,,,2.166557393446064,-128.16277722088128,-0.0222714619284596,2.019669509180805,27.052668503595868,-35.32387666923503,3.341994751,1.686614173,,,,88.6,2061,6.6,849823,669257,518692,669242,571970,605141,606192,681624,663656,53.86,,,,,,,,63,4,Slider,1,3,3,1,3,1,3,1,Infield shade,Standard,42,-0.006,0.137,,,,,-0.137,,-2,2,0.136,0.864,24,31,25,31,1,1,,,,,3.21,-0.23,0.23,,,,,,,10,4
FF,2026-10-04,100.4,-1.99,6.28,"Sasaki, Roki",642133,808963,,foul,,,,,7,,D,L,R,LAD,ATL,S,,,2,0,2026,-0.93,1.01,-0.5112035011643835,1.851665146406665,,,,0,8,Top,,,,,,,6.314516518177011,-145.78223097689744,-9.0867881808701,-14.743770106022414,36.367472912242086,-15.696093891444368,3.341994751,1.686614173,157,78.6,13,100.7,2365,6.7,849823,669257,518692,669242,571970,605141,606192,681624,663656,53.77,,,,,,,,63,3,4-Seam Fastball,1,3,3,1,3,1,3,1,Infield shade,Standard,219,0.004,-0.073,80.1,8.4,,,0.073,88.0,-2,2,0.132,0.868,24,31,25,31,1,1,,,,,1.27,0.93,-0.93,,0.080473057839012,-9.495379849819445,35.14512666499217,38.89320324895849,28.725902891265505,10,4
FF,2026-10-04,99.6,-1.85,6.3,"Sasaki, Roki",642133,808963,,ball,,,,,14,,D,L,R,LAD,ATL,B,,,1,0,2026,-0.89,1.08,0.604962534373834,1.5048614609811417,,,,0,8,Top,,,,,,,8.865041187058113,-144.48732229780998,-10.112912828220807,-14.53809710616926,35.53180176992535,-14.772961904375776,3.341994751,1.686614173,,,,100.3,2324,6.9,849823,669257,518692,669242,571970,605141,606192,681624,663656,53.56,,,,,,,,63,2,4-Seam Fastball,1,3,3,1,3,1,3,1,Infield shade,Standard,219,-0.004,0.081,,,,,-0.081,,-2,2,0.136,0.864,24,31,25,31,1,1,,,,,1.24,0.89,-0.89,,,,,,,10,4
SL,2026-10-04,88.0,-1.9,6.21,"Sasaki, Roki",642133,808963,,ball,,,,,13,,D,L,R,LAD,ATL,B,,,0,0,2026,0.07,-0.31,-1.080740542474389,1.9491326589425235,,,,0,8,Top,,,,,,,1.8410921259182051,-128.19490550571103,-3.3712943800445125,0.3603184875001413,26.85741443904025,-35.13069288391662,3.341994751,1.686614173,,,,89.0,2064,6.9,849823,669257,518692,669242,571970,605141,606192,681624,663656,53.64,,,,,,,,63,1,Slider,1,3,3,1,3,1,3,1,Infield shade,Standard,35,-0.002,0.042,,,,,-0.042,,-2,2,0.138,0.862,24,31,25,31,1,1,,,,,3.25,-0.07,0.07,,,,,,,10,4
SL,2026-10-04,85.3,-2.3,4.84,"Fuentes, Didier",660271,800311,strikeout,swinging_strike,,,,,13,Shohei Ohtani strikes out swinging.,D,L,R,LAD,ATL,S,2,,3,2,2026,0.62,-0.4,-0.1836937310725018,0.8114256665345239,,,,2,7,Bot,,,,,,,3.689889599569792,-124.21516970290804,-2.138214991836712,5.656697971623049,25.47746215818997,-36.063277206849264,3.369201116,1.700344488,,,,86.3,2461,6.9,849823,686948,621566,645277,663586,643289,573262,671739,660670,53.57,,0.0,0.0,1,0,0,,62,6,Slider,1,3,1,3,3,1,1,3,Strategic,Strategic,97,-0.019,-0.308,69.4,9.2,1.42262028,,0.308,,-2,-2,0.157,0.157,21,31,21,32,1,3,,,,,3.53,-0.62,0.62,,23.772311993103685,-14.770607903980054,44.084391718207165,42.55811855782763,33.374674145379295,10,4
FF,2026-10-04,100.9,-2.48,4.85,"Fuentes, Didier",660271,800311,,ball,,,,,13,,D,L,R,LAD,ATL,B,,,2,2,2026,-0.9,1.06,-0.3259812634083233,1.450185749299681,,,,2,7,Bot,,,,,,,8.161709825613475,-146.59066444391507,-6.532312320111757,-14.844752938154224,34.644575887452774,-15.453563466265896,3.369201116,1.700344488,,,,101.8,2087,6.8,849823,686948,621566,645277,663586,643289,573262,671739,660670,53.66,,,,,,,,62,5,4-Seam Fastball,1,3,1,3,3,1,1,3,Strategic,Strategic,222,0.005,0.085,,,,,-0.085,,-2,-2,0.152,0.152,21,31,21,32,1,3,,,,,1.18,0.9,-0.9,,,,,,,10,4
SL,2026-10-04,85.3,-2.4,4.9,"Fuentes, Didier",660271,800311,,swinging_strike,,,,,13,,D,L,R,LAD,ATL,S,,,2,1,2026,0.86,-0.4,-0.1798598948623371,1.5068646322827788,,,,2,7,Bot,,,,,,,3.436093079576176,-124.26483525468495,-0.6378428539669014,8.170690070548147,25.51684205387665,-36.39479329510144,3.369201116,1.700344488,,,,86.1,2684,6.8,849823,686948,621566,645277,663586,643289,573262,671739,660670,53.69,,,,,,,,62,4,Slider,1,3,1,3,3,1,1,3,Strategic,Strategic,82,-0.004,-0.079,76.6,8.4,0.994516668,,0.079,,-2,-2,0.156,0.156,21,31,21,32,1,3,,,,,3.53,-0.86,0.86,,16.0595953847428,-6.419208053024024,37.90291407615107,41.88114657485674,27.75378639384337,10,4
SL,2026-10-04,87.9,-2.46,4.91,"Fuentes, Didier",660271,800311,,ball,,,,,14,,D,L,R,LAD,ATL,B,,,1,1,2026,0.58,-0.15,0.6143999955022668,0.244811725936803,,,,2,7,Bot,,,,,,,6.160589227582602,-127.80982388524872,-4.6089354047036135,5.0686853328136,27.111794029749497,-33.03838261464516,3.369201116,1.700344488,,,,88.3,2696,6.6,849823,686948,621566,645277,663586,643289,573262,671739,660670,53.87,,,,,,,,62,3,Slider,1,3,1,3,3,1,1,3,Strategic,Strategic,87,0.003,0.054,,,,,-0.054,,-2,-2,0.153,0.153,21,31,21,32,1,3,,,,,3.11,-0.58,0.58,,,,,,,10,4
FF,2026-10-04,101.2,-2.32,5.0,"Fuentes, Didier",660271,800311,,ball,,,,,14,,D,L,R,LAD,ATL,B,,,0,1,2026,-0.9,1.23,1.2120091248747935,1.192320439035798,,,,2,7,Bot,,,,,,,11.98652946624513,-146.60606849960945,-8.04806760857974,-15.974669343176933,37.01414733554081,-12.651405324129408,3.369201116,1.700344488,,,,101.5,2225,6.9,849823,686948,621566,645277,663586,643289,573262,671739,660670,53.64,,,,,,,,62,2,4-Seam Fastball,1,3,1,3,3,1,1,3,Strategic,Strategic,223,0.001,0.032,,,,,-0.032,,-2,-2,0.152,0.152,21,31,21,32,1,3,,,,,1.03,0.9,-0.9,,,,,,,10,4
FF,2026-10-04,100.4,-2.4,4.92,"Fuentes, Didier",660271,800311,,swinging_strike,,,,,5,,D,L,R,LAD,ATL,S,,,0,0,2026,-0.87,1.19,0.2619496360630517,2.3412965451150867,,,,2,7,Bot,,,,,,,9.480348746846438,-145.7220996882486,-4.431927708733823,-14.790685730781398,37.89290663723652,-14.412373453061292,3.369201116,1.700344488,,,,100.9,2259,7.0,849823,686948,621566,645277,663586,643289,573262,671739,660670,53.53,,,,,,,,62,1,4-Seam Fastball,1,3,1,3,3,1,1,3,Strategic,Strategic,223,-0.002,-0.046,75.6,6.7,0.973496232,,0.046,,-2,-2,0.154,0.154,21,31,21,32,1,3,,,,,1.1,0.87,-0.87,,-12.696669128347716,33.72590650557246,43.54418538340425,35.62554120945248,6.959873022293353,10,4
SL,2026-10-04,86.6,-2.54,4.87,"Fuentes, Didier",605141,800311,field_out,hit_into_play,,,,,8,"Mookie Betts grounds out, third baseman Austin Riley to first baseman Matt Olson.",D,R,R,LAD,ATL,X,5,ground_ball,0,1,2026,0.85,-0.11,0.1602619186141037,1.6207874450236504,,,,1,7,Bot,116.34,177.02,,,,,4.630500372107097,-126.0682962051942,-1.1080441850152754,8.06632316200702,26.778910023831077,-33.31432058429493,3.096259843,1.562598425,2,66.7,-45,87.4,2677,6.9,849823,686948,621566,645277,663586,643289,573262,671739,660670,53.61,0.204,0.184,0.0,1,0,0,2,61,2,Slider,1,3,1,3,3,1,1,3,Standard,Standard,91,-0.023,-0.22,59.8,6.7,,0.208,0.22,88.0,-2,-2,0.177,0.177,21,33,21,34,1,3,,,,,3.16,-0.85,-0.85,,-8.328803932256134,6.122633554438548,36.22641718048396,41.11124529597052,22.427274958308363,10,4
SL,2026-10-04,85.7,-2.47,4.83,"Fuentes, Didier",605141,800311,,called_strike,,,,,5,,D,R,R,LAD,ATL,S,,,0,0,2026,0.65,-0.18,0.2649587091810929,2.412429519170637,,,,1,7,Bot,,,,,,,5.084199536577497,-124.8345454351448,1.0854202115273326,5.803358027782844,24.44932614776973,-34.449113951680346,3.096259843,1.562598425,,,,86.6,2577,6.8,849823,686948,621566,645277,663586,643289,573262,671739,660670,53.73,,,,,,,,61,1,Slider,1,3,1,3,3,1,1,3,Standard,Standard,89,-0.004,-0.041,,,,,0.041,,-2,-2,0.181,0.181,21,33,21,34,1,3,,,,,3.27,-0.65,-0.65,,,,,,,10,4
FF,2026-10-04,99.9,-2.63,4.98,"Fuentes, Didier",669242,800311,field_out,hit_into_play,,,,,1,Tommy Edman flies out to left fielder Mike Yastrzemski.,D,L,R,LAD,ATL,X,7,fly_ball,0,2,2026,-0.79,1.15,-0.3192166614877266,2.838023601124918,,,,0,7,Bot,69.96,126.5,,,,,8.280990750829867,-145.2305772598604,-3.129402782145205,-13.110595370903354,34.030795286380815,-15.385014484943907,3.102403215,1.565698819,229,89.1,55,101.1,2187,7.0,849823,686948,621566,645277,663586,643289,573262,671739,660670,53.49,0.011,0.014,0.0,1,0,0,3,60,3,4-Seam Fastball,1,3,1,3,3,1,1,3,Strategic,Standard,217,-0.024,-0.165,64.8,6.4,,0.021,0.165,89.1,-2,-2,0.205,0.205,21,31,21,31,1,2,,,,,1.14,0.79,-0.79,,5.282685933938715,7.862083867888766,18.967444371762,38.35815002319875,22.607767805575403,10,4
FF,2026-10-04,99.1,-2.52,4.96,"Fuentes, Didier",669242,800311,,foul,,,,,8,,D,L,R,LAD,ATL,S,,,0,1,2026,-0.71,1.37,-0.1365219987875202,1.9510336169621447,,,,0,7,Bot,,,,,,,8.219776814241765,-144.05105508589153,-5.893598168406878,-11.853667009599809,33.87265510379713,-11.928646995764034,3.102403215,1.565698819,238,74.5,34,100.1,2231,6.9,849823,686948,621566,645277,663586,643289,573262,671739,660670,53.59,,,,,,,,60,2,4-Seam Fastball,1,3,1,3,3,1,1,3,Standard,Standard,219,-0.01,-0.053,70.8,6.5,,,0.053,88.0,-2,-2,0.215,0.215,21,31,21,31,1,2,,,,,0.96,0.71,-0.71,,-3.499091923034649,8.760805876174436,33.268928339117195,36.54357274807259,20.228357602896672,10,4
SL,2026-10-04,82.1,-2.68,4.83,"Fuentes, Didier",669242,800311,,called_strike,,,,,5,,D,L,R,LAD,ATL,S,,,0,0,2026,0.63,-0.21,0.024596157733477,2.3107382282433893,,,,0,7,Bot,,,,,,,4.891309321445746,-119.51590733823916,1.4623730525010012,5.114678199452227,22.50126174761968,-34.671716673761416,3.102403215,1.565698819,,,,83.5,2554,7.2,849823,686948,621566,645277,663586,643289,573262,671739,660670,53.35,,,,,,,,60,1,Slider,1,3,1,3,3,1,1,3,Standard,Standard,90,-0.006,-0.041,,,,,0.041,,-2,-2,0.221,0.221,21,31,21,31,1,2,,,,,3.58,-0.63,0.63,,,,,,,10,4
SI,2026-10-04,101.1,-2.18,5.72,"Henriquez, Edgardo",643289,683618,strikeout,swinging_strike,,,,,11,Mauricio Dubón strikes out swinging.,D,R,R,LAD,ATL,S,2,,1,2,2026,-1.47,0.71,-1.2020541050155555,4.333240227408104,,671739,,2,7,Top,,,,,,,6.284862483499631,-147.10522282604592,-0.0944493517807414,-22.855772066570708,35.61950727504562,-22.13478292598914,3.17085794,1.600246063,,,,101.4,2249,6.5,849823,669257,518692,669242,571970,605141,606192,681624,663656,53.97,,0.0,0.0,1,0,0,,59,5,Sinker,1,3,3,1,3,1,3,1,Standard,Standard,225,0.018,-0.191,42.6,4.5,1.053806148,,0.191,,-2,2,0.203,0.797,24,31,24,32,1,3,,,,,1.53,1.47,1.47,,-5.369291221900536,40.37923674831696,12.458872895259724,21.22171052756873,12.948260354458986,10,4
SL,2026-10-04,86.7,-2.28,5.92,"Henriquez, Edgardo",643289,683618,,foul,,,,,2,,D,R,R,LAD,ATL,S,,,1,2,2026,0.68,0.57,0.1508610542758842,2.9203261453771567,,671739,,2,7,Top,,,,,,,4.348330172982625,-126.1750031205954,-1.8841886339464664,6.179438865782438,28.508998617532683,-25.9599544179264,3.17085794,1.600246063,,,,86.6,2603,6.5,849823,669257,518692,669242,571970,605141,606192,681624,663656,54.02,,,,,,,,59,4,Slider,1,3,3,1,3,1,3,1,Standard,Standard,78,0.0,0.0,64.9,7.0,,,0.0,,-2,2,0.203,0.797,24,31,24,32,1,3,,,,,2.49,-0.68,-0.68,,6.886824596684087,7.266230507399562,24.5743027489218,38.20669055867863,25.036409420592182,10,4
FF,2026-10-04,100.9,-2.27,5.68,"Henriquez, Edgardo",643289,683618,,foul,,,,,11,,D,R,R,LAD,ATL,S,,,1,1,2026,-0.6,1.26,-0.5454334840145478,3.727613471303486,,671739,,2,7,Top,,,,,,,6.205215339905786,-146.80358973987865,-2.9903317037312247,-10.15897854780406,35.460785807518874,-13.504633618338207,3.17085794,1.600246063,147,86.9,9,101.0,2508,6.4,849823,669257,518692,669242,571970,605141,606192,681624,663656,54.11,,,,,,,,59,3,4-Seam Fastball,1,3,3,1,3,1,3,1,Standard,Standard,222,0.007,-0.068,28.8,4.8,,,0.068,88.0,-2,2,0.196,0.804,24,31,24,32,1,3,,,,,0.99,0.6,0.6,,-14.427223738799936,32.7216276320793,28.17382153273269,31.11162739895626,5.574718362859178,10,4
FF,2026-10-04,101.6,-2.2,5.72,"Henriquez, Edgardo",643289,683618,,foul,,,,,1,,D,R,R,LAD,ATL,S,,,1,0,2026,-0.84,1.28,-0.3875886083350581,2.8989740626497755,,671739,,2,7,Top,,,,,,,7.1053132271346495,-147.67403104256817,-5.517700125467844,-14.079508776764092,38.133402697849824,-12.319083552835766,3.17085794,1.600246063,191,80.6,17,101.7,2455,6.6,849823,669257,518692,669242,571970,605141,606192,681624,663656,53.91,,,,,,,,59,2,4-Seam Fastball,1,3,3,1,3,1,3,1,Standard,Standard,222,0.001,-0.045,67.2,6.8,,,0.045,88.0,-2,2,0.195,0.805,24,31,24,32,1,3,,,,,0.95,0.84,0.84,,-4.02281830232185,12.509899935104231,28.825131848702583,31.20774143280071,18.797226620880625,10,4
SI,2026-10-04,101.8,-2.23,5.7,"Henriquez, Edgardo",643289,683618,,ball,,,,,11,,D,R,R,LAD,ATL,B,,,0,0,2026,-1.27,0.76,-0.904359700140408,2.9310443154038675,,671739,,2,7,Top,,,,,,,6.806642568000021,-148.02159920973162,-4.148425599196693,-20.302489180359583,36.60821587969912,-20.24855604852544,3.17085794,1.600246063,,,,102.0,2287,6.5,849823,669257,518692,669242,571970,605141,606192,681624,663656,53.97,,,,,,,,59,1,Sinker,1,3,3,1,3,1,3,1,Standard,Standard,225,0.0,0.02,,,,,-0.02,,-2,2,0.195,0.805,24,31,24,32,1,3,,,,,1.45,1.27,1.27,,,,,,,10,4
FC,2026-10-04,94.7,-2.29,5.82,"Henriquez, Edgardo",671739,683618,double,hit_into_play,,,,,5,Michael Harris II doubles (1) on a sharp line drive to right fielder Kyle Tucker. Matt Olson scores.,D,L,R,LAD,ATL,X,9,line_drive,3,2,2026,0.36,0.74,0.133645319136522,2.1790850544016616,,,621566,2,7,Top,172.03,59.8,,,,,5.4646705361219015,-137.8285169337496,-5.370999398506895,3.41950362947581,29.026620634464084,-21.70532162078408,3.181389436,1.605561024,362,106.7,17,95.5,2633,6.6,849823,669257,518692,669242,571970,605141,606192,681624,663656,53.88,0.551,0.684,1.25,1,1,1,6,58,7,Cutter,1,2,2,1,3,1,3,1,Standard,Standard,197,-0.14,0.768,80.9,8.1,,1.075,-0.768,106.7,-1,1,0.335,0.665,24,25,24,25,1,3,,,,,1.79,-0.36,0.36,,7.2283675845466915,-1.4611928858491647,28.656821710705845,34.98022865691763,31.659493325367997,10,4
FF,2026-10-04,101.6,-2.01,5.84,"Henriquez, Edgardo",671739,683618,,foul,,,,,1,,D,L,R,LAD,ATL,S,,,3,2,2026,-0.9,1.51,-0.8070332256095739,2.729523285860356,,,621566,2,7,Top,,,,,,,5.589126560342365,-147.75196198553144,-6.950334414543353,-14.563198460156388,36.2349578151785,-8.543773324479249,3.181389436,1.605561024,285,94.7,50,102.4,2602,6.8,849823,669257,518692,669242,571970,605141,606192,681624,663656,53.69,,,,,,,,58,6,4-Seam Fastball,1,2,2,1,2,1,2,1,Standard,Standard,213,0.0,0.0,75.9,7.9,,,0.0,94.7,-1,1,0.335,0.665,24,25,24,25,1,3,,,,,0.7,0.9,-0.9,,-2.627693655767628,7.4846306670762575,26.73686105214465,45.708671763263126,23.698900750563915,10,4
SL,2026-10-04,84.7,-2.12,6.01,"Henriquez, Edgardo",671739,683618,,ball,,,,,11,,D,L,R,LAD,ATL,B,,,2,2,2026,0.89,0.09,-0.7859110269525599,3.871362495174936,,,621566,2,7,Top,,,,,,,1.2716278328746564,-123.400374190559,1.344886880808353,8.874377865553392,24.126102850104942,-31.77132159290971,3.181389436,1.605561024,,,,85.1,2769,6.5,849823,669257,518692,669242,571970,605141,606192,681624,663656,54.04,,,,,,,,58,5,Slider,1,2,2,1,2,1,2,1,Standard,Standard,70,-0.007,0.08,,,,,-0.08,,-1,1,0.342,0.658,24,25,24,25,1,3,,,,,3.08,-0.89,0.89,,,,,,,10,4
FF,2026-10-04,102.0,-1.96,5.85,"Henriquez, Edgardo",671739,683618,,ball,,,,,14,,D,L,R,LAD,ATL,B,,,1,2,2026,-0.64,1.36,1.3376628874382186,1.755409918473697,,,621566,2,7,Top,,,,,,,10.773751085097944,-147.88845635914777,-9.379679952170555,-11.91721758844422,34.264557264331934,-10.056569434074332,3.181389436,1.605561024,,,,102.7,2589,6.8,849823,669257,518692,669242,571970,605141,606192,681624,663656,53.69,,,,,,,,58,4,4-Seam Fastball,1,2,2,1,2,1,2,1,Standard,Standard,213,-0.004,0.054,,,,,-0.054,,-1,1,0.346,0.654,24,25,24,25,1,3,,,,,0.84,0.64,-0.64,,,,,,,10,4
FC,2026-10-04,96.4,-2.21,5.88,"Henriquez, Edgardo",671739,683618,,called_strike,,,,,4,,D,L,R,LAD,ATL,S,,,1,1,2026,0.2,1.01,-0.7638590690915388,2.624550568706706,,,621566,2,7,Top,,,,,,,3.3353875184336963,-140.38546095095677,-5.285275751341675,1.97896919565532,28.62982405534231,-17.82194921828898,3.181389436,1.605561024,,,,97.2,2716,6.5,849823,669257,518692,669242,571970,605141,606192,681624,663656,54.04,,,,,,,,58,3,Cutter,1,2,2,1,2,1,2,1,Standard,Standard,206,0.007,-0.067,,,,,0.067,,-1,1,0.339,0.661,24,25,24,25,1,3,,,,,1.42,-0.2,0.2,,,,,,,10,4
FF,2026-10-04,101.2,-2.05,5.86,"Henriquez, Edgardo",671739,683618,,called_strike,,,,,5,,D,L,R,LAD,ATL,S,,,1,0,2026,-0.55,1.34,-0.0104272708618687,2.524945227709516,,,621566,2,7,Top,,,,,,,6.978974155097404,-147.06143527429964,-7.047688578677157,-9.629036205837014,34.61989604735671,-11.28613709685454,3.181389436,1.605561024,,,,101.7,2585,6.6,849823,669257,518692,669242,571970,605141,606192,681624,663656,53.88,,,,,,,,58,2,4-Seam Fastball,1,2,2,1,2,1,2,1,Standard,Standard,213,0.003,-0.051,,,,,0.051,,-1,1,0.336,0.664,24,25,24,25,1,3,,,,,0.89,0.55,-0.55,,,,,,,10,4
FC,2026-10-04,96.4,-2.21,5.88,"Henriquez, Edgardo",671739,683618,,ball,,,,,12,,D,L,R,LAD,ATL,B,,,0,0,2026,0.3,0.85,1.3114188856769582,2.6272412748166607,,,621566,2,7,Top,,,,,,,8.571222951364865,-140.19192837129796,-4.878291168795435,2.084771772257388,29.967688841615512,-20.04270006743919,3.181389436,1.605561024,,,,96.9,2699,6.5,849823,669257,518692,669242,571970,605141,606192,681624,663656,53.99,,,,,,,,58,1,Cutter,1,2,2,1,2,1,2,1,Standard,Standard,210,-0.002,0.037,,,,,-0.037,,-1,1,0.338,0.662,24,25,24,25,1,3,,,,,1.6,-0.3,0.3,,,,,,,10,4
FF,2026-10-04,101.6,-2.07,5.79,"Henriquez, Edgardo",645277,683618,strikeout,swinging_strike,,,,,3,Ozzie Albies strikes out swinging.,D,L,R,LAD,ATL,S,2,,1,2,2026,-0.67,1.38,0.5379307283147402,2.6304845253749263,,,621566,1,7,Top,,,,,,,8.893648946506053,-147.64722968231746,-6.758612079394935,-11.890485119377,35.15775542451296,-10.556791699928231,2.984801509,1.506348425,,,,102.4,2525,6.8,849823,669257,518692,669242,571970,605141,606192,681624,663656,53.73,,0.0,0.0,1,0,0,,57,4,4-Seam Fastball,1,2,2,1,2,1,2,1,Infield shade,Standard,216,0.022,-0.179,71.1,6.9,0.804060864,,0.179,,-1,1,0.316,0.684,24,29,24,29,1,3,,,,,0.84,0.67,-0.67,,17.507651002621053,-13.403480446578529,38.57662662814194,25.6796251646695,38.01863142924387,10,4
FF,2026-10-04,101.8,-1.97,5.87,"Henriquez, Edgardo",645277,683618,,foul,,,,,6,,D,L,R,LAD,ATL,S,,,1,1,2026,-0.59,1.19,0.562304524537281,2.485062870352717,,,621566,1,7,Top,,,,,,,8.486881812851998,-147.90719793451035,-6.925506805668783,-10.741907508462766,37.76088327907421,-13.130391166074723,2.984801509,1.506348425,171,104.5,75,102.1,2598,6.7,849823,669257,518692,669242,571970,605141,606192,681624,663656,53.82,,,,,,,,57,3,4-Seam Fastball,1,2,2,1,2,1,2,1,Infield shade,Standard,214,0.008,-0.068,78.5,7.8,,,0.068,104.5,-1,1,0.308,0.692,24,29,24,29,1,3,,,,,1.02,0.59,-0.59,,25.54154538670128,-25.921575227196083,35.63389422917493,24.84800007769979,47.92586778085843,10,4
FF,2026-10-04,102.8,-2.08,5.86,"Henriquez, Edgardo",645277,683618,,swinging_strike,,,,,12,,D,L,R,LAD,ATL,S,,,1,0,2026,-0.76,1.21,0.3703436077347151,3.1406508889382967,,,621566,1,7,Top,,,,,,,8.776370989531005,-149.3575264820685,-5.240040182206471,-13.556363006332637,39.322881383803534,-13.017773661120122,2.984801509,1.506348425,,,,103.1,2584,6.7,849823,669257,518692,669242,571970,605141,606192,681624,663656,53.76,,,,,,,,57,2,4-Seam Fastball,1,2,2,1,2,1,2,1,Infield shade,Standard,221,0.006,-0.044,71.4,6.8,0.744076896,,0.044,,-1,1,0.302,0.698,24,29,24,29,1,3,,,,,0.97,0.76,-0.76,,18.26090690455032,-1.9921307807463131,33.21859449919349,26.599572656812946,33.87393674609278,10,4
SL,2026-10-04,85.8,-2.27,6.03,"Henriquez, Edgardo",645277,683618,,ball,,,,,11,,D,L,R,LAD,ATL,B,,,0,0,2026,0.83,-0.03,-0.0470840751850354,4.385104799206475,,,621566,1,7,Top,,,,,,,3.4973093382834453,-124.87301764399892,2.65839607776325,7.828250017427748,27.10334847696669,-33.331847666533854,2.984801509,1.506348425,,,,85.6,2882,6.3,849823,669257,518692,669242,571970,605141,606192,681624,663656,54.18,,,,,,,,57,1,Slider,1,2,2,1,2,1,2,1,Infield shade,Standard,80,-0.004,0.034,,,,,-0.034,,-1,1,0.306,0.694,24,29,24,29,1,3,,,,,3.15,-0.83,0.83,,,,,,,10,4
FF,2026-10-04,101.4,-1.97,5.82,"Henriquez, Edgardo",621566,683618,single,hit_into_play,,,,,8,Matt Olson singles on a ground ball to left fielder Teoscar Hernández.,D,L,R,LAD,ATL,X,7,ground_ball,1,0,2026,-0.9,1.47,0.1234135150265219,1.9174800249079555,,,,1,7,Top,80.36,82.26,,,,,8.013678928253453,-147.1878617745685,-8.936789680071023,-15.046203918987969,38.14610849537108,-8.786334604320936,3.37183399,1.701673228,148,94.1,8,101.5,2592,6.7,849823,669257,518692,669242,571970,605141,606192,681624,663656,53.83,0.509,0.46,0.9,1,1,0,4,56,2,4-Seam Fastball,1,2,2,1,2,1,2,1,Infield shade,Standard,215,-0.023,0.378,72.0,6.9,,0.56,-0.378,94.1,-1,1,0.329,0.671,24,32,24,32,1,3,,,,,0.77,0.9,-0.9,,-3.2744865269516086,12.882035481586335,39.20315157565904,36.916017262256894,24.60932600377318,10,4
FF,2026-10-04,102.4,-2.17,5.88,"Henriquez, Edgardo",621566,683618,,ball,,,,,11,,D,L,R,LAD,ATL,B,,,0,0,2026,-0.83,1.47,-0.2531984295241332,5.04637285914989,,,,1,7,Top,,,,,,,7.428481338686694,-148.92382893739858,-0.5412931099468892,-14.242046031852787,39.18218139605813,-10.54618182404953,3.37183399,1.701673228,,,,102.6,2638,6.7,849823,669257,518692,669242,571970,605141,606192,681624,663656,53.84,,,,,,,,56,1,4-Seam Fastball,1,2,2,1,2,1,2,1,Strategic,Standard,214,-0.003,0.041,,,,,-0.041,,-1,1,0.332,0.668,24,32,24,32,1,3,,,,,0.72,0.83,-0.83,,,,,,,10,4
SI,2026-10-04,101.6,-2.15,5.76,"Henriquez, Edgardo",660670,683618,field_out,hit_into_play,,,,,2,Ronald Acuña Jr. lines out to center fielder Andy Pages.,D,R,R,LAD,ATL,X,8,line_drive,1,1,2026,-1.29,1.1,-0.2040919074609606,3.075712360946768,,,,0,7,Top,123.78,60.32,,,,,8.563096186499415,-147.66621907884198,-4.721862764383626,-20.978722882088608,35.80739806940711,-15.148985768327307,3.200697179,1.615305118,344,96.1,23,101.9,2532,6.6,849823,669257,518692,669242,571970,605141,606192,681624,663656,53.92,0.203,0.255,0.0,1,0,0,5,55,3,Sinker,1,2,2,1,2,1,2,1,Standard,Standard,222,0.023,-0.246,75.3,7.1,,0.403,0.246,96.1,-1,1,0.309,0.691,24,28,24,29,1,3,,,,,1.12,1.29,1.29,,8.820321425546236,4.028718189082149,26.77550319332485,34.39853412301653,28.384125801361957,10,4
SI,2026-10-04,103.0,-2.17,5.73,"Henriquez, Edgardo",660670,683618,,swinging_strike,,,,,1,,D,R,R,LAD,ATL,S,,,1,0,2026,-1.37,1.04,-0.7389577516790975,3.0285603820806672,,,,0,7,Top,,,,,,,7.42908122433977,-149.75546459802675,-4.815376127681213,-22.38792759164785,38.548291437393374,-15.516903306780444,3.200697179,1.615305118,,,,103.3,2603,6.7,849823,669257,518692,669242,571970,605141,606192,681624,663656,53.85,,,,,,,,55,2,Sinker,1,2,2,1,2,1,2,1,Standard,Standard,222,0.005,-0.055,75.3,7.1,0.1,,0.055,,-1,1,0.304,0.696,24,28,24,29,1,3,,,,,1.12,1.37,1.37,,4.879516512786374,15.428633595783,35.41955510121855,29.74416077587014,20.49833135501624,10,4
SI,2026-10-04,101.8,-2.25,5.7,"Henriquez, Edgardo",660670,683618,,ball,,,,,14,,D,R,R,LAD,ATL,B,,,0,0,2026,-1.2,0.99,0.5713135070768054,1.3029924107074096,,,,0,7,Top,,,,,,,10.791444418022923,-147.65293212079928,-9.233952020057398,-20.177694939322908,35.55942569322232,-15.571995477175106,3.200697179,1.615305118,,,,102.2,2473,6.7,849823,669257,518692,669242,571970,605141,606192,681624,663656,53.78,,,,,,,,55,1,Sinker,1,2,2,1,2,1,2,1,Standard,Standard,221,-0.004,0.042,,,,,-0.042,,-1,1,0.308,0.692,24,28,24,29,1,3,,,,,1.23,1.2,1.2,,,,,,,10,4
FS,2026-10-04,89.0,-2.53,4.63,"Fuentes, Didier",571970,800311,field_out,hit_into_play,,,,,13,"Max Muncy grounds out, shortstop Mauricio Dubón to first baseman Matt Olson.",D,L,R,LAD,ATL,X,6,ground_ball,2,2,2026,-1.61,0.36,-1.3711876448421754,1.5574751142460936,,,,2,6,Bot,123.94,147.63,,,,,6.338494289856932,-129.43306447620515,-2.0679213440155038,-19.46757993988464,27.01364796903429,-27.9043739177984,3.127854331,1.578543307,16,78.3,-5,90.2,1860,7.0,849823,686948,621566,645277,663586,643289,573262,671739,660670,53.47,0.08,0.072,0.0,1,0,0,2,54,5,Split-Finger,1,2,1,2,2,1,1,2,Strategic,Standard,252,-0.016,-0.224,69.4,6.5,,0.088,0.224,88.0,-1,-1,0.324,0.324,21,35,21,36,1,1,,,,,2.52,1.61,-1.61,,8.939625272647499,16.62539981175027,33.783058546536445,52.19994708518095,31.659767717307084,10,4
FS,2026-10-04,90.2,-2.36,4.79,"Fuentes, Didier",571970,800311,,ball,,,,,13,,D,L,R,LAD,ATL,B,,,1,2,2026,-1.5,0.56,-0.8746911675647775,0.8590550487516049,,,,2,6,Bot,,,,,,,6.991726281936488,-131.12162401682545,-4.843929732371225,-18.75495457892319,27.17337040664931,-24.93577068566711,3.127854331,1.578543307,,,,91.5,1850,7.1,849823,686948,621566,645277,663586,643289,573262,671739,660670,53.44,,,,,,,,54,4,Split-Finger,1,2,1,2,2,1,1,2,Strategic,Standard,253,0.003,0.04,,,,,-0.04,,-1,-1,0.321,0.321,21,35,21,36,1,1,,,,,2.25,1.5,-1.5,,,,,,,10,4
FF,2026-10-04,99.3,-2.36,4.95,"Fuentes, Didier",571970,800311,,swinging_strike,,,,,2,,D,L,R,LAD,ATL,S,,,1,1,2026,-0.62,1.21,-0.0894078909464144,3.0887408436859087,,,,2,6,Bot,,,,,,,7.703946593431323,-144.43757977923582,-2.4417259142678738,-10.386942212231869,32.463132620674145,-14.79754556994206,3.127854331,1.578543307,,,,100.7,2080,7.0,849823,686948,621566,645277,663586,643289,573262,671739,660670,53.5,,,,,,,,54,3,4-Seam Fastball,1,2,1,2,2,1,1,2,Infield shade,Standard,221,-0.005,-0.065,65.2,5.2,0.71139732,,0.065,,-1,-1,0.326,0.326,21,35,21,36,1,1,,,,,1.09,0.62,-0.62,,0.4074772414653685,25.85255372651972,29.151387295529837,36.81202855190019,19.242953437070472,10,4
FS,2026-10-04,87.6,-2.49,4.63,"Fuentes, Didier",571970,800311,,called_strike,,,,,7,,D,L,R,LAD,ATL,S,,,1,0,2026,-1.43,0.29,-0.3822077846358578,1.6095216731532824,,,,2,6,Bot,,,,,,,8.121705119160845,-127.39417467343108,-1.58801066607093,-17.20067188440656,24.82879433021424,-28.933151999612345,3.127854331,1.578543307,,,,88.8,1840,7.0,849823,686948,621566,645277,663586,643289,573262,671739,660670,53.54,,,,,,,,54,2,Split-Finger,1,2,1,2,2,1,1,2,Strategic,Standard,255,-0.003,-0.056,,,,,0.056,,-1,-1,0.329,0.329,21,35,21,36,1,1,,,,,2.68,1.43,-1.43,,,,,,,10,4
SL,2026-10-04,84.2,-2.45,4.85,"Fuentes, Didier",571970,800311,,ball,,,,,13,,D,L,R,LAD,ATL,B,,,0,0,2026,0.79,-0.27,-1.4632557928424204,1.518355374905021,,,,2,6,Bot,,,,,,,0.6725801224040553,-122.69976594701788,-0.6647756667328024,7.909065299751013,22.133409808808597,-35.03849328376076,3.127854331,1.578543307,,,,85.7,2556,7.0,849823,686948,621566,645277,663586,643289,573262,671739,660670,53.54,,,,,,,,54,1,Slider,1,2,1,2,2,1,1,2,Strategic,Standard,96,0.002,0.042,,,,,-0.042,,-1,-1,0.327,0.327,21,35,21,36,1,1,,,,,3.46,-0.79,0.79,,,,,,,10,4
FF,2026-10-04,98.5,-2.4,4.97,"Fuentes, Didier",681624,800311,field_out,hit_into_play,,,,,6,"Andy Pages grounds out, shortstop Mauricio Dubón to first baseman Matt Olson.",D,R,R,LAD,ATL,X,6,ground_ball,2,0,2026,-0.9,1.08,0.3713225120637564,2.1282109290392865,,,,1,6,Bot,112.79,152.19,,,,,9.67400993228164,-143.11018280354045,-4.6360148193701285,-14.667526154526731,35.01430870533728,-16.414697318666512,3.23667979,1.633464567,4,97.6,-29,99.3,2071,7.0,849823,686948,621566,645277,663586,643289,573262,671739,660670,53.52,0.082,0.074,0.0,1,0,0,2,53,3,4-Seam Fastball,1,2,1,2,2,1,1,2,Standard,Standard,221,-0.042,-0.377,75.6,7.5,,0.092,0.377,97.6,-1,-1,0.369,0.369,21,25,21,26,1,2,,,,,1.29,0.9,0.9,,1.9651686404957291,9.129598606157549,38.89319673401442,39.846075346692885,21.387336534882948,10,4
FF,2026-10-04,99.3,-2.22,4.97,"Fuentes, Didier",681624,800311,,ball,,,,,14,,D,R,R,LAD,ATL,B,,,1,0,2026,-0.59,1.24,0.9509883290863465,1.2244860580813643,,,,1,6,Bot,,,,,,,10.0408004769945,-144.04933329662435,-7.558871783132535,-10.6424192605612,36.20239437193106,-13.304054720433092,3.23667979,1.633464567,,,,99.7,2039,6.9,849823,686948,621566,645277,663586,643289,573262,671739,660670,53.65,,,,,,,,53,2,4-Seam Fastball,1,2,1,2,2,1,1,2,Standard,Standard,218,0.008,0.075,,,,,-0.075,,-1,-1,0.361,0.361,21,25,21,26,1,2,,,,,1.11,0.59,0.59,,,,,,,10,4
FF,2026-10-04,99.2,-2.09,5.0,"Fuentes, Didier",681624,800311,,ball,,,,,14,,D,R,R,LAD,ATL,B,,,0,0,2026,-0.69,1.16,1.7692545633461485,1.3586974851839728,,,,1,6,Bot,,,,,,,12.152111199525024,-143.8301013897795,-7.061406003125525,-12.546956194918268,35.75738575013947,-14.510340483512998,3.23667979,1.633464567,,,,99.7,2155,6.9,849823,686948,621566,645277,663586,643289,573262,671739,660670,53.56,,,,,,,,53,1,4-Seam Fastball,1,2,1,2,2,1,1,2,Standard,Standard,223,0.005,0.041,,,,,-0.041,,-1,-1,0.356,0.356,21,25,21,26,1,2,,,,,1.19,0.69,0.69,,,,,,,10,4
FF,2026-10-04,99.0,-2.51,4.98,"Fuentes, Didier",663656,800311,field_out,hit_into_play,,,,,1,Kyle Tucker lines out to left fielder Mike Yastrzemski.,D,L,R,LAD,ATL,X,7,line_drive,2,2,2026,-0.81,1.05,-0.4436569218987772,2.9742895472253963,,,,0,6,Bot,73.33,105.58,,,,,7.563458719721092,-143.96099476099002,-2.3518137405022954,-13.01302291333744,34.799400628050655,-17.291659301318713,3.350770997,1.691043307,268,94.6,16,99.9,2004,6.9,849823,686948,621566,645277,663586,643289,573262,671739,660670,53.59,0.691,0.636,0.0,1,0,0,4,52,6,4-Seam Fastball,1,2,1,2,2,1,1,2,Strategic,Strategic,223,-0.034,-0.232,66.2,5.9,,0.831,0.232,94.6,-1,-1,0.39,0.39,21,29,21,29,1,2,,,,,1.29,0.81,-0.81,,-13.040155534413609,9.75263590301383,36.26039161315008,39.23295012281738,18.643771429802676,10,4
FS,2026-10-04,85.4,-2.5,4.64,"Fuentes, Didier",663656,800311,,foul,,,,,4,,D,L,R,LAD,ATL,S,,,2,2,2026,-1.16,0.33,-0.3757207874481105,2.409566103036338,,,,0,6,Bot,,,,,,,7.375028095805345,-124.23461711050362,0.5510232465825076,-13.457637414153604,24.589150364504277,-29.074216476600498,3.350770997,1.691043307,148,71.4,69,86.2,1503,6.8,849823,686948,621566,645277,663586,643289,573262,671739,660670,53.68,,,,,,,,52,5,Split-Finger,1,2,1,2,2,1,1,2,Infield shade,Strategic,261,0.0,0.0,69.2,7.4,,,0.0,88.0,-1,-1,0.39,0.39,21,29,21,29,1,2,,,,,2.79,1.16,-1.16,,7.422446642022121,-6.714365800394017,36.09915050996312,38.58429209272481,32.05225956328269,10,4
SL,2026-10-04,83.8,-2.53,5.03,"Fuentes, Didier",663656,800311,,ball,,,,,13,,D,L,R,LAD,ATL,B,,,1,2,2026,0.68,-0.23,-1.4956149543051769,1.6673685225724555,,,,0,6,Bot,,,,,,,1.0019543133481417,-122.09141891203996,-0.6991257820087282,6.618230743836437,23.876657755607884,-34.54848883479745,3.350770997,1.691043307,,,,84.8,2527,6.9,849823,686948,621566,645277,663586,643289,573262,671739,660670,53.64,,,,,,,,52,4,Slider,1,2,1,2,2,1,1,2,Infield shade,Strategic,80,0.006,0.046,,,,,-0.046,,-1,-1,0.384,0.384,21,29,21,29,1,2,,,,,3.47,-0.68,0.68,,,,,,,10,4
FF,2026-10-04,99.2,-2.41,5.01,"Fuentes, Didier",663656,800311,,ball,,,,,11,,D,L,R,LAD,ATL,B,,,0,2,2026,-0.84,1.0,-1.645574448183338,3.2779209924429287,,,,0,6,Bot,,,,,,,4.116289525874289,-144.3975506401477,-1.5178941150208285,-12.740533924135256,36.08855822767847,-18.128946039086145,3.350770997,1.691043307,,,,99.7,2058,6.7,849823,686948,621566,645277,663586,643289,573262,671739,660670,53.76,,,,,,,,52,3,4-Seam Fastball,1,2,1,2,2,1,1,2,Infield shade,Strategic,222,0.004,0.022,,,,,-0.022,,-1,-1,0.38,0.38,21,29,21,29,1,2,,,,,1.33,0.84,-0.84,,,,,,,10,4
SL,2026-10-04,82.9,-2.5,4.98,"Fuentes, Didier",663656,800311,,foul,,,,,14,,D,L,R,LAD,ATL,S,,,0,1,2026,0.83,-0.1,0.6900978894367731,1.5441437791054031,,,,0,6,Bot,,,,,,,5.600953898784487,-120.7265777087134,-1.0212954109729742,7.153795431418095,21.697991641885896,-33.12482937643842,3.350770997,1.691043307,,83.6,34,,2514,6.8,849823,686948,621566,645277,663586,643289,573262,671739,660670,53.69,,,,,,,,52,2,Slider,1,2,1,2,2,1,1,2,Infield shade,Strategic,75,-0.01,-0.053,72.0,8.7,,,0.053,88.0,-1,-1,0.39,0.39,21,29,21,29,1,2,,,,,3.39,-0.83,0.83,,34.11675996866015,-28.205609496772063,47.12265334188692,28.1099610255786,48.02388175839381,10,4
SL,2026-10-04,83.0,-2.57,4.87,"Fuentes, Didier",663656,800311,,foul,,,,,14,,D,L,R,LAD,ATL,S,,,0,0,2026,0.89,-0.27,0.866375128448658,1.9920850062828996,,,,0,6,Bot,,,,,,,6.019120146166866,-120.86356329858008,0.6032772568073141,7.609217845124057,23.047878606991336,-35.14935037998174,3.350770997,1.691043307,160,89.6,10,83.5,2574,6.5,849823,686948,621566,645277,663586,643289,573262,671739,660670,53.98,,,,,,,,52,1,Slider,1,2,1,2,2,1,1,2,Infield shade,Strategic,87,-0.006,-0.041,77.8,8.4,,,0.041,89.6,-1,-1,0.396,0.396,21,29,21,29,1,2,,,,,3.57,-0.89,0.89,,29.56047318910576,-36.39073597796123,38.72741580760473,26.13591447866976,48.98289659953412,10,4
SL,2026-10-04,91.5,-2.11,4.86,"Díaz, Edwin",686948,621242,field_out,hit_into_play,,,,,14,Drake Baldwin flies out to right fielder Kyle Tucker.,D,L,R,LAD,ATL,X,9,fly_ball,3,1,2026,0.04,0.39,0.2793012958825425,1.1329787519741008,,,,2,6,Top,185.66,65.73,,,,,5.999401745930077,-133.24516217318347,-4.295550457827328,-0.7457024945514128,27.384721735174963,-26.82964683918061,3.205962927,1.617962598,359,96.2,34,94.0,2398,7.6,849823,669257,518692,669242,571970,605141,606192,681624,663656,52.88,0.131,0.252,0.0,1,0,0,3,51,5,Slider,1,2,2,1,2,1,2,1,Infield shade,Standard,216,0.018,-0.405,86.4,8.3,,0.465,0.405,96.2,-1,1,0.378,0.622,32,25,32,25,1,3,,,,,2.32,-0.04,0.04,,11.542267629175864,-7.547448971377919,38.40114766858351,35.01936070763483,40.09698473050835,10,4
FF,2026-10-04,99.2,-2.28,4.56,"Díaz, Edwin",686948,621242,,ball,,,,,11,,D,L,R,LAD,ATL,B,,,2,1,2026,-1.29,0.85,-1.6162499356099105,2.978641863259901,,,,2,6,Top,,,,,,,4.932910943324753,-144.3091430975012,-0.7655790971828393,-19.110022345641053,35.57967900044788,-20.343752308991064,3.205962927,1.617962598,,,,100.6,2398,7.2,849823,669257,518692,669242,571970,605141,606192,681624,663656,53.27,,,,,,,,51,4,4-Seam Fastball,1,2,2,1,2,1,2,1,Infield shade,Standard,241,-0.005,0.103,,,,,-0.103,,-1,1,0.383,0.617,32,25,32,25,1,3,,,,,1.48,1.29,-1.29,,,,,,,10,4
FF,2026-10-04,100.2,-2.11,4.58,"Díaz, Edwin",686948,621242,,swinging_strike,,,,,3,,D,L,R,LAD,ATL,S,,,2,0,2026,-1.02,0.99,0.4582240127026986,2.818059554251011,,,,2,6,Top,,,,,,,9.590851205620629,-145.57966293181255,-1.718581021128842,-16.858231467537614,35.126903010905025,-17.956287285631937,3.205962927,1.617962598,,,,101.4,2467,7.1,849823,669257,518692,669242,571970,605141,606192,681624,663656,53.41,,,,,,,,51,3,4-Seam Fastball,1,2,2,1,2,1,2,1,Infield shade,Standard,241,0.003,-0.068,77.8,6.5,2.704499664,,0.068,,-1,1,0.38,0.62,32,25,32,25,1,3,,,,,1.3,1.02,-1.02,,-0.1633919114503231,17.049529932599395,38.896791540960365,32.47832530985316,21.73088316126014,10,4
SL,2026-10-04,91.2,-2.18,4.83,"Díaz, Edwin",686948,621242,,ball,,,,,13,,D,L,R,LAD,ATL,B,,,1,0,2026,0.08,0.31,-0.9917980899430122,2.4086053641300484,,,,2,6,Top,,,,,,,2.7971111198581866,-132.83772419526125,-0.7252701500642426,0.3957443495710042,27.329033409138507,-28.571336288129004,3.205962927,1.617962598,,,,92.3,2361,6.8,849823,669257,518692,669242,571970,605141,606192,681624,663656,53.71,,,,,,,,51,2,Slider,1,2,2,1,2,1,2,1,Infield shade,Standard,220,-0.003,0.065,,,,,-0.065,,-1,1,0.383,0.617,32,25,32,25,1,3,,,,,2.42,-0.08,0.08,,,,,,,10,4
SL,2026-10-04,92.0,-2.23,4.87,"Díaz, Edwin",686948,621242,,ball,,,,,14,,D,L,R,LAD,ATL,B,,,0,0,2026,-0.09,0.38,1.3391122202642265,1.6932633342067125,,,,2,6,Top,,,,,,,9.145687463206984,-133.8588234498028,-2.917766720648681,-2.8730848619855127,26.10470818725002,-27.171697165045487,3.205962927,1.617962598,,,,92.5,2343,6.4,849823,669257,518692,669242,571970,605141,606192,681624,663656,54.12,,,,,,,,51,1,Slider,1,2,2,1,2,1,2,1,Infield shade,Standard,235,-0.001,0.042,,,,,-0.042,,-1,1,0.384,0.616,32,25,32,25,1,3,,,,,2.29,0.09,-0.09,,,,,,,10,4
FF,2026-10-04,100.2,-2.07,4.55,"Díaz, Edwin",573262,621242,strikeout,swinging_strike,,,,,7,Mike Yastrzemski strikes out swinging.,D,L,R,LAD,ATL,S,2,,1,2,2026,-1.36,0.82,-0.4136043656901231,1.7065852293281405,,,,1,6,Top,,,,,,,7.962168512620051,-145.6903604893078,-4.328218145499056,-21.21825910644913,35.9326141322658,-19.632188892633096,3.125221457,1.577214567,,,,102.1,2384,7.5,849823,669257,518692,669242,571970,605141,606192,681624,663656,53.02,,0.0,0.0,1,0,0,,50,4,4-Seam Fastball,1,2,2,1,2,1,2,1,Standard,Standard,244,0.013,-0.182,70.9,7.2,0.431366724,,0.182,,-1,1,0.371,0.629,32,35,32,36,1,0,,,,,1.46,1.36,-1.36,,-3.546883609280751,20.344206199889943,37.41424665114283,37.600709062108855,16.89947867171663,10,4
FF,2026-10-04,99.8,-2.15,4.59,"Díaz, Edwin",573262,621242,,called_strike,,,,,8,,D,L,R,LAD,ATL,S,,,1,1,2026,-1.26,0.87,-0.2674390812520963,1.8459372629096296,,,,1,6,Top,,,,,,,8.335047405211286,-145.0598945580921,-4.112361850270535,-19.728683364195756,34.83548076844549,-19.11076889256117,3.125221457,1.577214567,,,,101.9,2318,7.6,849823,669257,518692,669242,571970,605141,606192,681624,663656,52.93,,,,,,,,50,3,4-Seam Fastball,1,2,2,1,2,1,2,1,Standard,Standard,241,0.005,-0.07,,,,,0.07,,-1,1,0.366,0.634,32,35,32,36,1,0,,,,,1.43,1.26,-1.26,,,,,,,10,4
FF,2026-10-04,100.8,-2.06,4.64,"Díaz, Edwin",573262,621242,,ball,,,,,12,,D,L,R,LAD,ATL,B,,,0,1,2026,-1.14,0.96,1.889633985260845,2.414406255762532,,,,1,6,Top,,,,,,,13.832655437593496,-146.12294951645333,-3.029417281419726,-19.617446750416043,34.41539860878166,-17.800520937961565,3.125221457,1.577214567,,,,102.5,2388,7.4,849823,669257,518692,669242,571970,605141,606192,681624,663656,53.1,,,,,,,,50,2,4-Seam Fastball,1,2,2,1,2,1,2,1,Standard,Standard,241,-0.002,0.032,,,,,-0.032,,-1,1,0.368,0.632,32,35,32,36,1,0,,,,,1.3,1.14,-1.14,,,,,,,10,4
SL,2026-10-04,91.3,-2.08,4.88,"Díaz, Edwin",573262,621242,,foul,,,,,9,,D,L,R,LAD,ATL,S,,,0,0,2026,0.29,0.31,0.7837392692480356,1.7892380005732167,,,,1,6,Top,,,,,,,6.52998534694456,-132.79246613561722,-2.365224801817938,1.9986761310795167,28.55889395379772,-28.227782418532904,3.125221457,1.577214567,,,,91.9,2316,6.7,849823,669257,518692,669242,571970,605141,606192,681624,663656,53.8,,,,,,,,50,1,Slider,1,2,2,1,2,1,2,1,Standard,Standard,235,0.003,-0.041,74.3,8.5,,,0.041,,-1,1,0.365,0.635,32,35,32,36,1,0,,,,,2.43,-0.29,0.29,,25.456764036889744,-34.00381512079684,34.14507310791951,25.209495432254588,49.8139319500108,10,4
SL,2026-10-04,92.1,-2.05,4.85,"Díaz, Edwin",663586,621242,strikeout,swinging_strike,,,,,14,Austin Riley strikes out swinging.,D,R,R,LAD,ATL,S,2,,0,2,2026,0.27,0.2,0.7824080032197015,1.3164626905464356,,,,0,6,Top,,,,,,,6.638445336380788,-133.99396230433246,-3.3988504412280505,1.7786537616608744,29.357659306666694,-29.26054152500128,3.273540026,1.652066929,,,,94.0,2386,7.5,849823,669257,518692,669242,571970,605141,606192,681624,663656,53.04,,0.0,0.0,1,0,0,,49,3,Slider,1,2,2,1,2,1,2,1,Standard,Standard,222,0.015,-0.165,79.4,7.8,2.806192752,,0.165,,-1,1,0.35,0.65,32,29,32,29,1,2,,,,,2.49,-0.27,-0.27,,8.372924437412046,-10.47309877820807,36.66394216731646,44.37808484911272,39.97736221036909,10,4
SL,2026-10-04,91.0,-2.21,4.97,"Díaz, Edwin",663586,621242,,called_strike,,,,,4,,D,R,R,LAD,ATL,S,,,0,1,2026,0.23,0.49,-0.4827737604208348,2.1882627042620584,,,,0,6,Top,,,,,,,3.7670315147851383,-132.4852664324013,-1.9608917321942323,1.9227715464708317,27.582578016116383,-26.23596620778317,3.273540026,1.652066929,,,,91.1,2332,6.3,849823,669257,518692,669242,571970,605141,606192,681624,663656,54.23,,,,,,,,49,2,Slider,1,2,2,1,2,1,2,1,Standard,Standard,216,0.006,-0.053,,,,,0.053,,-1,1,0.344,0.656,32,29,32,29,1,2,,,,,2.26,-0.23,-0.23,,,,,,,10,4
FF,2026-10-04,99.5,-2.14,4.7,"Díaz, Edwin",663586,621242,,called_strike,,,,,6,,D,R,R,LAD,ATL,S,,,0,0,2026,-1.18,0.93,0.3564277275793408,2.6110495856661347,,,,0,6,Top,,,,,,,9.754547674590611,-144.54625153161953,-2.3846926830107646,-18.844311845432507,33.58919837637509,-18.80564025794943,3.273540026,1.652066929,,,,101.3,2490,7.3,849823,669257,518692,669242,571970,605141,606192,681624,663656,53.15,,,,,,,,49,1,4-Seam Fastball,1,2,2,1,2,1,2,1,Standard,Standard,239,0.004,-0.041,,,,,0.041,,-1,1,0.34,0.66,32,29,32,29,1,2,,,,,1.38,1.18,1.18,,,,,,,10,4
FF,2026-10-04,101.4,-1.25,6.26,"Suarez, Robert",606192,663158,strikeout,swinging_strike,,,,,9,Teoscar Hernández strikes out swinging.,D,R,R,LAD,ATL,S,2,,2,2,2026,-0.46,1.42,0.4876827815611596,1.5303107708231924,,605141,660271,2,5,Bot,,,,,,,5.982186520821671,-147.18215365914426,-11.201297855924716,-8.151950505569399,35.844323566023846,-8.96363231524943,3.199819554,1.614862205,,,,102.3,2353,7.0,849823,686948,621566,645277,663586,643289,657041,671739,660670,53.55,,0.0,0.0,1,0,0,,48,6,4-Seam Fastball,1,2,1,2,2,1,1,2,Standard,Standard,209,-0.057,-0.231,41.1,6.9,1.63395618,,0.231,,-1,-1,0.397,0.397,35,33,35,34,1,2,,,,,0.81,0.46,0.46,,-11.016917792398996,37.57830389361762,33.816520993887146,44.74520473097194,2.77396402438594,10,4
FF,2026-10-04,101.0,-1.23,6.3,"Suarez, Robert",606192,663158,,foul,,,,,12,,D,R,R,LAD,ATL,S,,,2,2,2026,-0.79,1.32,0.3714403836344315,3.761165759044542,,605141,660271,2,5,Bot,,,,,,,6.4460612463931,-146.9855813646351,-4.835146488371592,-13.033587011797156,34.29687563467767,-12.127560584998824,3.199819554,1.614862205,253,80.8,45,103.0,2253,7.3,849823,686948,621566,645277,663586,643289,657041,671739,660670,53.2,,,,,,,,48,5,4-Seam Fastball,1,2,1,2,2,1,1,2,Standard,Standard,212,0.0,0.0,65.7,6.4,,,0.0,88.0,-1,-1,0.397,0.397,35,33,35,34,1,2,,,,,0.91,0.79,0.79,,-10.701039317644268,30.76609807320146,17.203462964808054,42.58321324410234,13.112673572457023,10,4
CH,2026-10-04,91.5,-1.39,6.13,"Suarez, Robert",606192,663158,,foul,,,,,7,,D,R,R,LAD,ATL,S,,,2,1,2026,-1.4,0.66,-0.6072194929764159,1.7207095543407034,,605141,660271,2,5,Bot,,,,,,,5.1118066664498825,-133.03639243680217,-6.5248494528922105,-17.749657693579987,29.354245854350104,-23.09966627147096,3.199819554,1.614862205,2,73.6,-36,92.7,1758,7.1,849823,686948,621566,645277,663586,643289,657041,671739,660670,53.38,,,,,,,,48,4,Changeup,1,2,1,2,2,1,1,2,Standard,Standard,238,-0.015,-0.073,77.8,8.6,,,0.073,88.0,-1,-1,0.412,0.412,35,33,35,34,1,2,,,,,2.07,1.4,1.4,,20.73739816960555,-23.4305986602702,42.44172961296709,32.03079691358811,45.0974544142951,10,4
FF,2026-10-04,98.6,-1.59,6.13,"Suarez, Robert",606192,663158,,ball,,,,,14,,D,R,R,LAD,ATL,B,,,1,1,2026,-0.3,1.2,1.3395991130814071,2.250033262224102,,605141,660271,2,5,Bot,,,,,,,8.620651001957347,-143.23386826039817,-7.736724373345654,-6.0531303002121,32.717392302845795,-14.040949690542268,3.199819554,1.614862205,,,,99.4,2255,6.8,849823,686948,621566,645277,663586,643289,657041,671739,660670,53.72,,,,,,,,48,3,4-Seam Fastball,1,2,1,2,2,1,1,2,Standard,Standard,206,0.008,0.039,,,,,-0.039,,-1,-1,0.404,0.404,35,33,35,34,1,2,,,,,1.15,0.3,0.3,,,,,,,10,4
FF,2026-10-04,100.9,-1.22,6.32,"Suarez, Robert",606192,663158,,foul,,,,,3,,D,R,R,LAD,ATL,S,,,1,0,2026,-0.41,1.3,0.5743365498622193,2.99077626140468,,605141,660271,2,5,Bot,,,,,,,5.9820431361542985,-146.6726490425225,-6.866097742781665,-7.44368472934016,38.39914952246746,-12.020655914778912,3.199819554,1.614862205,210,85.0,60,101.6,2361,7.0,849823,686948,621566,645277,663586,643289,657041,671739,660670,53.55,,,,,,,,48,2,4-Seam Fastball,1,2,1,2,2,1,1,2,Standard,Standard,207,-0.008,-0.048,75.2,7.7,,,0.048,88.0,-1,-1,0.412,0.412,35,33,35,34,1,2,,,,,0.97,0.41,0.41,,9.6625841341003,14.008693147838729,23.003870008423963,46.71001399418628,20.63830159269029,10,4
FF,2026-10-04,100.3,-1.16,6.27,"Suarez, Robert",606192,663158,,ball,,,,,12,,D,R,R,LAD,ATL,B,,,0,0,2026,-0.56,1.28,1.1674224648581957,3.398249727271099,,605141,660271,2,5,Bot,,,,,,,7.758733957026703,-145.75062355008518,-5.452397027966485,-9.929694424405753,36.53957958446765,-12.878434947819994,3.199819554,1.614862205,,,,100.8,2187,6.8,849823,686948,621566,645277,663586,643289,657041,671739,660670,53.71,,,,,,,,48,1,4-Seam Fastball,1,2,1,2,2,1,1,2,Standard,Standard,209,0.005,0.029,,,,,-0.029,,-1,-1,0.407,0.407,35,33,35,34,1,2,,,,,1.01,0.56,0.56,,,,,,,10,4
CH,2026-10-04,90.2,-1.45,5.91,"Suarez, Robert",518692,663158,field_out,hit_into_play,,,,,13,Freddie Freeman flies out to left fielder Lane Thomas.,D,L,R,LAD,ATL,X,7,fly_ball,1,0,2026,-1.34,0.61,-0.4576207102834071,1.4307085338399674,,605141,660271,1,5,Bot,68.41,75.38,,,,,5.422064755614022,-131.23744119654958,-6.360434088787141,-16.670391900492298,27.2289411445161,-23.938996801842578,3.382365486,1.706988189,337,94.1,25,91.6,1907,7.1,849823,686948,621566,645277,663586,643289,657041,671739,660670,53.41,0.163,0.214,0.0,1,0,0,3,47,2,Changeup,1,2,1,2,2,1,1,2,Standard,Strategic,240,-0.078,-0.283,67.1,7.2,,0.345,0.283,94.1,-1,-1,0.485,0.485,35,36,35,37,1,2,,,,,2.18,1.34,-1.34,,9.672865173159552,11.13214712779628,48.78301237180749,44.823719370045325,24.682549512058745,10,4
CH,2026-10-04,91.3,-1.61,6.04,"Suarez, Robert",518692,663158,,ball,,,,,11,,D,L,R,LAD,ATL,B,,,0,0,2026,-1.26,0.68,-1.430745779389402,3.0713629987352578,,605141,660271,1,5,Bot,,,,,,,3.246611012607014,-133.02940048308105,-2.9565043451707456,-15.730811360686277,27.39205805828367,-23.65875228099078,3.382365486,1.706988189,,,,92.6,1845,6.9,849823,686948,621566,645277,663586,643289,657041,671739,660670,53.59,,,,,,,,47,1,Changeup,1,2,1,2,2,1,1,2,Standard,Strategic,236,0.009,0.042,,,,,-0.042,,-1,-1,0.476,0.476,35,36,35,37,1,2,,,,,2.04,1.26,-1.26,,,,,,,10,4
FF,2026-10-04,100.1,-1.24,6.29,"Suarez, Robert",669257,663158,field_out,hit_into_play,,,,,1,Will Smith flies out to right fielder Ronald Acuña Jr.,D,R,R,LAD,ATL,X,9,fly_ball,3,2,2026,-0.77,1.38,-0.4795225905926054,3.126637415466682,,605141,660271,0,5,Bot,180.25,92.98,,,,,3.9524090241336407,-145.6682965017378,-6.489353367573976,-11.913412256586165,34.7162785889401,-11.194269483704298,3.137508202,1.583415354,297,85.7,33,100.6,2351,6.6,849823,686948,621566,645277,663586,643289,657041,671739,660670,53.9,0.014,0.02,0.0,1,0,0,3,46,7,4-Seam Fastball,1,2,1,2,2,1,1,2,Standard,Standard,210,-0.09,-0.309,65.7,5.9,,0.032,0.309,88.0,-1,-1,0.566,0.566,35,31,35,31,1,2,,,,,0.9,0.77,0.77,,5.9652397462796,18.22986815626041,26.74882027100775,29.013569252229445,22.95954431252164,10,4
SI,2026-10-04,100.1,-1.36,6.23,"Suarez, Robert",669257,663158,,foul,,,,,9,,D,R,R,LAD,ATL,S,,,3,2,2026,-1.05,1.23,0.3820570509919145,1.9418768530103316,,605141,660271,0,5,Bot,,,,,,,7.342060521645719,-145.32739033625867,-9.238505763359854,-16.593775711092714,34.06804261763405,-12.730464343797031,3.137508202,1.583415354,242,84.4,52,101.1,2344,7.0,849823,686948,621566,645277,663586,643289,657041,671739,660670,53.53,,,,,,,,46,6,Sinker,1,2,1,2,2,1,1,2,Standard,Standard,210,0.0,0.0,70.1,7.5,,,0.0,88.0,-1,-1,0.566,0.566,35,31,35,31,1,2,,,,,1.06,1.05,1.05,,7.083638226060813,13.424655127693448,33.40947958879161,40.515786999633775,23.43357351123039,10,4
FF,2026-10-04,99.5,-1.14,6.25,"Suarez, Robert",669257,663158,,foul,,,,,12,,D,R,R,LAD,ATL,S,,,3,1,2026,-0.47,1.28,0.8852170182023555,2.755014833583245,,605141,660271,0,5,Bot,,,,,,,6.675219233053891,-144.62812795238514,-7.09514090631487,-8.140175767394187,33.0058766396364,-12.722070239531194,3.137508202,1.583415354,217,88.5,15,100.7,2454,6.9,849823,686948,621566,645277,663586,643289,657041,671739,660670,53.55,,,,,,,,46,5,4-Seam Fastball,1,2,1,2,2,1,1,2,Standard,Standard,209,-0.026,-0.141,69.1,6.9,,,0.141,88.5,-1,-1,0.592,0.592,35,31,35,31,1,2,,,,,1.02,0.47,0.47,,2.6912655680906474,23.25300410160415,26.604419408460345,47.04089672726534,14.627681615653708,10,4
FF,2026-10-04,97.4,-1.4,6.27,"Suarez, Robert",669257,663158,,ball,,,,,14,,D,R,R,LAD,ATL,B,,,2,1,2026,-0.22,1.41,1.38099904740864,2.266986193364639,,605141,660271,0,5,Bot,,,,,,,7.939316625568458,-141.52289552593993,-8.33956102546764,-4.779997627962167,31.306203858357136,-11.524234559075756,3.137508202,1.583415354,,,,98.0,2363,6.6,849823,686948,621566,645277,663586,643289,657041,671739,660670,53.86,,,,,,,,46,4,4-Seam Fastball,1,2,1,2,2,1,1,2,Standard,Standard,207,0.031,0.148,,,,,-0.148,,-1,-1,0.561,0.561,35,31,35,31,1,2,,,,,1.0,0.22,0.22,,,,,,,10,4
FF,2026-10-04,100.2,-1.37,6.3,"Suarez, Robert",669257,663158,,foul,,,,,12,,D,R,R,LAD,ATL,S,,,2,0,2026,-0.64,1.42,0.9433693209673234,3.186389838815763,,605141,660271,0,5,Bot,,,,,,,7.924565140098943,-145.48049466281682,-6.406222484802588,-11.039176296496311,37.8642196320196,-10.761833657621866,3.137508202,1.583415354,238,80.0,43,100.6,2510,6.9,849823,686948,621566,645277,663586,643289,657041,671739,660670,53.61,,,,,,,,46,3,4-Seam Fastball,1,2,1,2,2,1,1,2,Standard,Standard,210,-0.021,-0.078,62.2,6.7,,,0.078,88.0,-1,-1,0.582,0.582,35,31,35,31,1,2,,,,,0.89,0.64,0.64,,4.083105273771382,26.59808677276316,21.9059159346132,47.47705478759958,9.419196012396316,10,4
FF,2026-10-04,100.6,-1.32,6.24,"Suarez, Robert",669257,663158,,ball,,,,,12,,D,R,R,LAD,ATL,B,,,1,0,2026,-0.48,1.42,1.078919014562728,2.586676141651012,,605141,660271,0,5,Bot,,,,,,,7.775338372631436,-146.06208739327948,-7.980649918688161,-8.787861585085615,37.68389131185743,-10.105803449176408,3.137508202,1.583415354,,,,100.9,2422,6.8,849823,686948,621566,645277,663586,643289,657041,671739,660670,53.68,,,,,,,,46,2,4-Seam Fastball,1,2,1,2,2,1,1,2,Standard,Standard,209,0.021,0.076,,,,,-0.076,,-1,-1,0.561,0.561,35,31,35,31,1,2,,,,,0.86,0.48,0.48,,,,,,,10,4
FC,2026-10-04,97.7,-1.57,6.16,"Suarez, Robert",669257,663158,,ball,,,,,12,,D,R,R,LAD,ATL,B,,,0,0,2026,-0.07,0.99,1.6259319321178616,3.5679877410368577,,605141,660271,0,5,Bot,,,,,,,8.676016305744971,-142.02349068182602,-3.568710443118216,-3.0122831537502317,34.64121496704709,-18.23400528609693,3.137508202,1.583415354,,,,97.9,2301,6.6,849823,686948,621566,645277,663586,643289,657041,671739,660670,53.91,,,,,,,,46,1,Cutter,1,2,1,2,2,1,1,2,Standard,Standard,203,0.01,0.05,,,,,-0.05,,-1,-1,0.551,0.551,35,31,35,31,1,2,,,,,1.42,0.07,0.07,,,,,,,10,4
FF,2026-10-04,94.9,1.69,6.54,"Lee, Dylan",660271,669276,single,hit_into_play,,,,,2,Shohei Ohtani singles on a ground ball to left fielder Lane Thomas. Mookie Betts to 2nd.,D,L,L,LAD,ATL,X,7,ground_ball,0,1,2026,0.61,1.61,-0.0643250118358975,3.457207032574994,,,605141,0,5,Bot,73.77,107.09,,,,,-5.893823207975779,-137.994134887028,-5.8087365646518325,9.098281805489552,32.43475773294952,-10.511192341560069,3.369201116,1.700344488,26,91.2,-6,94.5,2411,6.2,849823,686948,621566,645277,663586,643289,657041,671739,660670,54.31,0.204,0.184,0.9,1,1,0,2,45,2,4-Seam Fastball,1,2,1,2,2,1,1,2,Infield shade,Strategic,154,0.088,0.509,66.1,6.4,,0.235,-0.509,91.2,-1,-1,0.463,0.463,31,31,32,32,1,2,,,,,0.94,0.61,0.61,,-4.547273745936607,28.80061805535853,25.17386140014525,40.54976709210825,9.335181945323106,10,4
SL,2026-10-04,85.4,1.79,6.4,"Lee, Dylan",660271,669276,,swinging_strike,,,,,13,,D,L,L,LAD,ATL,S,,,0,0,2026,-0.14,0.52,-1.6246953017651984,1.2716970693996474,,,605141,0,5,Bot,,,,,,,-7.6636158919064865,-124.12539989446567,-6.609037337504486,0.0478110209987984,24.11829624128553,-25.67627607638525,3.369201116,1.700344488,,,,85.7,2129,6.5,849823,686948,621566,645277,663586,643289,657041,671739,660670,54.0,,,,,,,,45,1,Slider,1,2,1,2,2,1,1,2,Strategic,Strategic,127,-0.008,-0.041,66.8,9.5,16.982928996,,0.041,,-1,-1,0.471,0.471,31,31,32,32,1,2,,,,,2.61,-0.14,-0.14,,28.75994262895108,-38.34608784336025,33.8097712550484,57.41245605809952,48.68735772538631,10,4
SL,2026-10-04,85.5,1.88,6.52,"Lee, Dylan",605141,669276,walk,ball,,,,,13,"Mookie Betts challenged (pitch result), call on the field was overturned: Mookie Betts walks.",D,R,L,LAD,ATL,B,,,3,1,2026,-0.2,0.4,-0.326659694876148,1.3103157802977727,,,,0,5,Bot,,,,,,,-4.727685180495516,-124.39739657655002,-6.619270795616634,-1.217429733361891,22.59820208358728,-26.940527267964303,3.096259843,1.562598425,,,,85.9,2166,6.4,849823,686948,621566,645277,663586,643289,657041,671739,660670,54.15,,0.69822,0.7,1,0,0,,44,5,Slider,1,2,1,2,2,1,1,2,Standard,Standard,143,0.034,0.258,,,,,-0.258,,-1,-1,0.437,0.437,31,33,32,34,1,2,,,,,2.69,-0.2,0.2,,,,,,,10,4
FF,2026-10-04,93.3,1.57,6.49,"Lee, Dylan",605141,669276,,ball,,,,,13,,D,R,L,LAD,ATL,B,,,2,1,2026,0.58,1.51,-0.2173666351331274,0.9215453061398632,,,,0,5,Bot,,,,,,,-5.812669563148344,-135.30412658615006,-11.587014645554254,8.361272069384697,30.13725674245253,-11.247039425365465,3.096259843,1.562598425,,,,93.1,2411,6.4,849823,686948,621566,645277,663586,643289,657041,671739,660670,54.12,,,,,,,,44,4,4-Seam Fastball,1,2,1,2,2,1,1,2,Standard,Standard,157,0.016,0.137,,,,,-0.137,,-1,-1,0.421,0.421,31,33,32,34,1,2,,,,,1.13,0.58,-0.58,,,,,,,10,4
CH,2026-10-04,86.7,1.84,6.49,"Lee, Dylan",605141,669276,,ball,,,,,12,,D,R,L,LAD,ATL,B,,,1,1,2026,1.0,0.97,1.6206505634096553,2.919321038194581,,,,0,5,Bot,,,,,,,-2.6171022982871723,-126.19402014440772,-4.122129225768462,11.234867257444112,26.15319408065578,-21.229560495075845,3.096259843,1.562598425,,,,86.8,1641,6.4,849823,686948,621566,645277,663586,643289,657041,671739,660670,54.11,,,,,,,,44,3,Changeup,1,2,1,2,2,1,1,2,Standard,Standard,141,0.008,0.063,,,,,-0.063,,-1,-1,0.413,0.413,31,33,32,34,1,2,,,,,2.07,1.0,-1.0,,,,,,,10,4
FF,2026-10-04,93.3,1.66,6.6,"Lee, Dylan",605141,669276,,called_strike,,,,,6,,D,R,L,LAD,ATL,S,,,1,0,2026,0.75,1.61,0.5878415074387464,2.2703220465416463,,,,0,5,Bot,,,,,,,-4.357140587523598,-135.59622018927254,-8.651854813144448,10.203697381961618,31.61466862718528,-10.573926392221004,3.096259843,1.562598425,,,,92.5,2365,6.0,849823,686948,621566,645277,663586,643289,657041,671739,660670,54.46,,,,,,,,44,2,4-Seam Fastball,1,2,1,2,2,1,1,2,Standard,Standard,155,-0.008,-0.055,,,,,0.055,,-1,-1,0.421,0.421,31,33,32,34,1,2,,,,,1.03,0.75,-0.75,,,,,,,10,4
SL,2026-10-04,84.9,1.84,6.5,"Lee, Dylan",605141,669276,,ball,,,,,13,,D,R,L,LAD,ATL,B,,,0,0,2026,-0.19,0.65,-0.5440745819997783,1.2962955817522954,,,,0,5,Bot,,,,,,,-5.126121912125263,-123.46365011587778,-6.924344064076018,-0.9458442879294924,23.69810211562591,-24.38890197126912,3.096259843,1.562598425,,,,85.2,2043,6.4,849823,686948,621566,645277,663586,643289,657041,671739,660670,54.08,,,,,,,,44,1,Slider,1,2,1,2,2,1,1,2,Standard,Strategic,148,0.006,0.042,,,,,-0.042,,-1,-1,0.415,0.415,31,33,32,34,1,2,,,,,2.51,-0.19,0.19,,,,,,,10,4
ST,2026-10-04,87.7,-2.34,5.35,"Phillips, Evan",642133,623465,field_out,hit_into_play,,,,,7,Rowdy Tellez lines out to right fielder Kyle Tucker.,D,L,R,LAD,ATL,X,9,line_drive,1,2,2026,1.3,-0.37,-0.4017549091558816,1.6582058571303353,,,643289,2,5,Top,197.42,105.57,,,,,1.880260407695329,-127.6357957408969,-1.7151973426801606,13.60356965566952,29.427634391780728,-36.02556202062783,3.341994751,1.686614173,323,107.7,13,87.2,2706,6.2,849823,669257,518692,669242,571970,605141,606192,681624,663656,54.28,0.831,0.842,0.0,1,0,0,5,43,4,Sweeper,1,2,2,1,2,1,2,1,Infield shade,Standard,51,0.017,-0.193,72.7,8.5,,1.158,0.193,107.7,-1,1,0.398,0.602,31,31,32,31,1,0,,,,,3.36,-1.3,1.3,,-2.4604760545050204,-15.592416310561596,31.56795316339589,39.71563643847748,33.593560930730334,10,4
ST,2026-10-04,86.3,-2.31,5.36,"Phillips, Evan",642133,623465,,called_strike,,,,,8,,D,L,R,LAD,ATL,S,,,1,1,2026,1.34,-0.32,-0.092832833558236,2.030563111245816,,,643289,2,5,Top,,,,,,,2.4307662256549416,-125.68526075554998,-0.7834003277711818,13.562712627085029,27.49965040661592,-35.599876849043426,3.341994751,1.686614173,,,,85.8,2751,6.1,849823,669257,518692,669242,571970,605141,606192,681624,663656,54.42,,,,,,,,43,3,Sweeper,1,2,2,1,2,1,2,1,Infield shade,Standard,54,0.006,-0.067,,,,,0.067,,-1,1,0.392,0.608,31,31,32,31,1,0,,,,,3.39,-1.34,1.34,,,,,,,10,4
ST,2026-10-04,85.9,-2.35,5.29,"Phillips, Evan",642133,623465,,swinging_strike,,,,,14,,D,L,R,LAD,ATL,S,,,1,0,2026,1.21,-0.35,0.1188288241430475,1.0666074559131489,,,643289,2,5,Top,,,,,,,3.260155533756828,-125.09079875242244,-2.7623947412389485,11.991225071006186,26.843363091824106,-35.456263922304785,3.341994751,1.686614173,,,,85.5,2672,6.1,849823,669257,518692,669242,571970,605141,606192,681624,663656,54.4,,,,,,,,43,2,Sweeper,1,2,2,1,2,1,2,1,Infield shade,Standard,47,0.003,-0.051,78.2,9.3,2.629953576,,0.051,,-1,1,0.389,0.611,31,31,32,31,1,0,,,,,3.45,-1.21,1.21,,19.49461080667532,-35.68764506315857,31.50299803227424,33.24901597255114,55.19718060880976,10,4
FF,2026-10-04,97.7,-2.26,5.42,"Phillips, Evan",642133,623465,,ball,,,,,13,,D,L,R,LAD,ATL,B,,,0,0,2026,-1.04,1.31,-1.7394943820765174,1.7947495314669335,,,643289,2,5,Top,,,,,,,3.8326152190181633,-142.02539497195272,-7.04787176507016,-14.986286313602838,35.66249579939162,-13.079454525383335,3.341994751,1.686614173,,,,97.5,2515,6.4,849823,669257,518692,669242,571970,605141,606192,681624,663656,54.06,,,,,,,,43,1,4-Seam Fastball,1,2,2,1,2,1,2,1,Infield shade,Standard,224,-0.002,0.037,,,,,-0.037,,-1,1,0.391,0.609,31,31,32,31,1,0,,,,,1.11,1.04,-1.04,,,,,,,10,4
FF,2026-10-04,92.0,2.08,5.6,"Bubic, Kris",643289,663460,walk,ball,,,,,13,Mauricio Dubón walks.,D,R,L,LAD,ATL,B,,,3,0,2026,0.4,1.25,-0.0352793026749752,0.7557048136189233,,,,2,5,Top,,,,,,,-6.228299998389114,-133.58018724878826,-8.967832924949644,6.148581454940895,29.61376863371591,-15.468353056889516,3.17085794,1.600246063,,,,92.8,2202,6.9,849823,669257,518692,669242,571970,605141,606192,681624,663656,53.56,,0.69822,0.7,1,0,0,,42,4,4-Seam Fastball,1,2,2,1,2,1,2,1,Standard,Standard,150,-0.005,0.123,,,,,-0.123,,-1,1,0.396,0.604,28,31,29,32,1,2,,,,,1.46,0.4,-0.4,,,,,,,10,4
ST,2026-10-04,84.3,2.23,5.54,"Bubic, Kris",643289,663460,,ball,,,,,12,,D,R,L,LAD,ATL,B,,,2,0,2026,-0.53,0.0,2.1434731671842577,4.323456118450709,671739,,,2,5,Top,,,,,,,0.8694977524790568,-122.7027411012216,3.73733363661304,-5.487980376593255,24.585688799955232,-33.150511235836674,3.17085794,1.600246063,,,,85.0,2587,6.7,849823,669257,518692,669242,571970,605141,606192,681624,663656,53.77,,,,,,,,42,3,Sweeper,1,1,1,1,2,1,2,1,Standard,Standard,296,-0.114,0.047,,,,,-0.047,,0,0,0.51,0.49,28,31,29,32,1,2,,,,,3.21,-0.53,0.53,,,,,,,10,4
CH,2026-10-04,86.5,2.17,5.61,"Bubic, Kris",643289,663460,,ball,,,,,12,,D,R,L,LAD,ATL,B,,,1,0,2026,0.91,-0.04,1.5145742466701633,2.5827973270174067,671739,,,2,5,Top,,,,,,,-3.455478309883333,-126.04985564513822,-0.7789607664473857,10.35918360615429,23.8875049363512,-32.66460799059971,3.17085794,1.600246063,,,,87.4,1363,6.6,849823,669257,518692,669242,571970,605141,606192,681624,663656,53.88,,,,,,,,42,2,Changeup,1,1,1,1,1,1,1,1,Standard,Standard,115,-0.003,0.021,,,,,-0.021,,0,0,0.513,0.487,28,31,29,32,1,2,,,,,3.06,0.91,-0.91,,,,,,,10,4
CH,2026-10-04,85.9,2.23,5.57,"Bubic, Kris",643289,663460,,ball,,,,,14,,D,R,L,LAD,ATL,B,,,0,0,2026,0.41,0.06,0.947691221273694,0.8898543627113913,671739,,,2,5,Top,,,,,,,-3.884108478278758,-125.12986327504686,-4.784581644158829,5.030662126756233,24.08081624306713,-30.823698579778352,3.17085794,1.600246063,,,,87.0,1007,6.8,849823,669257,518692,669242,571970,605141,606192,681624,663656,53.67,,,,,,,,42,1,Changeup,1,1,1,1,1,1,1,1,Standard,Standard,115,-0.001,0.028,,,,,-0.028,,0,0,0.514,0.486,28,31,29,32,1,2,,,,,3.01,0.41,-0.41,,,,,,,10,4
ST,2026-10-04,86.0,2.15,5.41,"Bubic, Kris",671739,663460,triple,hit_into_play,,,,,13,Michael Harris II triples (1) on a line drive to left fielder Teoscar Hernández.,D,L,L,LAD,ATL,X,7,line_drive,0,2,2026,-0.85,-0.28,-1.2470788141617088,1.892507023651182,,,,2,5,Top,27.62,100.74,,,,,-6.256596750839577,-125.17421383388054,-1.2744417783905715,-7.629241756613604,26.25382414345996,-35.027195368969124,3.181389436,1.605561024,310,92.3,23,86.9,2604,6.9,849823,669257,518692,669242,571970,605141,606192,681624,663656,53.58,0.157,0.185,1.6,1,1,2,3,41,5,Sweeper,1,1,1,1,1,1,1,1,Strategic,Standard,312,-0.044,0.825,68.3,8.0,,0.283,-0.825,92.3,0,0,0.558,0.442,28,25,29,25,1,2,,,,,3.37,-0.85,-0.85,,-3.3924849011098317,11.261043818480426,28.230641652272325,51.54239568396038,24.753740750456497,10,4
FF,2026-10-04,94.7,1.87,5.63,"Bubic, Kris",671739,663460,,foul,,,,,11,,D,L,L,LAD,ATL,S,,,0,2,2026,0.08,1.33,-1.0976582856092587,2.696001168979129,,,,2,5,Top,,,,,,,-7.919566177585278,-137.6800435423694,-4.836382389575272,2.798415343754358,31.72458194890467,-14.385016931377123,3.181389436,1.605561024,306,91.0,41,95.9,2288,7.1,849823,669257,518692,669242,571970,605141,606192,681624,663656,53.41,,,,,,,,41,4,4-Seam Fastball,1,1,1,1,1,1,1,1,Strategic,Standard,149,0.0,0.0,67.2,7.7,,,0.0,91.0,0,0,0.558,0.442,28,25,29,25,1,2,,,,,1.22,0.08,0.08,,-1.02618660336432,24.732348069541807,23.685854374013463,50.55760520290997,15.138940683523794,10,4
ST,2026-10-04,85.7,2.07,5.46,"Bubic, Kris",671739,663460,,foul,,,,,5,,D,L,L,LAD,ATL,S,,,0,2,2026,-1.2,-0.44,-0.09253436846818,2.378890976027678,,,,2,5,Top,,,,,,,-2.5967833196209065,-124.71058786594394,0.1896084038027217,-11.761879707004692,28.442679621883663,-36.98683323215834,3.181389436,1.605561024,3,83.9,-44,85.8,2676,6.7,849823,669257,518692,669242,571970,605141,606192,681624,663656,53.83,,,,,,,,41,3,Sweeper,1,1,1,1,1,1,1,1,Standard,Standard,313,0.0,0.0,73.0,7.9,,,0.0,88.0,0,0,0.558,0.442,28,25,29,25,1,2,,,,,3.58,-1.2,-1.2,,7.544992754362614,-1.9431904056880973,27.760266504690463,36.6590858600264,36.00690391449528,10,4
ST,2026-10-04,85.2,2.14,5.51,"Bubic, Kris",671739,663460,,foul,,,,,4,,D,L,L,LAD,ATL,S,,,0,1,2026,-1.02,0.04,-0.5625922827764324,2.324508357021224,,,,2,5,Top,,,,,,,-4.215943006139354,-124.18195838380714,-1.0996019528288676,-9.790817193588262,23.78826216091085,-31.749988988738675,3.181389436,1.605561024,149,83.0,68,86.4,2780,6.8,849823,669257,518692,669242,571970,605141,606192,681624,663656,53.66,,,,,,,,41,2,Sweeper,1,1,1,1,1,1,1,1,Standard,Standard,316,0.004,-0.062,71.2,8.5,,,0.062,88.0,0,0,0.554,0.446,28,25,29,25,1,2,,,,,3.08,-1.02,-1.02,,14.617686966979493,0.7573988778497177,25.4142362746283,44.17818639104219,31.38137289843961,10,4
SI,2026-10-04,92.8,2.1,5.52,"Bubic, Kris",671739,663460,,called_strike,,,,,2,,D,L,L,LAD,ATL,S,,,0,0,2026,1.02,0.76,-0.2049185562126532,2.9143651321772417,,,,2,5,Top,,,,,,,-8.201344655795602,-134.9891179603688,-2.444891626834312,14.164343479299507,27.90773803756376,-22.478908288867817,3.181389436,1.605561024,,,,94.2,2317,7.0,849823,669257,518692,669242,571970,605141,606192,681624,663656,53.46,,,,,,,,41,1,Sinker,1,1,1,1,1,1,1,1,Standard,Standard,150,0.002,-0.046,,,,,0.046,,0,0,0.552,0.448,28,25,29,25,1,2,,,,,1.87,1.02,1.02,,,,,,,10,4
CH,2026-10-04,86.3,2.18,5.5,"Bubic, Kris",645277,663460,field_out,hit_into_play,,,,,12,"Ozzie Albies grounds out, shortstop Mookie Betts to first baseman Freddie Freeman.",D,R,L,LAD,ATL,X,6,ground_ball,2,2,2026,0.46,-0.11,0.8428028546033633,2.8494665687040763,,,,1,5,Top,103.16,153.2,,,,,-4.129786907672396,-125.64439028563264,0.3455283777869324,5.7539340296963175,25.74643679366653,-33.586871892826615,2.984801509,1.506348425,15,87.3,-11,87.1,1255,6.8,849823,669257,518692,669242,571970,605141,606192,681624,663656,53.73,0.155,0.154,0.0,1,0,0,2,40,6,Changeup,1,1,1,1,1,1,1,1,Standard,Standard,109,0.019,-0.233,61.6,7.3,,0.19,0.233,88.0,0,0,0.533,0.467,28,29,29,29,1,2,,,,,3.17,0.46,-0.46,,11.538815508235547,-12.723029269640714,16.419047724069298,34.16848910056697,40.72582304035228,10,4
FF,2026-10-04,94.3,2.11,5.54,"Bubic, Kris",645277,663460,,foul,,,,,6,,D,R,L,LAD,ATL,S,,,2,2,2026,0.33,1.55,0.4248113612117346,2.331536485843624,,,,1,5,Top,,,,,,,-5.133132629504527,-137.09165746760792,-5.999882972314396,5.331521895013426,30.936853590294486,-11.48165562407188,2.984801509,1.506348425,188,72.9,65,95.4,2448,7.0,849823,669257,518692,669242,571970,605141,606192,681624,663656,53.47,,,,,,,,40,5,4-Seam Fastball,1,1,1,1,1,1,1,1,Standard,Standard,155,0.0,0.0,71.6,7.2,,,0.0,88.0,0,0,0.533,0.467,28,29,29,29,1,2,,,,,1.02,0.33,-0.33,,8.016089414768938,-8.779151724177874,27.29836012138093,30.00573782600471,39.54903631086204,10,4
ST,2026-10-04,85.2,2.3,5.43,"Bubic, Kris",645277,663460,,called_strike,,,,,12,,D,R,L,LAD,ATL,S,,,2,1,2026,-1.26,-0.66,0.8818125392527554,2.686788357434173,,,,1,5,Top,,,,,,,-0.7026565067125043,-123.9730579741903,1.5039832504236346,-12.689419283383694,28.11180158263193,-39.48487504517674,2.984801509,1.506348425,,,,85.1,2633,6.6,849823,669257,518692,669242,571970,605141,606192,681624,663656,53.95,,,,,,,,40,4,Sweeper,1,1,1,1,1,1,1,1,Standard,Standard,310,0.006,-0.075,,,,,0.075,,0,0,0.527,0.473,28,29,29,29,1,2,,,,,3.83,-1.26,1.26,,,,,,,10,4
ST,2026-10-04,84.1,2.16,5.38,"Bubic, Kris",645277,663460,,called_strike,,,,,14,,D,R,L,LAD,ATL,S,,,2,0,2026,-0.81,-0.39,0.8662066567374818,2.018123493613577,,,,1,5,Top,,,,,,,-1.3279361025168923,-122.46763692107258,-0.3061468656584947,-7.785956509926746,27.872024161800372,-36.27112900253539,2.984801509,1.506348425,,,,84.4,2519,6.8,849823,669257,518692,669242,571970,605141,606192,681624,663656,53.74,,,,,,,,40,3,Sweeper,1,1,1,1,1,1,1,1,Standard,Standard,311,0.007,-0.068,,,,,0.068,,0,0,0.52,0.48,28,29,29,29,1,2,,,,,3.65,-0.81,0.81,,,,,,,10,4
CH,2026-10-04,86.8,2.29,5.62,"Bubic, Kris",645277,663460,,ball,,,,,12,,D,R,L,LAD,ATL,B,,,1,0,2026,0.4,0.22,0.4833587636963083,3.9414485266521946,,,,1,5,Top,,,,,,,-5.103016175866799,-126.30039343702477,1.8913806825071808,5.301459337900199,25.62329599633512,-30.412899908186624,2.984801509,1.506348425,,,,87.1,1521,6.5,849823,669257,518692,669242,571970,605141,606192,681624,663656,54.01,,,,,,,,40,2,Changeup,1,1,1,1,1,1,1,1,Standard,Standard,125,-0.007,0.075,,,,,-0.075,,0,0,0.527,0.473,28,29,29,29,1,2,,,,,2.8,0.4,-0.4,,,,,,,10,4
CH,2026-10-04,87.5,2.23,5.63,"Bubic, Kris",645277,663460,,ball,,,,,12,,D,R,L,LAD,ATL,B,,,0,0,2026,0.76,0.18,0.8072209511140936,3.269049773675689,,,,1,5,Top,,,,,,,-5.002353538328681,-127.36384017387964,0.2146699407480626,9.261448887612808,24.20346395037396,-30.48490780410842,2.984801509,1.506348425,,,,88.4,1281,6.7,849823,669257,518692,669242,571970,605141,606192,681624,663656,53.85,,,,,,,,40,1,Changeup,1,1,1,1,1,1,1,1,Standard,Standard,114,-0.003,0.041,,,,,-0.041,,0,0,0.53,0.47,28,29,29,29,1,2,,,,,2.78,0.76,-0.76,,,,,,,10,4
FF,2026-10-04,92.8,2.13,5.52,"Bubic, Kris",621566,663460,field_out,hit_into_play,,,,,4,Matt Olson pops out to shortstop Mookie Betts.,D,L,L,LAD,ATL,X,6,popup,1,0,2026,0.23,1.31,-0.765155757594851,2.6461173594571985,,,,0,5,Top,118.94,114.85,,,,,-7.896549968259461,-134.94100023065988,-4.35328527643925,4.404070124631058,27.72415658593209,-15.373968524344496,3.37183399,1.701673228,213,92.0,59,94.0,2470,6.9,849823,669257,518692,669242,571970,605141,606192,681624,663656,53.56,0.011,0.01,0.0,1,0,0,3,39,2,4-Seam Fastball,1,1,1,1,1,1,1,1,Infield shade,Standard,150,0.035,-0.301,75.0,8.1,,0.015,0.301,92.0,0,0,0.495,0.505,28,32,29,32,1,2,,,,,1.33,0.23,0.23,,14.744169097541322,-7.454322420964917,26.762981642854605,47.30613068567629,38.36457709336759,10,4
FF,2026-10-04,93.1,2.01,5.46,"Bubic, Kris",621566,663460,,ball,,,,,4,,D,L,L,LAD,ATL,B,,,0,0,2026,0.3,1.35,-0.7031906926055456,2.420473874056796,,,,0,5,Top,,,,,,,-7.632594776478348,-135.3669704909651,-4.93030090126227,5.3162264916666535,27.933131301355296,-14.64826493186456,3.37183399,1.701673228,,,,94.4,2394,7.0,849823,669257,518692,669242,571970,605141,606192,681624,663656,53.53,,,,,,,,39,1,4-Seam Fastball,1,1,1,1,1,1,1,1,Standard,Standard,148,-0.005,0.042,,,,,-0.042,,0,0,0.5,0.5,28,32,29,32,1,2,,,,,1.27,0.3,0.3,,,,,,,10,4
FF,2026-10-04,95.1,2.04,6.54,"Lee, Dylan",669242,669276,field_out,hit_into_play,,,,,5,Tommy Edman pops out to second baseman Ozzie Albies.,D,R,L,LAD,ATL,X,4,popup,0,0,2026,0.55,1.55,0.0233905428182742,2.362687413397402,,663656,681624,2,4,Bot,183.73,120.26,,,,,-6.443579237966002,-138.263011455748,-8.596217722985411,8.394472865885243,29.303202018572645,-10.614587932366362,3.102403215,1.565698819,191,89.1,64,95.2,2364,6.3,849823,686948,621566,645277,663586,643289,657041,671739,660670,54.21,0.011,0.013,0.0,1,0,0,3,38,1,4-Seam Fastball,1,1,1,1,1,1,1,1,Standard,Standard,155,-0.053,-0.285,79.2,7.7,,0.018,0.285,89.1,0,0,0.553,0.553,31,31,32,31,1,1,,,,,0.97,0.55,-0.55,,7.734116328205332,-1.2776722181865434,27.423831282215176,39.21043918437398,25.31295619006885,10,4
FF,2026-10-04,96.6,1.71,6.48,"Lee, Dylan",571970,669276,strikeout,foul_tip,,,,,12,Max Muncy strikes out on a foul tip.,D,L,L,LAD,ATL,S,2,,3,2,2026,0.49,1.55,0.3322056070142845,3.266241352584938,,663656,681624,1,4,Bot,,,,,,,-4.772065018002136,-140.58826121618816,-6.3944145107896295,7.638745986606531,31.5841912474154,-10.311606820705563,3.127854331,1.578543307,,,,96.6,2522,6.3,849823,686948,621566,645277,663586,643289,657041,671739,660670,54.25,,0.0,0.0,1,0,0,,37,6,4-Seam Fastball,1,1,1,1,1,1,1,1,Standard,Strategic,155,-0.064,-0.317,65.1,5.4,,,0.317,,0,0,0.617,0.617,31,35,32,36,1,0,,,,,0.89,0.49,0.49,,10.888556519832898,8.98878180364252,29.294462517251045,32.59354898985783,26.897707649292308,10,4
SL,2026-10-04,87.5,1.92,6.52,"Lee, Dylan",571970,669276,,blocked_ball,,,,,13,,D,L,L,LAD,ATL,B,,,2,2,2026,-0.25,0.22,-0.1072457789185771,0.6468916904332702,,663656,681624,1,4,Bot,,,,,,,-4.317613282107571,-127.32698352351396,-8.273739567710676,-1.896940503077514,24.58263694088147,-28.306879386513323,3.127854331,1.578543307,,,,88.0,2215,6.5,849823,686948,621566,645277,663586,643289,657041,671739,660670,54.02,,,,,,,,37,5,Slider,1,1,1,1,1,1,1,1,Standard,Strategic,150,0.018,0.092,,,,,-0.092,,0,0,0.599,0.599,31,35,32,36,1,0,,,,,2.74,-0.25,-0.25,,,,,,,10,4
SL,2026-10-04,86.8,1.96,6.48,"Lee, Dylan",571970,669276,,ball,,,,,11,,D,L,L,LAD,ATL,B,,,1,2,2026,-0.27,0.25,-0.1856531709362418,3.380200765125432,,663656,681624,1,4,Bot,,,,,,,-4.530753091496072,-126.39859448954051,-1.5871914768731648,-2.0119250679208465,24.23612041501809,-29.422360081992032,3.127854331,1.578543307,,,,87.2,2136,6.4,849823,686948,621566,645277,663586,643289,657041,671739,660670,54.13,,,,,,,,37,4,Slider,1,1,1,1,1,1,1,1,Standard,Strategic,160,0.008,0.058,,,,,-0.058,,0,0,0.591,0.591,31,35,32,36,1,0,,,,,2.76,-0.27,-0.27,,,,,,,10,4
SL,2026-10-04,86.7,1.88,6.51,"Lee, Dylan",571970,669276,,ball,,,,,13,,D,L,L,LAD,ATL,B,,,0,2,2026,-0.17,0.42,-0.9036224608923008,0.9939456173078548,,663656,681624,1,4,Bot,,,,,,,-6.209287909713478,-126.09930444745191,-7.609368164317457,-0.6679391412530897,24.12229271205599,-26.4258930025921,3.127854331,1.578543307,,,,87.0,2128,6.4,849823,686948,621566,645277,663586,643289,657041,671739,660670,54.15,,,,,,,,37,3,Slider,1,1,1,1,1,1,1,1,Standard,Strategic,153,0.006,0.027,,,,,-0.027,,0,0,0.585,0.585,31,35,32,36,1,0,,,,,2.6,-0.17,-0.17,,,,,,,10,4
SL,2026-10-04,84.9,1.96,6.48,"Lee, Dylan",571970,669276,,swinging_strike,,,,,13,,D,L,L,LAD,ATL,S,,,0,1,2026,-0.24,0.33,-0.867769514806511,1.6521659178939054,,663656,681624,1,4,Bot,,,,,,,-6.077367128888737,-123.4989857794811,-5.428270426492875,-1.2772673875743323,23.734275779979036,-27.977980325182724,3.127854331,1.578543307,,,,85.5,2114,6.6,849823,686948,621566,645277,663586,643289,657041,671739,660670,53.89,,,,,,,,37,2,Slider,1,1,1,1,1,1,1,1,Standard,Strategic,145,-0.014,-0.062,74.5,7.7,2.561828772,,0.062,,0,0,0.599,0.599,31,35,32,36,1,0,,,,,2.83,-0.24,-0.24,,32.732828219414,-18.74009697580564,36.94584441515772,46.00299622761833,49.84059819171489,10,4
SL,2026-10-04,85.1,1.91,6.5,"Lee, Dylan",571970,669276,,swinging_strike,,,,,5,,D,L,L,LAD,ATL,S,,,0,0,2026,-0.19,0.51,-0.1654963719300891,2.543646065362432,,663656,681624,1,4,Bot,,,,,,,-4.437543197255775,-123.96500591722304,-3.852719850525721,-1.1508448687275386,23.46704319812484,-26.32997830107271,3.127854331,1.578543307,,,,85.7,2054,6.5,849823,686948,621566,645277,663586,643289,657041,671739,660670,53.99,,,,,,,,37,1,Slider,1,1,1,1,1,1,1,1,Standard,Strategic,147,-0.008,-0.041,75.1,7.9,5.759560572,,0.041,,0,0,0.607,0.607,31,35,32,36,1,0,,,,,2.61,-0.19,-0.19,,31.663960634446077,-44.49433017579224,31.152001645456128,38.225059526893766,58.144499484588806,10,4
FF,2026-10-04,95.3,-2.33,5.73,"Holmes, Grant",681624,656550,walk,ball,,,,,14,Andy Pages walks. Kyle Tucker to 2nd.,D,R,R,LAD,ATL,B,,,3,2,2026,-0.62,1.13,1.0232035574152638,1.234612362846712,,,663656,1,4,Bot,,,,,,,10.06616608020282,-138.36983403937518,-8.515900462402765,-9.999863193926227,27.80928784312531,-15.983213163530774,3.23667979,1.633464567,,,,95.4,2280,6.2,849823,686948,621566,645277,663586,643289,657041,671739,660670,54.28,,0.69822,0.7,1,0,0,,36,6,4-Seam Fastball,1,1,1,1,1,1,1,1,Standard,Standard,215,0.037,0.267,,,,,-0.267,,0,0,0.57,0.57,30,25,30,26,1,1,,,,,1.38,0.62,0.62,,,,,,,10,4
SL,2026-10-04,87.3,-2.4,5.76,"Holmes, Grant",681624,656550,,ball,,,,,13,,D,R,R,LAD,ATL,B,,,2,2,2026,0.09,0.02,-0.020002429131318,1.1786714064206991,,,663656,1,4,Bot,,,,,,,5.446309981587505,-127.08601019971704,-4.694697361064348,-0.0753500385041581,24.81921271061449,-31.17741775245351,3.23667979,1.633464567,,,,87.3,2832,6.1,849823,686948,621566,645277,663586,643289,657041,671739,660670,54.36,,,,,,,,36,5,Slider,1,1,1,1,1,1,1,1,Standard,Standard,51,0.012,0.073,,,,,-0.073,,0,0,0.558,0.558,30,25,30,26,1,1,,,,,2.95,-0.09,-0.09,,,,,,,10,4
SL,2026-10-04,87.4,-2.4,5.72,"Holmes, Grant",681624,656550,,ball,,,,,13,,D,R,R,LAD,ATL,B,,,1,2,2026,0.25,-0.54,-0.533343661527701,1.0683466734760525,,,663656,1,4,Bot,,,,,,,3.899815181175406,-127.31696292486406,-3.709497162769016,1.9861271605829776,25.427730639730523,-37.49971013209522,3.23667979,1.633464567,,,,87.5,2849,6.2,849823,686948,621566,645277,663586,643289,657041,671739,660670,54.26,,,,,,,,36,4,Slider,1,1,1,1,1,1,1,1,Standard,Standard,50,0.006,0.051,,,,,-0.051,,0,0,0.552,0.552,30,25,30,26,1,1,,,,,3.51,-0.25,-0.25,,,,,,,10,4
FF,2026-10-04,95.6,-2.33,5.79,"Holmes, Grant",681624,656550,,called_strike,,,,,9,,D,R,R,LAD,ATL,S,,,1,1,2026,-0.47,1.25,0.5847524579978136,2.062792749242514,,,663656,1,4,Bot,,,,,,,8.60298236116028,-138.88351729273586,-6.8141441386608985,-7.896954775306022,29.09484277074368,-14.63027566729866,3.23667979,1.633464567,,,,95.3,2315,6.1,849823,686948,621566,645277,663586,643289,657041,671739,660670,54.44,,,,,,,,36,3,4-Seam Fastball,1,1,1,1,1,1,1,1,Standard,Standard,215,-0.009,-0.068,,,,,0.068,,0,0,0.561,0.561,30,25,30,26,1,1,,,,,1.24,0.47,0.47,,,,,,,10,4
FF,2026-10-04,96.4,-2.38,5.73,"Holmes, Grant",681624,656550,,called_strike,,,,,9,,D,R,R,LAD,ATL,S,,,1,0,2026,-0.66,1.18,0.7940862408502575,1.586427824783368,,,663656,1,4,Bot,,,,,,,9.792159253662104,-139.9547966097797,-7.898407359693963,-10.80978820863296,29.822960647156545,-14.981309962987984,3.23667979,1.633464567,,,,96.0,2318,6.1,849823,686948,621566,645277,663586,643289,657041,671739,660670,54.41,,,,,,,,36,2,4-Seam Fastball,1,1,1,1,1,1,1,1,Standard,Standard,215,-0.006,-0.044,,,,,0.044,,0,0,0.567,0.567,30,25,30,26,1,1,,,,,1.27,0.66,0.66,,,,,,,10,4
SI,2026-10-04,95.0,-2.41,5.71,"Holmes, Grant",681624,656550,,ball,,,,,13,,D,R,R,LAD,ATL,B,,,0,0,2026,-1.21,0.52,-0.0607184489495526,0.8904936468813622,,,663656,1,4,Bot,,,,,,,8.79077672307521,-137.92858787724376,-7.8298870631775985,-17.425949545231315,31.97095292332598,-23.87567307879979,3.23667979,1.633464567,,,,94.5,2191,6.2,849823,686948,621566,645277,663586,643289,657041,671739,660670,54.31,,,,,,,,36,1,Sinker,1,1,1,1,1,1,1,1,Standard,Standard,213,0.004,0.034,,,,,-0.034,,0,0,0.563,0.563,30,25,30,26,1,1,,,,,2.02,1.21,1.21,,,,,,,10,4
CU,2026-10-04,83.7,-2.4,5.87,"Holmes, Grant",663656,656550,single,hit_into_play,,,,,8,"Kyle Tucker singles on a line drive to right fielder Ronald Acuña Jr., deflected by second baseman Ozzie Albies.",D,L,R,LAD,ATL,X,4,line_drive,1,1,2026,0.45,-1.01,-0.1486424503916005,1.643902710537541,,,,1,4,Bot,170.81,127.68,,,,,4.219433264312432,-121.91246786603492,-1.0804482217218732,3.7204331440350806,23.711912635817335,-42.236437243649966,3.350770997,1.691043307,181,92.6,11,83.7,2855,6.2,849823,686948,621566,645277,663586,643289,657041,671739,660670,54.31,0.729,0.676,0.9,1,1,0,4,35,3,Curveball,1,1,1,1,1,1,1,1,Infield shade,Standard,34,0.031,0.427,70.1,7.9,,0.819,-0.427,92.6,0,0,0.532,0.532,30,29,30,29,1,1,,,,,4.25,-0.45,0.45,,5.947261988156859,-11.838653186509031,39.43058055787958,36.51535247017172,28.924409060209072,10,4
SL,2026-10-04,87.4,-2.53,5.79,"Holmes, Grant",663656,656550,,foul,,,,,8,,D,L,R,LAD,ATL,S,,,1,0,2026,0.21,0.09,0.1406430203001219,1.6764124855453373,,,,1,4,Bot,,,,,,,5.874138685910102,-127.25079817395984,-3.744972556383572,1.1503642207575764,24.878583939253804,-30.639455001218025,3.350770997,1.691043307,54,82.6,2,87.0,2727,5.9,849823,686948,621566,645277,663586,643289,657041,671739,660670,54.61,,,,,,,,35,2,Slider,1,1,1,1,1,1,1,1,Infield shade,Standard,51,-0.004,-0.049,74.0,8.4,,,0.049,88.0,0,0,0.536,0.536,30,29,30,29,1,1,,,,,2.88,-0.21,0.21,,23.744327074698525,-23.33551091161805,39.78098643450862,34.0898230304754,41.01618070707345,10,4
FC,2026-10-04,94.4,-2.29,5.83,"Holmes, Grant",663656,656550,,ball,,,,,14,,D,L,R,LAD,ATL,B,,,0,0,2026,0.06,0.77,1.3244426593367518,1.2068868153280607,,,,1,4,Bot,,,,,,,9.081656789026754,-137.0860558405171,-7.803534263182945,-1.071628094747683,28.23105976137005,-20.898840540674662,3.350770997,1.691043307,,,,94.1,2485,6.1,849823,686948,621566,645277,663586,643289,657041,671739,660670,54.42,,,,,,,,35,1,Cutter,1,1,1,1,1,1,1,1,Infield shade,Standard,207,0.003,0.041,,,,,-0.041,,0,0,0.533,0.533,30,29,30,29,1,1,,,,,1.78,-0.06,0.06,,,,,,,10,4
SI,2026-10-04,95.4,-2.49,5.7,"Holmes, Grant",606192,656550,field_out,hit_into_play,,,,,5,Teoscar Hernández flies out to center fielder Michael Harris II.,D,R,R,LAD,ATL,X,8,fly_ball,0,1,2026,-0.89,0.53,0.1855151267599742,2.120860828657924,,,,0,4,Bot,118.72,63.97,,,,,8.90091019728822,-138.59014405436903,-4.721702178938812,-13.49133710183064,30.83121861463677,-24.48964960282368,3.199819554,1.614862205,335,92.1,40,94.5,2256,5.9,849823,686948,621566,645277,663586,643289,657041,671739,660670,54.63,0.014,0.019,0.0,1,0,0,3,34,2,Sinker,1,1,1,1,1,1,1,1,Standard,Standard,218,-0.023,-0.218,79.0,8.4,,0.033,0.218,92.1,0,0,0.556,0.556,30,33,30,34,1,1,,,,,1.98,0.89,0.89,,3.7896419513552746,-10.5074666261066,38.54100862590221,39.69366065651116,38.53907835482477,10,4
SI,2026-10-04,95.8,-2.42,5.78,"Holmes, Grant",606192,656550,,called_strike,,,,,8,,D,R,R,LAD,ATL,S,,,0,0,2026,-1.49,0.39,-0.1354019357441291,1.655308949924987,,,,0,4,Bot,,,,,,,9.30922256002282,-139.1294095644437,-5.8396867137559125,-21.45377939842987,33.094679798463474,-25.9418267116108,3.199819554,1.614862205,,,,94.8,2419,6.0,849823,686948,621566,645277,663586,643289,657041,671739,660670,54.52,,,,,,,,34,1,Sinker,1,1,1,1,1,1,1,1,Standard,Standard,214,-0.004,-0.041,,,,,0.041,,0,0,0.56,0.56,30,33,30,34,1,1,,,,,2.12,1.49,1.49,,,,,,,10,4
SL,2026-10-04,86.4,-2.55,5.81,"Holmes, Grant",518692,656550,home_run,hit_into_play,,,,,14,Freddie Freeman homers (1) on a fly ball to right field.,D,L,R,LAD,ATL,X,,fly_ball,2,2,2026,0.28,-0.5,0.2688740689321451,1.5314525015136318,,,,0,4,Bot,217.83,77.46,,,,,6.02289836999317,-125.84231376009396,-2.731903586037133,1.7943263864832284,23.92044459973749,-37.18855150588726,3.382365486,1.706988189,375,103.2,29,86.1,2703,5.9,849823,686948,621566,645277,663586,643289,657041,671739,660670,54.58,0.774,1.531,2.0,1,0,3,6,33,5,Slider,0,1,0,1,1,1,1,1,Infield shade,Standard,42,0.137,1.141,73.5,7.8,,2.943,-1.141,103.2,-1,-1,0.423,0.423,30,36,30,37,1,1,,,,,3.53,-0.28,0.28,,21.82126772004688,-12.55672504631745,51.99230544383487,36.13506351061498,35.03033155566803,10,4
FC,2026-10-04,93.7,-2.39,5.81,"Holmes, Grant",518692,656550,,swinging_strike,,,,,14,,D,L,R,LAD,ATL,S,,,2,1,2026,0.12,0.77,0.8782652608818282,1.0208898683652037,,,,0,4,Bot,,,,,,,8.009897222106517,-136.12975256247756,-8.10879376207176,-0.0369166409041624,26.82410851452902,-21.037145087609403,3.382365486,1.706988189,,,,93.5,2346,6.1,849823,686948,621566,645277,663586,643289,657041,671739,660670,54.45,,,,,,,,33,4,Cutter,0,1,0,1,1,0,0,1,Infield shade,Standard,217,-0.01,-0.077,71.7,7.0,2.603493096,,0.077,,-1,-1,0.433,0.433,30,36,30,37,1,1,,,,,1.81,-0.12,0.12,,0.5052606338945845,5.707508069287486,54.56988799098646,28.60701925714925,16.74221849960824,10,4
CU,2026-10-04,84.8,-2.42,5.8,"Holmes, Grant",518692,656550,,ball,,,,,14,,D,L,R,LAD,ATL,B,,,1,1,2026,0.03,-0.83,1.4206676318916842,-1.1255479892475029,,,,0,4,Bot,,,,,,,8.728823256987265,-123.11713656145996,-7.815386777310728,-1.3495910365619286,23.21346302795136,-39.32071558926414,3.382365486,1.706988189,,,,84.3,2771,6.0,849823,686948,621566,645277,663586,643289,657041,671739,660670,54.5,,,,,,,,33,3,Curveball,0,1,0,1,1,0,0,1,Infield shade,Standard,18,0.007,0.063,,,,,-0.063,,-1,-1,0.426,0.426,30,36,30,37,1,1,,,,,4.0,-0.03,0.03,,,,,,,10,4
SL,2026-10-04,86.9,-2.53,5.79,"Holmes, Grant",518692,656550,,foul,,,,,14,,D,L,R,LAD,ATL,S,,,1,0,2026,0.22,-0.07,0.131995955395774,1.57298297137746,,,,0,4,Bot,,,,,,,5.785424888999857,-126.53797545084664,-3.5792481783493217,1.316212475849086,23.835913912757288,-32.44624546151324,3.382365486,1.706988189,4,76.6,-24,86.7,2720,5.9,849823,686948,621566,645277,663586,643289,657041,671739,660670,54.56,,,,,,,,33,2,Slider,0,1,0,1,1,0,0,1,Infield shade,Standard,58,-0.007,-0.055,68.2,7.8,,,0.055,88.0,-1,-1,0.433,0.433,30,36,30,37,1,1,,,,,3.07,-0.22,0.22,,26.1596668551883,-14.593169627289242,46.21448013466056,39.38824613477323,40.28290889671433,10,4
SL,2026-10-04,86.6,-2.51,5.72,"Holmes, Grant",518692,656550,,ball,,,,,14,,D,L,R,LAD,ATL,B,,,0,0,2026,-0.04,0.01,0.7511539184575184,0.6819833429390352,,,,0,4,Bot,,,,,,,7.702459648848923,-125.95437983840866,-5.584507934941136,-1.923163685721704,24.63846302391631,-31.112304891423392,3.382365486,1.706988189,,,,86.1,2729,5.9,849823,686948,621566,645277,663586,643289,657041,671739,660670,54.59,,,,,,,,33,1,Slider,0,1,0,1,1,0,0,1,Infield shade,Standard,23,0.005,0.042,,,,,-0.042,,-1,-1,0.428,0.428,30,36,30,37,1,1,,,,,3.02,0.04,-0.04,,,,,,,10,4
SI,2026-10-04,94.4,-1.76,5.09,"Stewart, Brock",660670,592779,field_out,hit_into_play,,,,,7,"Ronald Acuña Jr. grounds out, third baseman Miguel Rojas to first baseman Freddie Freeman.",D,R,R,LAD,ATL,X,5,ground_ball,0,1,2026,-1.16,0.15,-0.4685411498900271,2.05279802948318,,669221,686948,2,4,Top,110.76,172.46,,,,,5.979468397255047,-137.4132818230904,-2.400631746486436,-16.019451198762447,28.465007498652028,-29.95471972311995,3.200697179,1.615305118,4,95.0,-27,95.3,1947,6.6,849823,669257,518692,669242,500743,605141,606192,681624,663656,53.87,0.115,0.104,0.0,1,0,0,2,32,2,Sinker,0,1,1,0,1,0,1,0,Standard,Standard,239,0.038,-0.249,73.3,7.3,,0.13,0.249,95.0,-1,1,0.39,0.61,34,28,35,29,1,2,,,,,2.39,1.16,1.16,,-5.541947766198226,6.7772707847930045,42.059223552174046,31.028264158239995,20.499053908412584,10,4
ST,2026-10-04,83.8,-1.81,5.13,"Stewart, Brock",660670,592779,,called_strike,,,,,6,,D,R,R,LAD,ATL,S,,,0,0,2026,1.14,0.05,0.5392205231249124,2.287466518987124,,669221,686948,2,4,Top,,,,,,,3.074068911662565,-122.1101343696812,-0.0676946375161751,10.733912932070671,24.40357851410728,-31.84771481598413,3.200697179,1.615305118,,,,84.1,2367,6.4,849823,669257,518692,669242,500743,605141,606192,681624,663656,54.09,,,,,,,,32,1,Sweeper,0,1,1,0,1,0,1,0,Standard,Standard,68,0.007,-0.035,,,,,0.035,,-1,1,0.383,0.617,34,28,35,29,1,2,,,,,3.19,-1.14,-1.14,,,,,,,10,4
FF,2026-10-04,97.7,1.89,6.56,"Snell, Blake",686948,605483,walk,ball,,,,,11,Drake Baldwin walks. Sean Murphy to 2nd.,D,L,L,LAD,ATL,B,,,3,2,2026,0.45,1.41,-0.0397389626211354,3.8910196001477937,,,669221,2,4,Top,,,,,,,-6.252913483912094,-142.25887752020896,-4.906504627730214,7.545422615667429,30.511632446487532,-12.067471303805007,3.205962927,1.617962598,,,,99.1,2453,6.9,849823,669257,518692,669242,500743,605141,606192,681624,663656,53.63,,0.69822,0.7,1,0,0,,31,7,4-Seam Fastball,0,1,1,0,1,0,1,0,Strategic,Standard,156,-0.018,0.214,,,,,-0.214,,-1,1,0.401,0.599,33,25,34,25,3,2,,,,,0.96,0.45,0.45,,,,,,,10,4
FF,2026-10-04,97.7,1.73,6.64,"Snell, Blake",686948,605483,,foul,,,,,4,,D,L,L,LAD,ATL,S,,,3,2,2026,0.45,1.5,-0.5951762704826278,2.567237507246104,,,669221,2,4,Top,,,,,,,-7.310587797216768,-141.94916553106287,-8.838333368405689,7.769535337096096,31.865444157414363,-9.99576812314506,3.205962927,1.617962598,137,95.7,5,98.7,2462,6.9,849823,669257,518692,669242,500743,605141,606192,681624,663656,53.63,,,,,,,,31,6,4-Seam Fastball,0,1,1,0,1,0,1,0,Strategic,Standard,160,0.0,0.0,71.8,6.3,,,0.0,95.7,-1,1,0.401,0.599,33,25,34,25,3,2,,,,,0.89,0.45,0.45,,-17.320038117443595,27.753077619714404,38.26749560100592,43.63517326808219,9.08713352394544,10,4
FF,2026-10-04,97.5,1.73,6.63,"Snell, Blake",686948,605483,,called_strike,,,,,7,,D,L,L,LAD,ATL,S,,,3,1,2026,0.35,1.43,-0.6850151510441453,1.7120516916591582,,,669221,2,4,Top,,,,,,,-7.2763439949327555,-141.47850677145416,-10.88371100569996,6.269830831351363,30.951809031051955,-10.609922783505484,3.205962927,1.617962598,,,,98.5,2394,6.9,849823,669257,518692,669242,500743,605141,606192,681624,663656,53.61,,,,,,,,31,5,4-Seam Fastball,0,1,1,0,1,0,1,0,Infield shade,Standard,158,0.005,-0.088,,,,,0.088,,-1,1,0.396,0.604,33,25,34,25,3,2,,,,,0.97,0.35,0.35,,,,,,,10,4
CU,2026-10-04,82.1,1.69,6.61,"Snell, Blake",686948,605483,,blocked_ball,,,,,13,,D,L,L,LAD,ATL,B,,,2,1,2026,-0.91,-0.84,-0.74310103905878,0.4904155833955541,,,669221,2,4,Top,,,,,,,-3.668495812403174,-119.5096178226648,-5.35556964721664,-7.952432627792456,24.39467186296946,-39.31009620264891,3.205962927,1.617962598,,,,82.8,2392,6.9,849823,669257,518692,669242,500743,605141,606192,681624,663656,53.65,,,,,,,,31,4,Curveball,0,1,1,0,1,0,1,0,Infield shade,Standard,330,-0.006,0.1,,,,,-0.1,,-1,1,0.402,0.598,33,25,34,25,3,2,,,,,4.24,-0.91,-0.91,,,,,,,10,4
CH,2026-10-04,87.6,2.0,6.4,"Snell, Blake",686948,605483,,ball,,,,,14,,D,L,L,LAD,ATL,B,,,1,1,2026,0.92,0.56,1.184650190463004,1.4438283920202304,,,669221,2,4,Top,,,,,,,-3.9126403602594415,-127.43705228640624,-6.819652165820894,10.822568526677207,25.783075220046303,-24.85486817829101,3.205962927,1.617962598,,,,88.4,1798,6.7,849823,669257,518692,669242,500743,605141,606192,681624,663656,53.76,,,,,,,,31,3,Changeup,0,1,1,0,1,0,1,0,Infield shade,Standard,133,-0.003,0.055,,,,,-0.055,,-1,1,0.405,0.595,33,25,34,25,3,2,,,,,2.41,0.92,0.92,,,,,,,10,4
FF,2026-10-04,97.1,1.73,6.64,"Snell, Blake",686948,605483,,called_strike,,,,,1,,D,L,L,LAD,ATL,S,,,1,0,2026,0.32,1.51,-0.8270231740304057,3.0684962625070376,,,669221,2,4,Top,,,,,,,-7.547046330926763,-141.1248643638787,-7.372367920615518,5.925768251724696,31.24444810449195,-10.537293045954582,3.205962927,1.617962598,,,,97.8,2498,6.7,849823,669257,518692,669242,500743,605141,606192,681624,663656,53.83,,,,,,,,31,2,4-Seam Fastball,0,1,1,0,1,0,1,0,Infield shade,Standard,155,0.003,-0.051,,,,,0.051,,-1,1,0.402,0.598,33,25,34,25,3,2,,,,,0.91,0.32,0.32,,,,,,,10,4
SL,2026-10-04,90.3,1.8,6.62,"Snell, Blake",686948,605483,,ball,,,,,13,,D,L,L,LAD,ATL,B,,,0,0,2026,-0.28,0.5,-1.0603854663932777,0.7221569638563268,,,669221,2,4,Top,,,,,,,-6.44883086970803,-131.21532821946823,-9.597989229536614,-2.0134148638719904,26.1566775193988,-24.611238901093422,3.205962927,1.617962598,,,,91.2,2237,6.8,849823,669257,518692,669242,500743,605141,606192,681624,663656,53.71,,,,,,,,31,1,Slider,0,1,1,0,1,0,1,0,Infield shade,Standard,170,-0.002,0.037,,,,,-0.037,,-1,1,0.404,0.596,33,25,34,25,3,2,,,,,2.29,-0.28,-0.28,,,,,,,10,4
CH,2026-10-04,84.2,2.05,6.4,"Snell, Blake",657041,605483,strikeout,swinging_strike,,,,,8,Lane Thomas strikes out swinging.,D,R,L,LAD,ATL,S,2,,3,2,2026,1.23,0.37,0.0190014717252575,1.6374646756620623,,,669221,1,4,Top,,,,,,,-7.203192773081248,-122.44275912212008,-5.223238249763936,13.753035415299358,23.366590505760648,-27.59807851220044,3.146284449,1.587844488,,,,85.1,1759,6.8,849823,669257,518692,669242,500743,605141,606192,681624,663656,53.68,,0.0,0.0,1,0,0,,30,7,Changeup,0,1,1,0,1,0,1,0,Standard,Standard,130,0.035,-0.302,72.0,8.3,4.196326416,,0.302,,-1,1,0.369,0.631,33,30,34,31,2,1,,,,,2.84,1.23,-1.23,,20.05469166079457,-44.6340771941918,26.474112699961733,37.081220085850426,49.09005622060161,10,4
SL,2026-10-04,90.5,1.86,6.59,"Snell, Blake",657041,605483,,ball,,,,,13,,D,R,L,LAD,ATL,B,,,2,2,2026,-0.38,0.35,-1.373021817201297,0.9675402694518436,,,669221,1,4,Top,,,,,,,-7.196585808283034,-131.5417350203188,-8.665449209053598,-3.0448956990894547,25.06479742010313,-26.614164259607264,3.146284449,1.587844488,,,,91.5,2254,6.7,849823,669257,518692,669242,500743,605141,606192,681624,663656,53.79,,,,,,,,30,6,Slider,0,1,1,0,1,0,1,0,Standard,Standard,164,-0.01,0.073,,,,,-0.073,,-1,1,0.379,0.621,33,30,34,31,2,1,,,,,2.42,-0.38,0.38,,,,,,,10,4
CU,2026-10-04,80.6,1.7,6.58,"Snell, Blake",657041,605483,,ball,,,,,14,,D,R,L,LAD,ATL,B,,,1,2,2026,-0.83,-0.88,0.29695457694047,0.798378766432216,,,669221,1,4,Top,,,,,,,-1.4829212612657143,-117.35040447262529,-4.18780195594321,-7.321618247711479,23.861888051016805,-39.594177544100006,3.146284449,1.587844488,,,,80.9,2373,6.6,849823,669257,518692,669242,500743,605141,606192,681624,663656,53.85,,,,,,,,30,5,Curveball,0,1,1,0,1,0,1,0,Standard,Standard,330,-0.005,0.051,,,,,-0.051,,-1,1,0.384,0.616,33,30,34,31,2,1,,,,,4.4,-0.83,0.83,,,,,,,10,4
CU,2026-10-04,81.3,1.71,6.59,"Snell, Blake",657041,605483,,blocked_ball,,,,,13,,D,R,L,LAD,ATL,B,,,0,2,2026,-1.04,-0.74,-0.7114142313026043,-0.1522658802701721,,,669221,1,4,Top,,,,,,,-3.333616788556,-118.20844547075347,-6.723131364979066,-9.043816583782146,24.079864582144346,-37.920398916562064,3.146284449,1.587844488,,,,81.6,2266,6.7,849823,669257,518692,669242,500743,605141,606192,681624,663656,53.79,,,,,,,,30,4,Curveball,0,1,1,0,1,0,1,0,Standard,Standard,325,-0.003,0.019,,,,,-0.019,,-1,1,0.387,0.613,33,30,34,31,2,1,,,,,4.21,-1.04,1.04,,,,,,,10,4
FF,2026-10-04,96.2,1.7,6.65,"Snell, Blake",657041,605483,,foul,,,,,11,,D,R,L,LAD,ATL,S,,,0,2,2026,0.29,1.63,-0.0395446372547562,3.4939903782759822,,,669221,1,4,Top,,,,,,,-5.258399664355691,-139.94435687962533,-6.401595765904865,4.997007563619266,30.20164182530832,-9.4248907231241,3.146284449,1.587844488,,,,97.1,2446,6.7,849823,669257,518692,669242,500743,605141,606192,681624,663656,53.81,,,,,,,,30,3,4-Seam Fastball,0,1,1,0,1,0,1,0,Standard,Standard,153,0.0,0.0,68.9,6.0,,,0.0,,-1,1,0.387,0.613,33,30,34,31,2,1,,,,,0.82,0.29,-0.29,,4.8115218513095375,13.241745850996324,21.31412511188186,36.23019871634232,17.312491002363586,10,4
CU,2026-10-04,80.9,1.68,6.58,"Snell, Blake",657041,605483,,foul,,,,,5,,D,R,L,LAD,ATL,S,,,0,1,2026,-1.16,-0.73,-0.1636812981786568,2.174615874012951,,,669221,1,4,Top,,,,,,,-1.8217798930694111,-117.74564718093237,-1.4613499267902312,-10.352930919771032,24.17322013025945,-38.87189816808442,3.146284449,1.587844488,12,81.5,-11,81.2,2387,6.6,849823,669257,518692,669242,500743,605141,606192,681624,663656,53.85,,,,,,,,30,2,Curveball,0,1,1,0,1,0,1,0,Standard,Standard,320,0.008,-0.059,72.7,7.6,,,0.059,88.0,-1,1,0.379,0.621,33,30,34,31,2,1,,,,,4.24,-1.16,1.16,,19.150680428394125,-24.933267385810776,27.24197481024871,36.206293113280765,42.89549584211204,10,4
FF,2026-10-04,96.4,1.78,6.56,"Snell, Blake",657041,605483,,foul,,,,,1,,D,R,L,LAD,ATL,S,,,0,0,2026,0.4,1.42,-0.470825011823041,2.824630345705544,,,669221,1,4,Top,,,,,,,-6.866320908657362,-140.08708758350494,-7.445976813743073,6.857225481623636,33.17975410159896,-11.895809961253448,3.146284449,1.587844488,220,70.8,32,96.9,2429,6.7,849823,669257,518692,669242,500743,605141,606192,681624,663656,53.75,,,,,,,,30,1,4-Seam Fastball,0,1,1,0,1,0,1,0,Standard,Standard,158,0.004,-0.037,,,,,0.037,88.0,-1,1,0.375,0.625,33,30,34,31,2,1,,,,,1.04,0.4,-0.4,,,,,,,10,4
CU,2026-10-04,80.1,1.68,6.61,"Snell, Blake",663586,605483,field_out,hit_into_play,,,,,4,Austin Riley flies out sharply to left fielder Teoscar Hernández.,D,R,L,LAD,ATL,X,7,fly_ball,3,2,2026,-0.9,-0.78,-0.7137936671209496,2.357615229529235,,,669221,0,4,Top,33.87,111.26,,,,,-3.503456701583959,-116.67924017215294,-0.9076362542995025,-7.53062435461527,23.153812030458436,-39.326848102750986,3.273540026,1.652066929,311,104.8,47,80.4,2382,6.5,849823,669257,518692,669242,500743,605141,606192,681624,663656,53.96,0.066,0.12,0.0,1,0,0,3,29,7,Curveball,0,1,1,0,1,0,1,0,Standard,Standard,325,0.042,-0.311,77.2,7.8,,0.23,0.311,104.8,-1,1,0.333,0.667,33,29,34,29,2,1,,,,,4.34,-0.9,0.9,,22.02083226714666,-18.478447044006057,33.754214669029615,29.532142928416903,44.85709658157551,10,4
FF,2026-10-04,97.2,1.7,6.52,"Snell, Blake",663586,605483,,ball,,,,,13,,D,R,L,LAD,ATL,B,,,2,2,2026,0.41,1.57,-1.284174603638597,1.3334686117753756,,,669221,0,4,Top,,,,,,,-8.90769342209302,-140.7901472213239,-11.756575962104373,7.557192061683407,33.717343808818484,-8.605290661836309,3.273540026,1.652066929,,,,97.5,2538,6.8,849823,669257,518692,669242,500743,605141,606192,681624,663656,53.66,,,,,,,,29,6,4-Seam Fastball,0,1,1,0,1,0,1,0,Standard,Standard,158,-0.013,0.092,,,,,-0.092,,-1,1,0.346,0.654,33,29,34,29,2,1,,,,,0.87,0.41,-0.41,,,,,,,10,4
SL,2026-10-04,90.1,1.87,6.6,"Snell, Blake",663586,605483,,ball,,,,,13,,D,R,L,LAD,ATL,B,,,1,2,2026,-0.38,0.64,-2.300108975647566,1.339833429289368,,,669221,0,4,Top,,,,,,,-9.459115573203652,-130.71670131920806,-8.246049124508318,-2.4206360375011897,27.544034246571528,-23.26420048641836,3.273540026,1.652066929,,,,90.8,2289,6.9,849823,669257,518692,669242,500743,605141,606192,681624,663656,53.64,,,,,,,,29,5,Slider,0,1,1,0,1,0,1,0,Standard,Standard,170,-0.005,0.043,,,,,-0.043,,-1,1,0.351,0.649,33,29,34,29,2,1,,,,,2.19,-0.38,0.38,,,,,,,10,4
FF,2026-10-04,98.0,1.67,6.58,"Snell, Blake",663586,605483,,ball,,,,,13,,D,R,L,LAD,ATL,B,,,0,2,2026,0.29,1.48,-1.250935982851903,2.2618671086529614,,,669221,0,4,Top,,,,,,,-8.526856187361576,-142.21111684253938,-9.418091051094512,5.984733257477188,34.751047131138975,-9.974495071045986,3.273540026,1.652066929,,,,98.3,2534,6.8,849823,669257,518692,669242,500743,605141,606192,681624,663656,53.73,,,,,,,,29,4,4-Seam Fastball,0,1,1,0,1,0,1,0,Standard,Standard,157,-0.004,0.022,,,,,-0.022,,-1,1,0.355,0.645,33,29,34,29,2,1,,,,,0.92,0.29,-0.29,,,,,,,10,4
CH,2026-10-04,84.9,2.22,6.38,"Snell, Blake",663586,605483,,foul,,,,,14,,D,R,L,LAD,ATL,S,,,0,2,2026,1.13,0.33,1.322990717960313,1.4964904941556432,,,669221,0,4,Top,,,,,,,-4.41054919752924,-123.46539435832784,-5.494778444275803,12.462645761838733,26.202063194048517,-27.90241177532241,3.273540026,1.652066929,4,68.0,-18,85.4,1672,6.8,849823,669257,518692,669242,500743,605141,606192,681624,663656,53.7,,,,,,,,29,3,Changeup,0,1,1,0,1,0,1,0,Standard,Standard,122,0.0,0.0,69.9,7.5,,,0.0,88.0,-1,1,0.355,0.645,33,29,34,29,2,1,,,,,2.86,1.13,-1.13,,2.406446634606227,16.090731124926997,33.150439619669534,52.013787777721234,23.825059141853487,10,4
FF,2026-10-04,97.3,1.77,6.57,"Snell, Blake",663586,605483,,called_strike,,,,,4,,D,R,L,LAD,ATL,S,,,0,1,2026,0.54,1.59,-0.7572860460377406,2.71376448892812,,,669221,0,4,Top,,,,,,,-7.961885025678494,-141.17310643174946,-8.265860793021789,9.131860401632306,34.65605087761343,-9.141854978564542,3.273540026,1.652066929,,,,97.2,2427,6.6,849823,669257,518692,669242,500743,605141,606192,681624,663656,53.92,,,,,,,,29,2,4-Seam Fastball,0,1,1,0,1,0,1,0,Standard,Standard,154,0.009,-0.05,,,,,0.05,,-1,1,0.346,0.654,33,29,34,29,2,1,,,,,0.85,0.54,-0.54,,,,,,,10,4
CU,2026-10-04,79.1,1.7,6.68,"Snell, Blake",663586,605483,,called_strike,,,,,1,,D,R,L,LAD,ATL,S,,,0,0,2026,-0.91,-0.7,-0.4180475567750755,2.866475892576758,,,669221,0,4,Top,,,,,,,-2.831552813211388,-115.23865880304209,0.0377392398004969,-7.584544205812539,22.16337206596151,-38.61700626739221,3.273540026,1.652066929,,,,79.4,2379,6.5,849823,669257,518692,669242,500743,605141,606192,681624,663656,53.98,,,,,,,,29,1,Curveball,0,1,1,0,1,0,1,0,Standard,Standard,329,0.005,-0.041,,,,,0.041,,-1,1,0.341,0.659,33,29,34,29,2,1,,,,,4.34,-0.91,0.91,,,,,,,10,4
CH,2026-10-04,84.9,2.07,6.46,"Snell, Blake",669221,605483,walk,blocked_ball,,,,,13,Sean Murphy walks.,D,R,L,LAD,ATL,B,,,3,1,2026,1.08,0.5,-0.3779268933765991,-0.1370292227557121,,,,0,4,Top,,,,,,,-7.891395081908886,-123.13150301927548,-9.83665620817932,12.518700964714862,24.625596350551024,-25.21940173475795,3.326197507,1.678641732,,,,85.4,1754,6.8,849823,669257,518692,669242,500743,605141,606192,681624,663656,53.71,,0.69822,0.7,1,0,0,,28,5,Changeup,0,1,1,0,1,0,1,0,Standard,Standard,125,-0.022,0.258,,,,,-0.258,,-1,1,0.363,0.637,33,31,34,32,2,1,,,,,2.68,1.08,-1.08,,,,,,,10,4
FF,2026-10-04,95.3,1.76,6.67,"Snell, Blake",669221,605483,,called_strike,,,,,1,,D,R,L,LAD,ATL,S,,,3,0,2026,0.49,1.57,-0.4804315383504811,3.041234094459356,,,,0,4,Top,,,,,,,-6.98177361437528,-138.50286225060154,-7.312200209993268,7.789166324650589,30.30304345444188,-10.523742516158793,3.326197507,1.678641732,,,,96.1,2530,6.8,849823,669257,518692,669242,500743,605141,606192,681624,663656,53.73,,,,,,,,28,4,4-Seam Fastball,0,1,1,0,1,0,1,0,Standard,Standard,157,0.008,-0.084,,,,,0.084,,-1,1,0.355,0.645,33,31,34,32,2,1,,,,,0.94,0.49,-0.49,,,,,,,10,4
CU,2026-10-04,80.6,1.81,6.67,"Snell, Blake",669221,605483,,ball,,,,,13,,D,R,L,LAD,ATL,B,,,2,0,2026,-0.88,-1.03,-0.3884990134062011,1.0404542260819531,,,,0,4,Top,,,,,,,-3.1455596827948504,-117.32741529631262,-3.519522454306537,-7.417710546959472,24.07290991240748,-41.16427361265257,3.326197507,1.678641732,,,,80.8,2125,6.6,849823,669257,518692,669242,500743,605141,606192,681624,663656,53.9,,,,,,,,28,3,Curveball,0,1,1,0,1,0,1,0,Standard,Standard,329,-0.011,0.148,,,,,-0.148,,-1,1,0.366,0.634,33,31,34,32,2,1,,,,,4.56,-0.88,0.88,,,,,,,10,4
CU,2026-10-04,78.7,1.76,6.63,"Snell, Blake",669221,605483,,ball,,,,,13,,D,R,L,LAD,ATL,B,,,1,0,2026,-1.26,-0.78,-0.8755457863388512,1.1772235644585054,,,,0,4,Top,,,,,,,-3.2811731210703208,-114.56599818967456,-3.208921157135736,-10.319570560102042,23.41197746639125,-38.57533624730366,3.326197507,1.678641732,,,,78.9,2094,6.7,849823,669257,518692,669242,500743,605141,606192,681624,663656,53.85,,,,,,,,28,2,Curveball,0,1,1,0,1,0,1,0,Standard,Standard,327,-0.007,0.081,,,,,-0.081,,-1,1,0.373,0.627,33,31,34,32,2,1,,,,,4.49,-1.26,1.26,,,,,,,10,4
FF,2026-10-04,96.2,1.84,6.58,"Snell, Blake",669221,605483,,ball,,,,,13,,D,R,L,LAD,ATL,B,,,0,0,2026,0.51,1.46,-1.153817639946182,2.380404009465652,,,,0,4,Top,,,,,,,-9.068836708080331,-139.54895883160236,-8.706307563803158,8.752052920976425,31.56615874367205,-11.252902490800617,3.326197507,1.678641732,,,,96.8,2474,6.8,849823,669257,518692,669242,500743,605141,606192,681624,663656,53.7,,,,,,,,28,1,4-Seam Fastball,0,1,1,0,1,0,1,0,Standard,Standard,155,-0.004,0.042,,,,,-0.042,,-1,1,0.377,0.623,33,31,34,32,2,1,,,,,1.02,0.51,-0.51,,,,,,,10,4
SL,2026-10-04,87.7,-2.4,5.8,"Holmes, Grant",669257,656550,field_out,hit_into_play,,,,,8,"Will Smith grounds out, third baseman Austin Riley to first baseman Matt Olson.",D,R,R,LAD,ATL,X,5,ground_ball,0,0,2026,0.06,-0.37,-0.0251761941608008,1.993383083070528,,500743,605141,2,3,Bot,107.72,169.92,,,,,5.529429175744432,-127.66322352859642,-2.057926151340225,-0.5167919425066209,26.694789092027023,-36.00287903015057,3.137508202,1.583415354,22,91.8,-4,87.3,2835,6.0,849823,686948,621566,645277,663586,643289,657041,671739,660670,54.45,0.216,0.195,0.0,1,0,0,2,27,1,Slider,0,1,0,1,1,0,0,1,Standard,Standard,35,-0.053,-0.284,72.7,7.7,,0.229,0.284,91.8,-1,-1,0.43,0.43,30,31,30,31,1,1,,,,,3.34,-0.06,-0.06,,15.576332425609449,-7.211708564965516,36.48871598366883,35.44024640050685,37.88223815854924,10,4
FC,2026-10-04,90.1,1.81,5.21,"Kerr, Ray",660271,678061,field_out,hit_into_play,,,,,11,Shohei Ohtani pops out to shortstop Mauricio Dubón on the infield fly rule.,D,L,L,LAD,ATL,X,6,popup,3,2,2026,-0.1,0.59,-0.4149528068084938,3.662455145022313,,500743,605141,1,3,Bot,112.28,133.95,,,,,-5.221349727069497,-131.22298811293237,0.9518743179092006,-0.1002272973581365,26.337529589195054,-25.68476253943073,3.369201116,1.700344488,175,96.1,61,90.2,1962,6.2,849823,686948,621566,645277,663586,643289,657041,671739,660670,54.32,0.02,0.021,0.0,1,0,0,3,26,7,Cutter,0,1,0,1,1,0,0,1,Standard,Standard,144,-0.067,-0.315,75.3,7.6,,0.027,0.315,96.1,-1,-1,0.497,0.497,31,31,32,32,2,1,,,,,2.2,-0.1,-0.1,,14.660220452678136,-3.424781926163442,26.18681156993952,45.28575806677685,24.99382712258056,10,4
FF,2026-10-04,95.8,1.74,5.16,"Kerr, Ray",660271,678061,,ball,,,,,11,,D,L,L,LAD,ATL,B,,,2,2,2026,0.6,1.15,-1.6766316491081197,2.6310857841150987,,500743,605141,1,3,Bot,,,,,,,-10.256566545030536,-139.08352048517472,-3.4905135756920678,10.110156951896665,32.01266978607916,-16.662602574599525,3.369201116,1.700344488,,,,95.4,2231,6.3,849823,686948,621566,645277,663586,643289,657041,671739,660670,54.23,,,,,,,,26,6,4-Seam Fastball,0,1,0,1,1,0,0,1,Standard,Standard,134,0.019,0.092,,,,,-0.092,,-1,-1,0.478,0.478,31,31,32,32,2,1,,,,,1.35,0.6,0.6,,,,,,,10,4
FC,2026-10-04,91.6,1.67,5.19,"Kerr, Ray",660271,678061,,ball,,,,,13,,D,L,L,LAD,ATL,B,,,1,2,2026,0.0,0.69,-2.2290919270674987,1.0547685429662097,,500743,605141,1,3,Bot,,,,,,,-9.676874681349435,-133.0417480465942,-5.838155696877061,1.9950258155451344,27.438696376419045,-22.940614326089072,3.369201116,1.700344488,,,,91.4,1998,6.2,849823,686948,621566,645277,663586,643289,657041,671739,660670,54.34,,,,,,,,26,5,Cutter,0,1,0,1,1,0,0,1,Standard,Standard,136,0.009,0.058,,,,,-0.058,,-1,-1,0.469,0.469,31,31,32,32,2,1,,,,,2.03,0.0,0.0,,,,,,,10,4
FC,2026-10-04,92.0,1.99,5.18,"Kerr, Ray",660271,678061,,foul,,,,,13,,D,L,L,LAD,ATL,S,,,1,2,2026,0.0,0.91,-1.2609780495934604,1.2896265773879108,,500743,605141,1,3,Bot,,,,,,,-8.10974484552648,-133.66038018812776,-5.806042894967681,1.7224311542666424,27.65943028784219,-20.13294768528287,3.369201116,1.700344488,1,63.2,-47,91.7,2106,6.1,849823,686948,621566,645277,663586,643289,657041,671739,660670,54.38,,,,,,,,26,4,Cutter,0,1,0,1,1,0,0,1,Standard,Standard,141,0.0,0.0,61.7,8.7,,,0.0,88.0,-1,-1,0.469,0.469,31,31,32,32,2,1,,,,,1.78,0.0,0.0,,14.691384751246977,-5.210576998884833,37.87031053823503,55.25381062375861,29.706316135935268,10,4
FC,2026-10-04,91.4,1.79,5.2,"Kerr, Ray",660271,678061,,swinging_strike,,,,,13,,D,L,L,LAD,ATL,S,,,1,1,2026,0.19,0.81,-1.1474962723072453,1.3081404579782072,,500743,605141,1,3,Bot,,,,,,,-7.711881850077106,-132.86190704249205,-5.494895887864858,3.8104393461374304,26.640325220700184,-21.622145336385355,3.369201116,1.700344488,,,,91.5,2033,6.3,849823,686948,621566,645277,663586,643289,657041,671739,660670,54.21,,,,,,,,26,3,Cutter,0,1,0,1,1,0,0,1,Standard,Strategic,143,-0.014,-0.064,72.9,8.5,5.087556828,,0.064,,-1,-1,0.483,0.483,31,31,32,32,2,1,,,,,1.91,0.19,0.19,,15.050073786430293,-8.681625061253783,36.49784326576662,53.157111798722354,31.84906281065667,10,4
SI,2026-10-04,94.1,1.78,5.11,"Kerr, Ray",660271,678061,,foul,,,,,8,,D,L,L,LAD,ATL,S,,,1,0,2026,1.31,0.72,-0.1690489067547083,2.186482890825765,,500743,605141,1,3,Bot,,,,,,,-7.943912632938597,-136.76668394077012,-3.2885406497937675,18.135010787707813,29.58736788346024,-22.650703782794512,3.369201116,1.700344488,2,74.7,-44,94.4,2148,6.5,849823,686948,621566,645277,663586,643289,657041,671739,660670,54.03,,,,,,,,26,2,Sinker,0,1,0,1,1,0,0,1,Standard,Strategic,139,-0.01,-0.054,77.6,8.3,,,0.054,88.0,-1,-1,0.493,0.493,31,31,32,32,2,1,,,,,1.86,1.31,1.31,,21.904445470310105,-5.10169737315993,36.11449747409686,41.67682500688474,30.413863006049848,10,4
FC,2026-10-04,91.8,1.71,5.2,"Kerr, Ray",660271,678061,,ball,,,,,13,,D,L,L,LAD,ATL,B,,,0,0,2026,0.15,0.8,-2.63648069293422,1.8807443454971573,,500743,605141,1,3,Bot,,,,,,,-11.19602677067454,-133.36949588002037,-4.166221761588626,3.8442170676470018,24.3874078673273,-21.89052358125139,3.369201116,1.700344488,,,,92.5,2045,6.4,849823,686948,621566,645277,663586,643289,657041,671739,660670,54.07,,,,,,,,26,1,Cutter,0,1,0,1,1,0,0,1,Standard,Strategic,139,0.007,0.042,,,,,-0.042,,-1,-1,0.486,0.486,31,31,32,32,2,1,,,,,1.88,0.15,0.15,,,,,,,10,4
CU,2026-10-04,82.2,1.68,5.2,"Kerr, Ray",605141,678061,walk,ball,,,,,13,Mookie Betts walks.,D,R,L,LAD,ATL,B,,,3,0,2026,-0.05,-0.29,-1.8879980004786652,0.9217448988762068,,500743,,1,3,Bot,,,,,,,-7.889315832107258,-119.5518552836477,-2.370502062135252,0.9510614327742216,22.12008578204509,-34.69045889162798,3.096259843,1.562598425,,,,82.6,1974,6.5,849823,686948,621566,645277,663586,643289,657041,671739,660670,54.0,,0.69822,0.7,1,0,0,,25,4,Curveball,0,1,0,1,1,0,0,1,Standard,Standard,338,0.01,0.081,,,,,-0.081,,-1,-1,0.476,0.476,31,33,32,34,2,1,,,,,3.65,-0.05,0.05,,,,,,,10,4
FC,2026-10-04,90.6,1.78,5.28,"Kerr, Ray",605141,678061,,ball,,,,,13,,D,R,L,LAD,ATL,B,,,2,0,2026,0.24,0.68,-1.2732622865131589,1.2912349444404718,,500743,,1,3,Bot,,,,,,,-8.05377030714925,-131.76336356719122,-5.325586765230305,4.3895682324540095,25.61722516851804,-23.35894727085919,3.096259843,1.562598425,,,,90.9,2111,6.3,849823,686948,621566,645277,663586,643289,657041,671739,660670,54.18,,,,,,,,25,3,Cutter,0,1,0,1,1,0,0,1,Standard,Standard,136,0.008,0.081,,,,,-0.081,,-1,-1,0.468,0.468,31,33,32,34,2,1,,,,,2.08,0.24,-0.24,,,,,,,10,4
CU,2026-10-04,81.9,1.81,5.26,"Kerr, Ray",605141,678061,,blocked_ball,,,,,13,,D,R,L,LAD,ATL,B,,,1,0,2026,0.01,-0.27,-1.3193983001631604,0.699442419343077,,500743,,1,3,Bot,,,,,,,-6.931773859509958,-119.03356295616196,-2.895910564758688,1.472943345192448,24.1462007445366,-34.32653404853517,3.096259843,1.562598425,,,,81.2,1799,6.0,849823,686948,621566,645277,663586,643289,657041,671739,660670,54.47,,,,,,,,25,2,Curveball,0,1,0,1,1,0,0,1,Standard,Standard,332,0.005,0.023,,,,,-0.023,,-1,-1,0.463,0.463,31,33,32,34,2,1,,,,,3.69,0.01,-0.01,,,,,,,10,4
CU,2026-10-04,79.6,1.72,5.31,"Kerr, Ray",605141,678061,,ball,,,,,12,,D,R,L,LAD,ATL,B,,,0,0,2026,-0.08,-0.51,1.3702808402463624,2.375227232365793,,500743,,1,3,Bot,,,,,,,-0.5903523532239034,-115.95792281824514,1.4546179718018504,-0.6507118657689037,21.29675235823735,-37.27112887498864,3.096259843,1.562598425,,,,79.6,1848,6.2,849823,686948,621566,645277,663586,643289,657041,671739,660670,54.32,,,,,,,,25,1,Curveball,0,1,0,1,1,0,0,1,Standard,Standard,314,0.003,0.04,,,,,-0.04,,-1,-1,0.46,0.46,31,33,32,34,2,1,,,,,4.1,-0.08,0.08,,,,,,,10,4
FC,2026-10-04,90.4,1.83,5.18,"Kerr, Ray",669242,678061,field_out,hit_into_play,,,,,7,Tommy Edman bunt pops out to third baseman Austin Riley.,D,R,L,LAD,ATL,X,5,popup,1,0,2026,0.06,0.84,-0.5060995105039754,1.7681670817289814,,500743,,0,3,Bot,114.31,183.1,,,,,-5.870414049288943,-131.60197903761838,-4.21803998409128,1.8286776199972767,25.32666669715138,-21.741623676426823,3.102403215,1.565698819,68,33.1,41,90.7,2023,6.3,849823,686948,621566,645277,663586,643289,657041,671739,660670,54.25,0.239,0.215,0.0,1,0,0,1,24,2,Cutter,0,1,0,1,1,0,0,1,Strategic,Standard,144,-0.054,-0.046,10.2,1.8,,0.242,0.046,88.0,-1,-1,0.514,0.514,31,31,32,31,1,0,,,,,1.93,0.06,-0.06,,-48.806573008009885,-60.17174896653808,43.15984644110885,30.720713223062745,30.95273850975321,10,4
CU,2026-10-04,80.0,1.67,5.15,"Kerr, Ray",669242,678061,,blocked_ball,,,,,14,,D,R,L,LAD,ATL,B,,,0,0,2026,-0.17,-0.33,0.1538434171510021,0.4041664517427632,,500743,,0,3,Bot,,,,,,,-2.980421140616591,-116.51813675912624,-2.9412272157032024,-1.016162783095394,20.01316721124636,-34.889230811357464,3.102403215,1.565698819,,,,80.2,2006,6.2,849823,686948,621566,645277,663586,643289,657041,671739,660670,54.3,,,,,,,,24,1,Curveball,0,1,0,1,1,0,0,1,Strategic,Standard,333,0.004,0.032,,,,,-0.032,,-1,-1,0.51,0.51,31,31,32,31,1,0,,,,,3.86,-0.17,0.17,,,,,,,10,4
CU,2026-10-04,80.7,1.57,5.3,"Kerr, Ray",500743,678061,double,hit_into_play,,,,,1,Miguel Rojas doubles (1) on a line drive to left fielder Lane Thomas.,D,R,L,LAD,ATL,X,7,line_drive,3,2,2026,-0.05,-0.39,-0.2890166542917085,2.953536796373682,,,,0,3,Bot,50.37,117.55,,,,,-3.98257674600208,-117.45159176563403,2.331644708904536,0.2502987803442112,20.80080716654844,-36.45133933029209,3.141018701,1.585187008,235,78.4,20,80.8,1870,6.2,849823,686948,621566,645277,663586,643289,657041,671739,660670,54.28,0.98,0.898,1.25,1,1,1,4,23,6,Curveball,0,1,0,1,1,0,0,1,Standard,Standard,320,0.066,0.622,,,,1.059,-0.622,88.0,-1,-1,0.444,0.444,31,37,32,37,1,0,,,,,3.87,-0.05,0.05,,,,,,,10,4
FF,2026-10-04,93.4,1.74,5.15,"Kerr, Ray",500743,678061,,ball,,,,,13,,D,R,L,LAD,ATL,B,,,2,2,2026,0.69,1.13,-1.1411453748461624,2.134583425025438,,,,0,3,Bot,,,,,,,-8.878924606936817,-135.84451336754665,-4.3925942381027765,10.418253270989318,27.26355277692903,-17.32703827241198,3.141018701,1.585187008,,,,93.8,2116,6.4,849823,686948,621566,645277,663586,643289,657041,671739,660670,54.12,,,,,,,,23,5,4-Seam Fastball,0,1,0,1,1,0,0,1,Standard,Standard,133,0.011,0.113,,,,,-0.113,,-1,-1,0.433,0.433,31,37,32,37,1,0,,,,,1.46,0.69,-0.69,,,,,,,10,4
SI,2026-10-04,93.5,1.68,5.18,"Kerr, Ray",500743,678061,,foul,,,,,2,,D,R,L,LAD,ATL,S,,,2,1,2026,1.21,0.68,0.1468572052404664,3.047408233111825,,,,0,3,Bot,,,,,,,-6.609751445138568,-136.1736551779819,-1.1727720532115162,16.49947138735617,27.45245513182922,-23.59992117996644,3.141018701,1.585187008,239,80.9,51,93.7,1869,6.2,849823,686948,621566,645277,663586,643289,657041,671739,660670,54.34,,,,,,,,23,4,Sinker,0,1,0,1,1,0,0,1,Standard,Standard,136,-0.008,-0.077,63.9,6.2,,,0.077,88.0,-1,-1,0.441,0.441,31,37,32,37,1,0,,,,,1.9,1.21,-1.21,,3.49926049063886,11.145143712269553,19.62339920268804,39.03289955707409,26.18216496677324,10,4
CU,2026-10-04,82.7,1.69,5.19,"Kerr, Ray",500743,678061,,ball,,,,,13,,D,R,L,LAD,ATL,B,,,1,1,2026,-0.03,-0.12,-1.967753653555317,-0.8946486891476355,,,,0,3,Bot,,,,,,,-8.158757455187398,-120.08604436408692,-6.890981026620616,1.1487959812786814,20.956818712539057,-32.24850189901979,3.141018701,1.585187008,,,,82.9,2048,6.3,849823,686948,621566,645277,663586,643289,657041,671739,660670,54.17,,,,,,,,23,3,Curveball,0,1,0,1,1,0,0,1,Standard,Standard,328,0.005,0.063,,,,,-0.063,,-1,-1,0.436,0.436,31,37,32,37,1,0,,,,,3.44,-0.03,0.03,,,,,,,10,4
FF,2026-10-04,93.7,1.68,5.27,"Kerr, Ray",500743,678061,,ball,,,,,12,,D,R,L,LAD,ATL,B,,,0,1,2026,0.59,0.86,1.102792147087298,3.149540752690184,,,,0,3,Bot,,,,,,,-2.795064732216672,-136.5086136217336,-1.5686987355444155,8.03326905879802,28.17928368336994,-21.18605634866869,3.141018701,1.585187008,,,,93.4,2276,5.9,849823,686948,621566,645277,663586,643289,657041,671739,660670,54.57,,,,,,,,23,2,4-Seam Fastball,0,1,0,1,1,0,0,1,Standard,Standard,139,0.003,0.029,,,,,-0.029,,-1,-1,0.433,0.433,31,37,32,37,1,0,,,,,1.71,0.59,-0.59,,,,,,,10,4
SI,2026-10-04,92.9,1.71,5.21,"Kerr, Ray",500743,678061,,called_strike,,,,,5,,D,R,L,LAD,ATL,S,,,0,0,2026,1.17,0.75,0.0315785877076688,2.0830328805572096,,,,0,3,Bot,,,,,,,-6.815077893132757,-135.22290154286472,-3.7349885574468233,15.836732136121189,27.543073413880347,-22.33283888949532,3.141018701,1.585187008,,,,92.9,1999,6.1,849823,686948,621566,645277,663586,643289,657041,671739,660670,54.38,,,,,,,,23,1,Sinker,0,1,0,1,1,0,0,1,Standard,Standard,138,-0.004,-0.041,,,,,0.041,,-1,-1,0.437,0.437,31,37,32,37,1,0,,,,,1.87,1.17,-1.17,,,,,,,10,4
CU,2026-10-04,79.7,1.75,6.6,"Snell, Blake",643289,605483,strikeout,swinging_strike_blocked,,,,,13,Mauricio Dubón strikes out swinging.,D,R,L,LAD,ATL,S,2,,1,2,2026,-0.97,-1.07,-0.2841534851363106,0.9495233801211862,,,671739,2,3,Top,,,,,,,-2.57344664249175,-116.00890711444428,-3.26886871669736,-8.115319885681819,24.598317281232408,-41.33229143337042,3.17085794,1.600246063,,,,79.8,2599,6.6,849823,669257,518692,669242,500743,605141,606192,681624,663656,53.88,,0.0,0.0,1,0,0,,22,4,Curveball,0,1,1,0,1,0,1,0,Standard,Standard,325,0.016,-0.193,58.3,8.8,1.398502416,,0.193,,-1,1,0.421,0.579,33,31,34,32,2,1,,,,,4.7,-0.97,0.97,,25.459837578750903,-33.265805095927085,37.51041128206536,33.615072456421515,47.93197687697285,10,4
CH,2026-10-04,84.2,1.88,6.56,"Snell, Blake",643289,605483,,swinging_strike,,,,,14,,D,R,L,LAD,ATL,S,,,1,1,2026,1.26,0.74,1.1412337353565618,2.310146069669861,,,671739,2,3,Top,,,,,,,-4.2733868123928005,-122.52893350830344,-4.755524388861269,13.49632352635521,25.400729195428937,-23.965957987940264,3.17085794,1.600246063,,,,84.8,1855,6.8,849823,669257,518692,669242,500743,605141,606192,681624,663656,53.73,,,,,,,,22,3,Changeup,0,1,1,0,1,0,1,0,Standard,Standard,133,0.006,-0.067,70.0,9.1,3.58957176,,0.067,,-1,1,0.415,0.585,33,31,34,32,2,1,,,,,2.49,1.26,-1.26,,19.084622537030512,-37.050303526207394,22.42808860192407,47.3583694792699,46.88023928325787,10,4
FF,2026-10-04,96.8,1.98,6.46,"Snell, Blake",643289,605483,,ball,,,,,13,,D,R,L,LAD,ATL,B,,,0,1,2026,0.63,1.56,-0.8978921737035037,0.9661772199337384,,,671739,2,3,Top,,,,,,,-9.131566258967052,-140.23032277143136,-12.496865378738416,10.444724612354213,32.05620000691058,-8.882774619629016,3.17085794,1.600246063,,,,97.5,2537,6.9,849823,669257,518692,669242,500743,605141,606192,681624,663656,53.56,,,,,,,,22,2,4-Seam Fastball,0,1,1,0,1,0,1,0,Standard,Standard,151,-0.002,0.027,,,,,-0.027,,-1,1,0.417,0.583,33,31,34,32,2,1,,,,,0.9,0.63,-0.63,,,,,,,10,4
CU,2026-10-04,80.8,1.75,6.61,"Snell, Blake",643289,605483,,swinging_strike_blocked,,,,,13,,D,R,L,LAD,ATL,S,,,0,0,2026,-1.02,-0.66,-0.6416919749434249,-0.7817204773973696,,,671739,2,3,Top,,,,,,,-3.27337881298468,-117.41473475856844,-8.1416032352295,-8.762151460315067,23.68650091580447,-36.831033725084126,3.17085794,1.600246063,,,,80.7,2364,6.4,849823,669257,518692,669242,500743,605141,606192,681624,663656,54.08,,,,,,,,22,1,Curveball,0,1,1,0,1,0,1,0,Standard,Standard,328,0.003,-0.041,32.9,8.4,19.7705454,,0.041,,-1,1,0.414,0.586,33,31,34,32,2,1,,,,,4.18,-1.02,1.02,,24.39334440673528,-15.21738491025742,40.34958112662608,27.36422761509561,40.270120364703445,10,4
CU,2026-10-04,80.2,1.64,6.7,"Snell, Blake",671739,605483,single,hit_into_play,,,,,4,Michael Harris II singles on a ground ball to center fielder Andy Pages.,D,L,L,LAD,ATL,X,8,ground_ball,2,1,2026,-0.82,-0.86,-0.3260983229652489,2.5547351502772506,,,,2,3,Top,144.71,80.23,,,,,-2.7184694498585005,-116.84470926276497,-0.5844660572025895,-7.010001852868671,22.069660268157055,-40.13212230062835,3.181389436,1.605561024,19,106.3,-7,80.6,2564,6.5,849823,669257,518692,669242,500743,605141,606192,681624,663656,53.97,0.398,0.36,0.9,1,1,0,2,21,4,Curveball,0,1,1,0,1,0,1,0,Standard,Standard,327,-0.011,0.287,72.8,7.5,,0.432,-0.287,106.3,-1,1,0.425,0.575,33,25,34,25,2,1,,,,,4.39,-0.82,-0.82,,5.54299230230239,6.191652454194633,23.56508321242248,41.16405360537224,26.966784513763717,10,4
FF,2026-10-04,97.6,1.98,6.53,"Snell, Blake",671739,605483,,ball,,,,,14,,D,L,L,LAD,ATL,B,,,1,1,2026,0.41,1.5,0.9638226553540016,1.7902742305038153,,,,2,3,Top,,,,,,,-3.676927148032016,-141.7857490557016,-10.553408443815233,6.345595841845885,32.34708436400094,-9.761671751460272,3.181389436,1.605561024,,,,98.5,2434,6.9,849823,669257,518692,669242,500743,605141,606192,681624,663656,53.64,,,,,,,,21,3,4-Seam Fastball,0,1,1,0,1,0,1,0,Standard,Standard,154,-0.002,0.054,,,,,-0.054,,-1,1,0.427,0.573,33,25,34,25,2,1,,,,,0.9,0.41,0.41,,,,,,,10,4
CU,2026-10-04,80.4,1.83,6.62,"Snell, Blake",671739,605483,,called_strike,,,,,7,,D,L,L,LAD,ATL,S,,,1,0,2026,-1.34,-0.93,-0.2815148931712028,1.7471181670566218,,,,2,3,Top,,,,,,,-2.044060003784025,-117.06199131442064,-2.0102684940337965,-11.78945014732853,23.838235991820813,-40.52422858967001,3.181389436,1.605561024,,,,80.6,2398,6.6,849823,669257,518692,669242,500743,605141,606192,681624,663656,53.94,,,,,,,,21,2,Curveball,0,1,1,0,1,0,1,0,Standard,Standard,328,0.002,-0.056,,,,,0.056,,-1,1,0.425,0.575,33,25,34,25,2,1,,,,,4.48,-1.34,-1.34,,,,,,,10,4
FF,2026-10-04,96.9,1.78,6.55,"Snell, Blake",671739,605483,,ball,,,,,13,,D,L,L,LAD,ATL,B,,,0,0,2026,0.44,1.57,-1.1699526128935351,0.6924988858628113,,,,2,3,Top,,,,,,,-8.884634729778226,-140.21751394837537,-13.533074032970156,7.7495120484359,31.378886372472195,-8.442980485370034,3.181389436,1.605561024,,,,97.8,2506,7.1,849823,669257,518692,669242,500743,605141,606192,681624,663656,53.4,,,,,,,,21,1,4-Seam Fastball,0,1,1,0,1,0,1,0,Standard,Standard,156,-0.001,0.042,,,,,-0.042,,-1,1,0.426,0.574,33,25,34,25,2,1,,,,,0.88,0.44,0.44,,,,,,,10,4
CU,2026-10-04,79.8,1.65,6.64,"Snell, Blake",645277,605483,field_out,hit_into_play,,,,,1,Ozzie Albies flies out to left fielder Teoscar Hernández.,D,R,L,LAD,ATL,X,7,fly_ball,3,1,2026,-0.89,-0.92,-0.5186620613470919,2.764414909756288,,,,1,3,Top,63.49,89.25,,,,,-3.030565580650662,-116.18927391276507,0.2293124179181651,-7.465197140992745,22.28315997664292,-40.78746549002689,2.984801509,1.506348425,312,83.4,30,80.2,2582,6.6,849823,669257,518692,669242,500743,605141,606192,681624,663656,53.93,0.063,0.066,0.0,1,0,0,3,20,5,Curveball,0,1,1,0,1,0,1,0,Standard,Standard,325,0.026,-0.435,71.8,6.6,,0.105,0.435,88.0,-1,1,0.4,0.6,33,29,34,29,2,1,,,,,4.5,-0.89,0.89,,17.825354862509403,-5.213876389919617,26.105446514576204,18.522370367385253,44.34232698351403,10,4
FF,2026-10-04,97.5,1.84,6.53,"Snell, Blake",645277,605483,,ball,,,,,14,,D,R,L,LAD,ATL,B,,,2,1,2026,0.21,1.59,0.5013500836161502,1.315863118097829,,,,1,3,Top,,,,,,,-4.083696271593855,-141.52699980436608,-12.00747123799845,3.742085389157396,32.642257310838744,-8.201288962768247,2.984801509,1.506348425,,,,98.3,2521,6.9,849823,669257,518692,669242,500743,605141,606192,681624,663656,53.61,,,,,,,,20,4,4-Seam Fastball,0,1,1,0,1,0,1,0,Standard,Standard,155,-0.008,0.127,,,,,-0.127,,-1,1,0.408,0.592,33,29,34,29,2,1,,,,,0.82,0.21,-0.21,,,,,,,10,4
CH,2026-10-04,82.2,2.19,6.39,"Snell, Blake",645277,605483,,ball,,,,,14,,D,R,L,LAD,ATL,B,,,1,1,2026,1.26,0.28,0.3092041278395077,0.8761839694190545,,,,1,3,Top,,,,,,,-6.754807698875423,-119.4664960709552,-6.280253045998322,13.335005347717756,23.062852112587684,-28.46963585384871,2.984801509,1.506348425,,,,83.1,1793,7.0,849823,669257,518692,669242,500743,605141,606192,681624,663656,53.53,,,,,,,,20,3,Changeup,0,1,1,0,1,0,1,0,Standard,Standard,125,-0.003,0.056,,,,,-0.056,,-1,1,0.411,0.589,33,29,34,29,2,1,,,,,3.1,1.26,-1.26,,,,,,,10,4
CU,2026-10-04,78.7,1.71,6.67,"Snell, Blake",645277,605483,,foul,,,,,7,,D,R,L,LAD,ATL,S,,,1,0,2026,-1.09,-1.06,-0.3022494899920115,1.8455275338458064,,,,1,3,Top,,,,,,,-2.2599499366026428,-114.56903124036984,-1.3320694469730203,-9.13113125107551,22.681248309278583,-41.46862717328249,2.984801509,1.506348425,3,64.5,-35,79.0,2326,6.7,849823,669257,518692,669242,500743,605141,606192,681624,663656,53.83,,,,,,,,20,2,Curveball,0,1,1,0,1,0,1,0,Standard,Standard,330,0.003,-0.049,74.6,7.2,,,0.049,88.0,-1,1,0.408,0.592,33,29,34,29,2,1,,,,,4.76,-1.09,1.09,,17.12803668773011,-9.275434628907044,35.67187709231633,21.432962314176176,40.83889454787577,10,4
CU,2026-10-04,80.0,1.71,6.56,"Snell, Blake",645277,605483,,ball,,,,,13,,D,R,L,LAD,ATL,B,,,0,0,2026,-0.85,-1.08,-0.9054917737180364,-0.3969018862346449,,,,1,3,Top,,,,,,,-4.106751229089301,-116.26793849941404,-6.156393715230713,-6.732729637692335,25.12148241219231,-40.79648073092479,2.984801509,1.506348425,,,,80.3,2303,6.9,849823,669257,518692,669242,500743,605141,606192,681624,663656,53.57,,,,,,,,20,1,Curveball,0,1,1,0,1,0,1,0,Standard,Standard,332,-0.002,0.041,,,,,-0.041,,-1,1,0.41,0.59,33,29,34,29,2,1,,,,,4.7,-0.85,0.85,,,,,,,10,4
CU,2026-10-04,80.7,1.72,6.55,"Snell, Blake",621566,605483,strikeout,swinging_strike,,,,,14,Matt Olson strikes out swinging.,D,L,L,LAD,ATL,S,2,,2,2,2026,-0.84,-0.94,0.5142448393385628,1.173177832366819,,,,0,3,Top,,,,,,,-1.0167972255661026,-117.562897541062,-3.1904125412026465,-7.572388792454367,23.81517236905047,-40.40988262118709,3.37183399,1.701673228,,,,81.1,2253,6.7,849823,669257,518692,669242,500743,605141,606192,681624,663656,53.83,,0.0,0.0,1,0,0,,19,6,Curveball,0,1,1,0,1,0,1,0,Strategic,Standard,326,0.019,-0.232,78.5,8.6,3.023178492,,0.232,,-1,1,0.391,0.609,33,32,34,32,2,1,,,,,4.45,-0.84,-0.84,,30.000863889185624,-38.38184169551653,38.88757298601042,29.49021686524629,58.3635354786564,10,4
FF,2026-10-04,96.8,1.96,6.54,"Snell, Blake",621566,605483,,foul,,,,,14,,D,L,L,LAD,ATL,S,,,2,2,2026,0.44,1.49,0.8366771251453763,2.450996980918255,,,,0,3,Top,,,,,,,-4.0260424801911885,-140.72072473295864,-8.626127460287375,6.766227458993202,32.70964233515199,-10.64514549753346,3.37183399,1.701673228,176,72.4,19,97.6,2326,6.9,849823,669257,518692,669242,500743,605141,606192,681624,663656,53.64,,,,,,,,19,5,4-Seam Fastball,0,1,1,0,1,0,1,0,Strategic,Standard,155,0.0,0.0,73.4,6.8,,,0.0,88.0,-1,1,0.391,0.609,33,32,34,32,2,1,,,,,0.96,0.44,0.44,,3.134217816349426,-3.486607871979974,41.84703235186314,26.396397659821226,31.350629390490145,10,4
SL,2026-10-04,87.8,1.87,6.63,"Snell, Blake",621566,605483,,ball,,,,,13,,D,L,L,LAD,ATL,B,,,1,2,2026,-0.3,0.41,-1.1537355935943363,1.4260483538191622,,,,0,3,Top,,,,,,,-6.652865223907816,-127.73082494276342,-7.192038356241345,-2.026235209325965,24.17103081126524,-26.430235906931564,3.37183399,1.701673228,,,,88.9,2230,6.8,849823,669257,518692,669242,500743,605141,606192,681624,663656,53.7,,,,,,,,19,4,Slider,0,1,1,0,1,0,1,0,Strategic,Standard,176,-0.004,0.046,,,,,-0.046,,-1,1,0.395,0.605,33,32,34,32,2,1,,,,,2.53,-0.3,-0.3,,,,,,,10,4
CU,2026-10-04,81.6,1.77,6.6,"Snell, Blake",621566,605483,,ball,,,,,13,,D,L,L,LAD,ATL,B,,,0,2,2026,-1.28,-0.81,-1.0287617470298835,-1.4303409070890465,,,,0,3,Top,,,,,,,-3.7380579956205233,-118.50290783554884,-9.4990718597348,-11.120736771486545,25.806107919792968,-37.84225199543465,3.37183399,1.701673228,,,,81.8,2388,6.9,849823,669257,518692,669242,500743,605141,606192,681624,663656,53.62,,,,,,,,19,3,Curveball,0,1,1,0,1,0,1,0,Infield shade,Standard,330,-0.002,0.022,,,,,-0.022,,-1,1,0.397,0.603,33,32,34,32,2,1,,,,,4.28,-1.28,-1.28,,,,,,,10,4
FF,2026-10-04,97.0,1.81,6.65,"Snell, Blake",621566,605483,,called_strike,,,,,13,,D,L,L,LAD,ATL,S,,,0,1,2026,0.45,1.54,-0.8639843113557959,2.4362071914137347,,,,0,3,Top,,,,,,,-8.17447276165424,-140.78946416988495,-9.094957869324215,7.893534482426503,32.53954367168741,-9.732367767822236,3.37183399,1.701673228,,,,97.6,2477,6.8,849823,669257,518692,669242,500743,605141,606192,681624,663656,53.71,,,,,,,,19,2,4-Seam Fastball,0,1,1,0,1,0,1,0,Infield shade,Standard,156,0.006,-0.053,,,,,0.053,,-1,1,0.391,0.609,33,32,34,32,2,1,,,,,0.9,0.45,0.45,,,,,,,10,4
CU,2026-10-04,78.4,1.77,6.73,"Snell, Blake",621566,605483,,called_strike,,,,,5,,D,L,L,LAD,ATL,S,,,0,0,2026,-1.1,-0.96,0.2051073657731609,2.639154518106269,,,,0,3,Top,,,,,,,-1.2528621071897177,-114.17589994228754,0.0952743473435364,-9.355053673211714,22.61454327824759,-40.76110057832641,3.37183399,1.701673228,,,,78.2,2454,6.3,849823,669257,518692,669242,500743,605141,606192,681624,663656,54.2,,,,,,,,19,1,Curveball,0,1,1,0,1,0,1,0,Infield shade,Standard,324,0.003,-0.041,,,,,0.041,,-1,1,0.388,0.612,33,32,34,32,2,1,,,,,4.68,-1.1,-1.1,,,,,,,10,4
CU,2026-10-04,80.8,1.61,5.37,"Kerr, Ray",681624,678061,strikeout,swinging_strike,,,,,13,Andy Pages strikes out swinging.,D,R,L,LAD,ATL,S,2,,1,2,2026,-0.33,-0.44,-0.4609249647596579,1.0881552680446385,,,518692,2,2,Bot,,,,,,,-3.898340705428564,-117.71435226366197,-1.8041472436342436,-2.3120000559139324,22.45319079556022,-36.16890635473312,3.23667979,1.633464567,,,,80.3,2092,5.9,849823,686948,621566,645277,663586,643289,657041,671739,660670,54.64,,0.0,0.0,1,0,0,,18,4,Curveball,0,1,0,1,1,0,0,1,Standard,Standard,316,-0.017,-0.193,68.3,9.3,0.566776284,,0.193,,-1,-1,0.405,0.405,31,25,32,26,1,0,,,,,3.93,-0.33,0.33,,31.4842059985046,-30.518614904548684,50.24214461720104,31.494807825816395,50.755160978227295,10,4
CU,2026-10-04,80.2,1.74,5.35,"Kerr, Ray",681624,678061,,called_strike,,,,,3,,D,R,L,LAD,ATL,S,,,1,1,2026,-0.23,-0.04,0.6913791804512315,3.337908678583667,,,518692,2,2,Bot,,,,,,,-1.8379133170649355,-116.77441266301902,2.484691243321109,-1.7488681848872814,22.792739024669217,-33.229401333717085,3.23667979,1.633464567,,,,79.4,1827,5.8,849823,686948,621566,645277,663586,643289,657041,671739,660670,54.71,,,,,,,,18,3,Curveball,0,1,0,1,1,0,0,1,Standard,Standard,316,-0.007,-0.067,,,,,0.067,,-1,-1,0.412,0.412,31,25,32,26,1,0,,,,,3.59,-0.23,0.23,,,,,,,10,4
CU,2026-10-04,81.3,1.77,5.27,"Kerr, Ray",681624,678061,,swinging_strike,,,,,7,,D,R,L,LAD,ATL,S,,,1,0,2026,-0.26,-0.24,-0.774146964230943,2.040936196579477,,,518692,2,2,Bot,,,,,,,-5.081986550559488,-118.38687332771268,0.0183735067879287,-1.478055799705175,22.437266709112148,-34.64943374028659,3.23667979,1.633464567,,,,80.8,1856,5.9,849823,686948,621566,645277,663586,643289,657041,671739,660670,54.61,,,,,,,,18,2,Curveball,0,1,0,1,1,0,0,1,Standard,Standard,312,-0.003,-0.051,66.4,9.3,1.337886936,,0.051,,-1,-1,0.415,0.415,31,25,32,26,1,0,,,,,3.68,-0.26,0.26,,30.448958767270977,-53.28309339723801,39.87912361247405,28.45509799911874,56.79870975221587,10,4
CU,2026-10-04,80.2,1.63,5.23,"Kerr, Ray",681624,678061,,blocked_ball,,,,,13,,D,R,L,LAD,ATL,B,,,0,0,2026,0.18,-0.53,-1.3810262407534246,-0.2885286337679353,,,518692,2,2,Bot,,,,,,,-6.895117608112079,-116.53295757695628,-4.144449035775423,3.018582038978253,22.673777765232828,-36.41067462434203,3.23667979,1.633464567,,,,79.9,1917,6.2,849823,686948,621566,645277,663586,643289,657041,671739,660670,54.29,,,,,,,,18,1,Curveball,0,1,0,1,1,0,0,1,Standard,Standard,342,0.002,0.037,,,,,-0.037,,-1,-1,0.413,0.413,31,25,32,26,1,0,,,,,4.1,0.18,-0.18,,,,,,,10,4
SI,2026-10-04,92.5,1.63,5.27,"Kerr, Ray",663656,678061,field_out,hit_into_play,,,,,2,Kyle Tucker pops out to second baseman Ozzie Albies.,D,L,L,LAD,ATL,X,4,popup,1,0,2026,1.23,0.89,-0.2618684578904313,3.22688305765355,,,518692,1,2,Bot,158.9,136.99,,,,,-7.453135957472797,-134.46115339147815,-1.1752803774413276,16.509885447215773,30.201855816887257,-21.409533746188504,3.350770997,1.691043307,180,79.4,60,92.1,2180,6.2,849823,686948,621566,645277,663586,643289,657041,671739,660670,54.32,0.02,0.019,0.0,1,0,0,3,17,2,Sinker,0,1,0,1,1,0,0,1,Infield shade,Standard,144,-0.037,-0.294,73.9,7.0,,0.025,0.294,88.0,-1,-1,0.45,0.45,31,29,32,29,1,0,,,,,1.79,1.23,1.23,,11.150101919258852,-12.974026043248628,28.59125964829292,37.32028223014037,35.68193592607412,10,4
SI,2026-10-04,92.6,1.67,5.35,"Kerr, Ray",663656,678061,,ball,,,,,11,,D,L,L,LAD,ATL,B,,,0,0,2026,1.16,0.72,-0.7723851541763873,3.782489869766757,,,518692,1,2,Bot,,,,,,,-8.661437238982778,-134.5985120438844,0.3969070101008646,15.953003997800437,29.943874048407483,-23.804157746355617,3.350770997,1.691043307,,,,92.1,1974,6.1,849823,686948,621566,645277,663586,643289,657041,671739,660670,54.42,,,,,,,,17,1,Sinker,0,1,0,1,1,0,0,1,Infield shade,Standard,138,0.004,0.034,,,,,-0.034,,-1,-1,0.446,0.446,31,29,32,29,1,0,,,,,1.95,1.16,1.16,,,,,,,10,4
CU,2026-10-04,81.2,1.71,5.31,"Kerr, Ray",606192,678061,strikeout,swinging_strike_blocked,,,,,13,Teoscar Hernández strikes out swinging.,D,R,L,LAD,ATL,S,2,,1,2,2026,0.04,-0.16,-0.6036883992337511,0.3745957024991027,,,518692,0,2,Bot,,,,,,,-5.167311796063015,-118.16421220914788,-3.838973417242146,1.3412389518266006,22.68691857706525,-33.16531994591451,3.199819554,1.614862205,,,,81.0,2025,6.1,849823,686948,621566,645277,663586,643289,657041,671739,660670,54.36,,0.0,0.0,1,0,0,,16,4,Curveball,0,1,0,1,1,0,0,1,Standard,Standard,331,-0.027,-0.173,74.9,9.6,14.756946288,,0.173,,-1,-1,0.473,0.473,31,33,32,34,1,0,,,,,3.62,0.04,-0.04,,38.119457716160206,-49.01965151537824,43.352950272204446,35.11277192925328,62.43575559022222,10,4
CS,2026-10-04,78.2,1.53,5.41,"Kerr, Ray",606192,678061,,ball,,,,,12,,D,R,L,LAD,ATL,B,,,0,2,2026,-0.46,-0.77,1.288492699925311,3.317918460937792,,,518692,0,2,Bot,,,,,,,0.3483741364232676,-113.80273266811618,3.9417578462945664,-4.072378623050664,20.45735873175276,-39.78099532304571,3.199819554,1.614862205,,,,78.1,2147,6.2,849823,686948,621566,645277,663586,643289,657041,671739,660670,54.35,,,,,,,,16,3,Slow Curve,0,1,0,1,1,0,0,1,Standard,Standard,310,0.004,0.022,,,,,-0.022,,-1,-1,0.469,0.469,31,33,32,34,1,0,,,,,4.49,-0.46,0.46,,,,,,,10,4
CU,2026-10-04,79.0,1.7,5.38,"Kerr, Ray",606192,678061,,swinging_strike,,,,,4,,D,R,L,LAD,ATL,S,,,0,1,2026,-0.2,-0.69,-0.339301959923335,2.135760110125921,,,518692,0,2,Bot,,,,,,,-4.006571862349521,-115.09533309965444,1.174755247408777,-1.0769112233724498,19.901255329876367,-38.7087786084262,3.199819554,1.614862205,,,,79.1,2299,6.1,849823,686948,621566,645277,663586,643289,657041,671739,660670,54.36,,,,,,,,16,2,Curveball,0,1,0,1,1,0,0,1,Standard,Standard,304,-0.009,-0.05,79.4,8.8,2.653744212,,0.05,,-1,-1,0.478,0.478,31,33,32,34,1,0,,,,,4.31,-0.2,0.2,,25.60258969167444,-35.497825457643,30.072717902383012,37.66151202977564,50.14507740901252,10,4
CU,2026-10-04,80.2,1.67,5.35,"Kerr, Ray",606192,678061,,called_strike,,,,,2,,D,R,L,LAD,ATL,S,,,0,0,2026,0.01,-0.41,-0.2488741661161175,2.992975792844612,,,518692,0,2,Bot,,,,,,,-4.189855472562851,-116.80429576661672,2.4289772297075327,0.8619490305170942,21.56123624360468,-36.64624081340739,3.199819554,1.614862205,,,,79.9,1901,6.0,849823,686948,621566,645277,663586,643289,657041,671739,660670,54.54,,,,,,,,16,1,Curveball,0,1,0,1,1,0,0,1,Standard,Standard,325,-0.006,-0.041,,,,,0.041,,-1,-1,0.484,0.484,31,33,32,34,1,0,,,,,3.95,0.01,-0.01,,,,,,,10,4
SI,2026-10-04,93.2,1.74,5.29,"Kerr, Ray",518692,678061,single,hit_into_play,,,,,2,Freddie Freeman singles on a line drive to right fielder Ronald Acuña Jr.,D,L,L,LAD,ATL,X,9,line_drive,0,0,2026,1.24,0.73,-0.2579359350542545,2.898715505012228,,,,0,2,Bot,159.84,97.65,,,,,-7.804940833587652,-135.60189125465894,-1.8616518294949795,17.00644381897313,28.28249353419116,-22.93615226054421,3.382365486,1.706988189,211,98.9,12,93.1,2176,6.1,849823,686948,621566,645277,663586,643289,657041,671739,660670,54.36,0.94,0.882,0.9,1,1,0,4,15,1,Sinker,0,1,0,1,1,0,0,1,Strategic,Strategic,142,0.041,0.443,71.1,6.7,,1.084,-0.443,98.9,-1,-1,0.443,0.443,31,36,32,37,1,0,,,,,1.88,1.24,1.24,,14.179290811605956,0.2328116620555838,36.51447637049028,44.40524662874911,28.64080752960615,10,4
CH,2026-10-04,86.0,2.08,6.36,"Snell, Blake",660670,605483,strikeout,swinging_strike,,,,,14,Ronald Acuña Jr. strikes out swinging.,D,R,L,LAD,ATL,S,2,,3,2,2026,1.1,0.49,0.970137816866937,2.297156265177019,,,686948,2,2,Top,,,,,,,-4.919942539337792,-125.17089426295504,-4.174308238612418,12.540144201402857,26.68472433403548,-26.35511473462046,3.200697179,1.615305118,,,,86.6,1869,6.8,849823,669257,518692,669242,500743,605141,606192,681624,663656,53.72,,0.0,0.0,1,0,0,,14,8,Changeup,0,1,1,0,1,0,1,0,Standard,Standard,134,0.024,-0.328,64.7,7.1,0.327542256,,0.328,,-1,1,0.419,0.581,33,28,34,29,2,1,,,,,2.6,1.1,-1.1,,1.5475784851617005,38.339736468636175,31.837538415078686,49.6626862091329,7.045803142619773,10,4
FF,2026-10-04,97.7,1.58,6.6,"Snell, Blake",660670,605483,,foul,,,,,1,,D,R,L,LAD,ATL,S,,,3,2,2026,0.28,1.53,-0.7551802599047175,2.8615362239354747,,,686948,2,2,Top,,,,,,,-6.918839495854611,-141.98454843055572,-7.995746461708142,5.318948508582438,32.83753435344075,-9.805861308746556,3.200697179,1.615305118,76,71.7,4,98.5,2486,6.9,849823,669257,518692,669242,500743,605141,606192,681624,663656,53.65,,,,,,,,14,7,4-Seam Fastball,0,1,1,0,1,0,1,0,Standard,Standard,156,0.0,0.0,77.6,5.8,,,0.0,88.0,-1,1,0.419,0.581,33,28,34,29,2,1,,,,,0.87,0.28,-0.28,,-24.19479465413355,47.97964508309212,41.98428160112286,27.963754108377398,14.902290134470231,10,4
SL,2026-10-04,89.5,1.87,6.57,"Snell, Blake",660670,605483,,foul,,,,,11,,D,R,L,LAD,ATL,S,,,3,2,2026,-0.64,0.42,-0.9997585417077148,3.209544250244865,,,686948,2,2,Top,,,,,,,-5.636765272891254,-130.35054379612234,-3.0312107534945496,-6.235058633141114,25.63840959195144,-27.010506078930995,3.200697179,1.615305118,192,64.6,33,90.2,2458,6.5,849823,669257,518692,669242,500743,605141,606192,681624,663656,53.97,,,,,,,,14,6,Slider,0,1,1,0,1,0,1,0,Standard,Standard,190,0.0,0.0,64.0,5.9,,,0.0,88.0,-1,1,0.419,0.581,33,28,34,29,2,1,,,,,2.41,-0.64,0.64,,-7.1632805285611605,25.96810073339981,34.156202206634525,26.146092807416423,16.43705498447224,10,4
SL,2026-10-04,90.8,1.84,6.56,"Snell, Blake",660670,605483,,ball,,,,,13,,D,R,L,LAD,ATL,B,,,2,2,2026,-0.58,0.37,-1.2670102827212346,2.055878224915753,,,686948,2,2,Top,,,,,,,-6.44817831191528,-132.15187125222712,-5.982244564909512,-5.548760984921992,26.24821186324,-26.82610915838704,3.200697179,1.615305118,,,,91.6,2472,6.6,849823,669257,518692,669242,500743,605141,606192,681624,663656,53.91,,,,,,,,14,5,Slider,0,1,1,0,1,0,1,0,Standard,Standard,187,-0.006,0.08,,,,,-0.08,,-1,1,0.425,0.575,33,28,34,29,2,1,,,,,2.38,-0.58,0.58,,,,,,,10,4
CH,2026-10-04,80.7,2.04,6.41,"Snell, Blake",660670,605483,,called_strike,,,,,2,,D,R,L,LAD,ATL,S,,,2,1,2026,0.96,0.64,0.0411988765935221,3.1398491242874997,,,686948,2,2,Top,,,,,,,-6.286990855116648,-117.45994744961769,-1.6525683512228149,10.102091436927296,21.8086744754268,-26.16394249941798,3.200697179,1.615305118,,,,81.3,1743,6.6,849823,669257,518692,669242,500743,605141,606192,681624,663656,53.9,,,,,,,,14,4,Changeup,0,1,1,0,1,0,1,0,Standard,Standard,133,0.005,-0.069,,,,,0.069,,-1,1,0.42,0.58,33,28,34,29,2,1,,,,,2.86,0.96,-0.96,,,,,,,10,4
FF,2026-10-04,97.0,1.75,6.64,"Snell, Blake",660670,605483,,ball,,,,,12,,D,R,L,LAD,ATL,B,,,1,1,2026,0.68,1.34,0.250409812471479,3.869527019552155,,,686948,2,2,Top,,,,,,,-5.594000846724721,-141.27113417751778,-4.888688470653169,10.378274172523357,29.98309165545286,-13.222017557770052,3.200697179,1.615305118,,,,98.3,2532,6.8,849823,669257,518692,669242,500743,605141,606192,681624,663656,53.71,,,,,,,,14,3,4-Seam Fastball,0,1,1,0,1,0,1,0,Standard,Standard,156,-0.003,0.055,,,,,-0.055,,-1,1,0.423,0.577,33,28,34,29,2,1,,,,,1.06,0.68,-0.68,,,,,,,10,4
SL,2026-10-04,88.5,1.9,6.53,"Snell, Blake",660670,605483,,ball,,,,,13,,D,R,L,LAD,ATL,B,,,0,1,2026,-0.49,0.22,-1.493680776874576,1.4899301349293357,,,686948,2,2,Top,,,,,,,-7.162892531039579,-128.72390737951437,-6.49187057238844,-4.097774883482377,24.833254894728967,-28.63278726067002,3.200697179,1.615305118,,,,89.3,2461,6.6,849823,669257,518692,669242,500743,605141,606192,681624,663656,53.88,,,,,,,,14,2,Slider,0,1,1,0,1,0,1,0,Standard,Standard,201,-0.002,0.027,,,,,-0.027,,-1,1,0.425,0.575,33,28,34,29,2,1,,,,,2.68,-0.49,0.49,,,,,,,10,4
CU,2026-10-04,79.9,1.9,6.57,"Snell, Blake",660670,605483,,foul,,,,,13,,D,R,L,LAD,ATL,S,,,0,0,2026,-1.4,-0.85,-0.562826516013212,1.108817049631536,,,686948,2,2,Top,,,,,,,-2.681782844757034,-116.30088373179882,-3.364148772243712,-12.100157314029744,23.518043069354786,-39.41647284014326,3.200697179,1.615305118,,,,80.0,2479,6.5,849823,669257,518692,669242,500743,605141,606192,681624,663656,53.96,,,,,,,,14,1,Curveball,0,1,1,0,1,0,1,0,Standard,Standard,326,0.003,-0.041,86.6,8.8,,,0.041,,-1,1,0.422,0.578,33,28,34,29,2,1,,,,,4.44,-1.4,1.4,,-1.2933333067671513,-2.493141717560128,42.755944768087815,32.62568370946063,33.42390370975714,10,4
SL,2026-10-04,89.1,1.76,6.59,"Snell, Blake",686948,605483,walk,ball,,,,,13,Drake Baldwin walks.,D,L,L,LAD,ATL,B,,,3,2,2026,-0.41,0.36,-1.2457866364034271,1.263628410509146,,,,2,2,Top,,,,,,,-6.480108626437582,-129.58520250424024,-7.647387140733418,-3.3528784248412906,25.05445660330527,-26.72574447797621,3.205962927,1.617962598,,,,90.1,2375,6.8,849823,669257,518692,669242,500743,605141,606192,681624,663656,53.71,,0.69822,0.7,1,0,0,,13,6,Slider,0,1,1,0,1,0,1,0,Strategic,Standard,181,-0.009,0.286,,,,,-0.286,,-1,1,0.431,0.569,33,25,34,25,2,1,,,,,2.49,-0.41,-0.41,,,,,,,10,4
SL,2026-10-04,88.4,1.79,6.56,"Snell, Blake",686948,605483,,ball,,,,,13,,D,L,L,LAD,ATL,B,,,2,2,2026,-0.42,0.27,-1.092939946340839,0.1906875483564887,,,,2,2,Top,,,,,,,-6.111703530935355,-128.35900931542884,-9.79189166995574,-3.4160618889324152,25.33663158340356,-27.406612798255708,3.205962927,1.617962598,,,,89.3,2481,6.9,849823,669257,518692,669242,500743,605141,606192,681624,663656,53.61,,,,,,,,13,5,Slider,0,1,1,0,1,0,1,0,Strategic,Standard,186,-0.003,0.085,,,,,-0.085,,-1,1,0.434,0.566,33,25,34,25,2,1,,,,,2.65,-0.42,-0.42,,,,,,,10,4
SL,2026-10-04,88.7,1.94,6.57,"Snell, Blake",686948,605483,,swinging_strike,,,,,13,,D,L,L,LAD,ATL,S,,,2,1,2026,-0.35,0.4,-0.5373116276453327,0.9501868598253872,,,,2,2,Top,,,,,,,-5.276658635886223,-129.0192111337886,-8.388304284742915,-3.03266694744862,23.07427691511598,-26.362233275793017,3.205962927,1.617962598,,,,90.0,2347,6.8,849823,669257,518692,669242,500743,605141,606192,681624,663656,53.7,,,,,,,,13,4,Slider,0,1,1,0,1,0,1,0,Strategic,Standard,169,0.002,-0.079,77.3,7.9,1.716240708,,0.079,,-1,1,0.432,0.568,33,25,34,25,2,1,,,,,2.47,-0.35,-0.35,,13.820899613931047,-3.1567022317491213,37.3175545675794,43.22321261681883,36.71305709533587,10,4
FF,2026-10-04,98.2,1.88,6.54,"Snell, Blake",686948,605483,,ball,,,,,14,,D,L,L,LAD,ATL,B,,,1,1,2026,0.37,1.49,0.9705362826138818,1.5186478333723232,,,,2,2,Top,,,,,,,-3.347906196221619,-142.57778485802024,-11.432923364551504,5.868563773993838,34.17759253832817,-9.313433092509817,3.205962927,1.617962598,,,,99.0,2547,6.9,849823,669257,518692,669242,500743,605141,606192,681624,663656,53.57,,,,,,,,13,3,4-Seam Fastball,0,1,1,0,1,0,1,0,Strategic,Standard,155,-0.001,0.054,,,,,-0.054,,-1,1,0.433,0.567,33,25,34,25,2,1,,,,,0.89,0.37,0.37,,,,,,,10,4
CH,2026-10-04,88.4,2.15,6.46,"Snell, Blake",686948,605483,,ball,,,,,14,,D,L,L,LAD,ATL,B,,,0,1,2026,1.08,0.66,0.9290489530585208,2.193065335402964,,,,2,2,Top,,,,,,,-5.290425733148976,-128.63441617950912,-5.546964687142367,13.140917620704675,26.61846695069822,-23.836464429947014,3.205962927,1.617962598,,,,89.2,1733,6.8,849823,669257,518692,669242,500743,605141,606192,681624,663656,53.7,,,,,,,,13,2,Changeup,0,1,1,0,1,0,1,0,Infield shade,Standard,133,-0.001,0.032,,,,,-0.032,,-1,1,0.434,0.566,33,25,34,25,2,1,,,,,2.25,1.08,1.08,,,,,,,10,4
SL,2026-10-04,88.7,1.86,6.59,"Snell, Blake",686948,605483,,called_strike,,,,,7,,D,L,L,LAD,ATL,S,,,0,0,2026,-0.35,0.64,-0.4203366565609441,1.855452590074132,,,,2,2,Top,,,,,,,-4.80929061395505,-129.14924912707872,-6.754826497968103,-3.0346081390688244,24.014166359023797,-23.87549424036929,3.205962927,1.617962598,,,,90.0,2353,6.8,849823,669257,518692,669242,500743,605141,606192,681624,663656,53.67,,,,,,,,13,1,Slider,0,1,1,0,1,0,1,0,Standard,Standard,175,0.001,-0.046,,,,,0.046,,-1,1,0.433,0.567,33,25,34,25,2,1,,,,,2.23,-0.35,-0.35,,,,,,,10,4
CU,2026-10-04,81.0,1.72,6.62,"Snell, Blake",657041,605483,field_out,hit_into_play,,,,,8,"Lane Thomas grounds out, third baseman Miguel Rojas to first baseman Freddie Freeman.",D,R,L,LAD,ATL,X,5,ground_ball,0,1,2026,-1.01,-1.03,0.1305000976461005,1.8907997477611849,,,,1,2,Top,104.68,172.97,,,,,-1.5295828625135508,-117.9019024670931,-1.6251463695176405,-9.075772770041002,24.259777330295517,-41.623037476482864,3.146284449,1.587844488,6,95.9,-19,81.3,2505,6.6,849823,669257,518692,669242,500743,605141,606192,681624,663656,53.86,0.153,0.138,0.0,1,0,0,2,12,2,Curveball,0,1,1,0,1,0,1,0,Standard,Standard,327,0.013,-0.22,74.2,7.0,,0.159,0.22,95.9,-1,1,0.42,0.58,33,30,34,31,1,0,,,,,4.53,-1.01,1.01,,9.084692743705208,-2.5784015096627524,28.634947282349284,38.0586654727802,31.6241185827842,10,4
FF,2026-10-04,96.2,1.84,6.69,"Snell, Blake",657041,605483,,swinging_strike,,,,,2,,D,R,L,LAD,ATL,S,,,0,0,2026,0.36,1.63,-0.2566912867225678,3.2260114189303124,,,,1,2,Top,,,,,,,-6.349714824272994,-139.81288249354245,-7.158633166667816,6.179099862224896,32.700804945765874,-9.316973744013556,3.146284449,1.587844488,,,,96.7,2578,6.7,849823,669257,518692,669242,500743,605141,606192,681624,663656,53.78,,,,,,,,12,1,4-Seam Fastball,0,1,1,0,1,0,1,0,Standard,Standard,157,0.002,-0.041,74.1,6.5,0.518322312,,0.041,,-1,1,0.418,0.582,33,30,34,31,1,0,,,,,0.84,0.36,-0.36,,9.61260509184388,-1.277347978604807,24.300305693467617,30.574628699787127,26.9092836521177,10,4
FF,2026-10-04,96.9,1.94,6.59,"Snell, Blake",663586,605483,field_out,hit_into_play,,,,,1,"Austin Riley grounds out, second baseman Tommy Edman to first baseman Freddie Freeman.",D,R,L,LAD,ATL,X,4,ground_ball,1,0,2026,0.48,1.35,-0.479731484692166,3.039985645626372,,,,0,2,Top,142.79,150.36,,,,,-7.510893710488494,-140.8404303199214,-6.878787774351777,8.063535387916806,30.45839023823947,-12.824016534748765,3.273540026,1.652066929,11,69.0,-14,97.4,2483,6.5,849823,669257,518692,669242,500743,605141,606192,681624,663656,53.96,0.052,0.047,0.0,1,0,0,2,11,2,4-Seam Fastball,0,1,1,0,1,0,1,0,Standard,Standard,155,0.024,-0.301,60.7,5.2,,0.062,0.301,88.0,-1,1,0.394,0.606,33,29,34,29,1,0,,,,,1.07,0.48,-0.48,,-10.59237944713552,26.721804943892376,41.55721671109061,25.08829692477704,20.82399194961237,10,4
CH,2026-10-04,87.0,2.07,6.48,"Snell, Blake",663586,605483,,ball,,,,,13,,D,R,L,LAD,ATL,B,,,0,0,2026,0.98,0.39,-0.3416920304050153,0.727225824277276,,,,0,2,Top,,,,,,,-7.861525856986971,-126.3630571990724,-8.227218031788261,12.110815053630288,25.38150862802297,-26.524066854911005,3.273540026,1.652066929,,,,88.1,1704,7.0,849823,669257,518692,669242,500743,605141,606192,681624,663656,53.46,,,,,,,,11,1,Changeup,0,1,1,0,1,0,1,0,Standard,Standard,133,-0.003,0.042,,,,,-0.042,,-1,1,0.397,0.603,33,29,34,29,1,0,,,,,2.63,0.98,-0.98,,,,,,,10,4
CU,2026-10-04,82.5,1.55,5.45,"Kerr, Ray",669257,678061,strikeout,swinging_strike,,,,,9,Will Smith strikes out swinging.,D,R,L,LAD,ATL,S,2,,1,2,2026,-0.13,-0.19,0.7354145483853511,1.8727768447375848,,,,2,1,Bot,,,,,,,-1.560350361317462,-120.18721844583337,-1.042651614394152,-0.9511919964953188,22.740214946434527,-34.06879712316649,3.137508202,1.583415354,,,,82.4,2154,6.1,849823,686948,621566,645277,663586,643289,657041,671739,660670,54.41,,0.0,0.0,1,0,0,,10,4,Curveball,0,1,0,1,1,0,0,1,Standard,Standard,325,-0.007,-0.184,70.7,8.2,0.681970248,,0.184,,-1,-1,0.404,0.404,31,31,32,31,1,0,,,,,3.53,-0.13,0.13,,24.861409454789747,-9.564364581871786,35.6541740600228,47.8583660647939,36.36088711674029,10,4
CU,2026-10-04,81.7,1.43,5.33,"Kerr, Ray",669257,678061,,ball,,,,,13,,D,R,L,LAD,ATL,B,,,0,2,2026,0.05,-0.43,-1.9104389648832705,-0.6599952688577471,,,,2,1,Bot,,,,,,,-7.519053675049121,-118.78958585397908,-5.8366854793863805,1.816983727146097,20.51301533166407,-35.39120440928576,3.137508202,1.583415354,,,,81.9,2036,6.3,849823,686948,621566,645277,663586,643289,657041,671739,660670,54.23,,,,,,,,10,3,Curveball,0,1,0,1,1,0,0,1,Strategic,Standard,336,0.001,0.029,,,,,-0.029,,-1,-1,0.403,0.403,31,31,32,31,1,0,,,,,3.82,0.05,-0.05,,,,,,,10,4
CS,2026-10-04,79.3,1.68,5.4,"Kerr, Ray",669257,678061,,called_strike,,,,,3,,D,R,L,LAD,ATL,S,,,0,1,2026,-0.81,-0.99,0.3873828090054229,2.826019889121821,,,,2,1,Bot,,,,,,,-1.2530267467189886,-115.418843507481,3.1849243506674068,-7.024198110223046,20.492554745603417,-41.85264623812145,3.137508202,1.583415354,,,,79.2,2233,6.1,849823,686948,621566,645277,663586,643289,657041,671739,660670,54.41,,,,,,,,10,2,Slow Curve,0,1,0,1,1,0,0,1,Standard,Standard,305,-0.002,-0.062,,,,,0.062,,-1,-1,0.405,0.405,31,31,32,31,1,0,,,,,4.6,-0.81,0.81,,,,,,,10,4
CU,2026-10-04,80.6,1.78,5.34,"Kerr, Ray",669257,678061,,swinging_strike,,,,,13,,D,R,L,LAD,ATL,S,,,0,0,2026,0.0,-0.31,-0.8589526491683237,1.4737256709791446,,,,2,1,Bot,,,,,,,-5.76594318617854,-117.35472214658324,-1.1232938855920491,1.0453199239690854,21.615068575855343,-35.06903700696178,3.137508202,1.583415354,,,,80.6,1807,6.2,849823,686948,621566,645277,663586,643289,657041,671739,660670,54.3,,,,,,,,10,1,Curveball,0,1,0,1,1,0,0,1,Standard,Standard,350,-0.002,-0.046,63.6,9.1,20.130406008,,0.046,,-1,-1,0.407,0.407,31,31,32,31,1,0,,,,,3.81,0.0,0.0,,33.67276308006259,-71.98098519636706,35.895937989449735,29.47888138016935,70.19821803974497,10,4
FF,2026-10-04,95.5,1.79,5.24,"Kerr, Ray",660271,678061,strikeout,swinging_strike,,,,,12,Shohei Ohtani strikes out swinging.,D,L,L,LAD,ATL,S,2,,1,2,2026,0.65,1.01,1.204059210238,2.661949234640028,,,,1,1,Bot,,,,,,,-3.000260463581747,-139.18815169080247,-3.307201002638159,9.173470079179406,29.849450916085218,-18.524430643867493,3.369201116,1.700344488,,,,95.5,2170,6.1,849823,686948,621566,645277,663586,643289,657041,671739,660670,54.38,,0.0,0.0,1,0,0,,9,4,4-Seam Fastball,0,1,0,1,1,0,0,1,Infield shade,Strategic,138,-0.012,-0.182,76.5,6.6,0.44393046,,0.182,,-1,-1,0.419,0.419,31,31,32,32,1,0,,,,,1.47,0.65,0.65,,-4.386423611647952,19.1621913887134,46.40517056572531,26.682630510935915,16.747504160776316,10,4
FC,2026-10-04,92.3,1.8,5.17,"Kerr, Ray",660271,678061,,ball,,,,,13,,D,L,L,LAD,ATL,B,,,0,2,2026,0.24,0.8,-1.6453625233239948,1.1459858312766855,,,,1,1,Bot,,,,,,,-9.15018285548986,-134.1311757914403,-5.975574260304929,4.722942063935387,26.558132771779373,-21.35987694212325,3.369201116,1.700344488,,,,92.4,2123,6.2,849823,686948,621566,645277,663586,643289,657041,671739,660670,54.26,,,,,,,,9,3,Cutter,0,1,0,1,1,0,0,1,Infield shade,Strategic,139,0.002,0.019,,,,,-0.019,,-1,-1,0.417,0.417,31,31,32,32,1,0,,,,,1.86,0.24,0.24,,,,,,,10,4
FC,2026-10-04,91.3,1.7,5.33,"Kerr, Ray",660271,678061,,swinging_strike,,,,,13,,D,L,L,LAD,ATL,S,,,0,1,2026,0.12,0.59,-1.2028566073810265,1.93996433383508,,,,1,1,Bot,,,,,,,-7.451342205792232,-132.86106733784854,-3.7709102952698297,2.865275710850077,26.320361291328936,-24.55048121763415,3.369201116,1.700344488,,,,91.3,2019,6.1,849823,686948,621566,645277,663586,643289,657041,671739,660670,54.38,,,,,,,,9,2,Cutter,0,1,0,1,1,0,0,1,Infield shade,Strategic,142,-0.004,-0.057,75.5,9.0,4.520024376,,0.057,,-1,-1,0.421,0.421,31,31,32,32,1,0,,,,,2.13,0.12,0.12,,23.71739382932873,-17.091027062307923,33.324162014915544,55.06662739935534,33.104102736205334,10,4
SI,2026-10-04,94.1,1.7,5.19,"Kerr, Ray",660271,678061,,called_strike,,,,,4,,D,L,L,LAD,ATL,S,,,0,0,2026,0.94,0.79,-0.4459007495233217,2.230939814308225,,,,1,1,Bot,,,,,,,-7.5952319010192415,-136.91597752166234,-3.590003006746414,13.484944061762704,27.49728218905199,-21.59690907828619,3.369201116,1.700344488,,,,94.2,1918,6.2,849823,686948,621566,645277,663586,643289,657041,671739,660670,54.34,,,,,,,,9,1,Sinker,0,1,0,1,1,0,0,1,Infield shade,Strategic,142,-0.003,-0.041,,,,,0.041,,-1,-1,0.424,0.424,31,31,32,32,1,0,,,,,1.76,0.94,0.94,,,,,,,10,4
CU,2026-10-04,81.2,1.66,5.4,"Kerr, Ray",605141,678061,field_out,hit_into_play,,,,,4,"Mookie Betts grounds out, shortstop Mauricio Dubón to first baseman Matt Olson.",D,R,L,LAD,ATL,X,6,ground_ball,2,1,2026,0.14,-0.2,-0.3381203708225391,2.3605928993697782,,,,0,1,Bot,113.8,156.24,,,,,-4.672871979171468,-118.24371910249388,0.3365148158582309,2.1427446533845558,21.077334673423174,-34.30192547616688,3.096259843,1.562598425,14,98.0,-9,81.1,1972,6.0,849823,686948,621566,645277,663586,643289,657041,671739,660670,54.47,0.255,0.26,0.0,1,0,0,2,8,4,Curveball,0,1,0,1,1,0,0,1,Standard,Strategic,316,-0.028,-0.309,65.3,6.3,,0.317,0.309,98.0,-1,-1,0.452,0.452,31,33,32,34,1,0,,,,,3.63,0.14,-0.14,,1.7726581281949991,3.1895027119004733,28.053475270258225,34.426044686923944,28.84711455429715,10,4
CU,2026-10-04,81.6,1.92,5.26,"Kerr, Ray",605141,678061,,called_strike,,,,,6,,D,R,L,LAD,ATL,S,,,2,0,2026,-0.09,-0.15,0.5402138956685018,2.1023336587052834,,,,0,1,Bot,,,,,,,-2.876503750169188,-118.94457582220436,-0.0878684278124466,-0.3830985844218929,21.512240621210555,-33.767400304761054,3.096259843,1.562598425,,,,82.0,1943,6.3,849823,686948,621566,645277,663586,643289,657041,671739,660670,54.19,,,,,,,,8,3,Curveball,0,1,0,1,1,0,0,1,Standard,Strategic,327,-0.007,-0.073,,,,,0.073,,-1,-1,0.459,0.459,31,33,32,34,1,0,,,,,3.54,-0.09,0.09,,,,,,,10,4
FF,2026-10-04,93.8,1.51,5.36,"Kerr, Ray",605141,678061,,ball,,,,,11,,D,R,L,LAD,ATL,B,,,1,0,2026,0.61,1.16,-1.2265161241493985,2.35594527516934,,,,0,1,Bot,,,,,,,-8.323477706846756,-136.27685865764144,-4.407300030261856,9.469203293855823,30.18907293045884,-16.93475869106395,3.096259843,1.562598425,,,,93.3,2142,6.1,849823,686948,621566,645277,663586,643289,657041,671739,660670,54.39,,,,,,,,8,2,4-Seam Fastball,0,1,0,1,1,0,0,1,Standard,Strategic,139,0.007,0.081,,,,,-0.081,,-1,-1,0.452,0.452,31,33,32,34,1,0,,,,,1.44,0.61,-0.61,,,,,,,10,4
FF,2026-10-04,94.4,1.69,5.19,"Kerr, Ray",605141,678061,,ball,,,,,13,,D,R,L,LAD,ATL,B,,,0,0,2026,0.83,1.09,-0.3804928515951977,0.8301899453489447,,,,0,1,Bot,,,,,,,-7.176258025281425,-137.14229553489918,-7.838578537785171,12.043281217585768,31.602357876716667,-16.81643081060064,3.096259843,1.562598425,,,,94.2,2163,6.3,849823,686948,621566,645277,663586,643289,657041,671739,660670,54.17,,,,,,,,8,1,4-Seam Fastball,0,1,0,1,1,0,0,1,Standard,Strategic,139,0.004,0.042,,,,,-0.042,,-1,-1,0.448,0.448,31,33,32,34,1,0,,,,,1.48,0.83,-0.83,,,,,,,10,4
CU,2026-10-04,82.6,1.76,6.63,"Snell, Blake",669221,605483,strikeout,swinging_strike,,,,,13,Sean Murphy strikes out swinging.,D,R,L,LAD,ATL,S,2,,1,2,2026,-1.3,-0.85,-0.392792145099699,1.1056862910984369,621566,645277,643289,2,1,Top,,,,,,,-2.280347904274693,-120.25139655912996,-4.123173763194157,-12.16044043397726,24.24475162389341,-39.79587256975031,3.326197507,1.678641732,,,,83.4,2523,6.9,849823,669257,518692,669242,500743,605141,606192,681624,663656,53.62,,0.0,0.0,1,0,0,,7,4,Curveball,0,1,1,0,1,0,1,0,Standard,Standard,325,0.046,-0.173,71.7,8.9,1.273475556,,0.173,,-1,1,0.402,0.598,33,31,34,32,1,0,,,,,4.2,-1.3,1.3,,16.078204192701257,-10.866163384689598,37.1714674521158,36.19461058873053,34.52677094683259,10,4
CU,2026-10-04,81.5,1.77,6.65,"Snell, Blake",669221,605483,,swinging_strike,,,,,7,,D,R,L,LAD,ATL,S,,,1,1,2026,-1.36,-0.8,-0.3162398931271096,1.826759064279296,621566,645277,643289,2,1,Top,,,,,,,-1.9838336559749608,-118.75780384722678,-2.426471024335555,-12.428696999240945,23.44044044249821,-39.46470505088973,3.326197507,1.678641732,,,,82.2,2661,6.8,849823,669257,518692,669242,500743,605141,606192,681624,663656,53.74,,,,,,,,7,3,Curveball,0,1,1,0,1,0,1,0,Standard,Standard,325,0.017,-0.066,69.1,8.2,1.166638776,,0.066,,-1,1,0.385,0.615,33,31,34,32,1,0,,,,,4.23,-1.36,1.36,,9.132092718939797,-3.814216479122146,29.33824234402373,37.80372059353206,28.803974814807795,10,4
CU,2026-10-04,80.3,1.75,6.65,"Snell, Blake",669221,605483,,called_strike,,,,,3,,D,R,L,LAD,ATL,S,,,1,0,2026,-0.97,-0.95,0.5655619950371008,2.904487940279296,621566,645277,643289,2,1,Top,,,,,,,-0.7241863107974544,-116.97617325484968,0.4510809108107763,-8.758896926689722,22.36829057308421,-41.148727667419806,3.326197507,1.678641732,,,,80.9,2602,6.6,849823,669257,518692,669242,500743,605141,606192,681624,663656,53.86,,,,,,,,7,2,Curveball,0,1,1,0,1,0,1,0,Standard,Standard,328,0.012,-0.04,,,,,0.04,,-1,1,0.373,0.627,33,31,34,32,1,0,,,,,4.48,-0.97,0.97,,,,,,,10,4
FF,2026-10-04,97.5,1.79,6.61,"Snell, Blake",669221,605483,,ball,,,,,13,,D,R,L,LAD,ATL,B,,,0,0,2026,0.4,1.44,-1.0859332949403286,1.9010375230160772,621566,645277,643289,2,1,Top,,,,,,,-8.624260342032967,-141.51622105582143,-10.337494487989964,7.284151605604693,31.4552164860384,-10.622990875757136,3.326197507,1.678641732,,,,98.4,2531,6.9,849823,669257,518692,669242,500743,605141,606192,681624,663656,53.63,,,,,,,,7,1,4-Seam Fastball,0,1,1,0,1,0,1,0,Standard,Standard,154,-0.009,0.029,,,,,-0.029,,-1,1,0.382,0.618,33,31,34,32,1,0,,,,,0.97,0.4,-0.4,,,,,,,10,4
FF,2026-10-04,97.3,1.88,6.57,"Snell, Blake",643289,605483,single,hit_into_play,,,,,12,Mauricio Dubón singles on a ground ball to shortstop Mookie Betts. Ronald Acuña Jr. scores. Matt Olson to 3rd. Ozzie Albies to 2nd.,D,R,L,LAD,ATL,X,6,ground_ball,1,2,2026,0.26,1.55,0.6117371509529739,3.48840713940416,660670,621566,645277,2,1,Top,117.53,140.46,,,,,-3.987065144930981,-141.62133421093318,-6.23175662734612,4.3490259941502405,31.376263571046984,-10.043585297265716,3.17085794,1.600246063,44,83.7,-1,98.2,2564,6.7,849823,669257,518692,669242,500743,605141,606192,681624,663656,53.76,0.204,0.19,0.9,1,1,0,2,6,4,4-Seam Fastball,0,0,0,0,1,0,1,0,Standard,Standard,155,-0.115,0.615,62.3,7.2,,0.222,-0.615,88.0,0,0,0.497,0.503,33,31,34,32,1,0,,,,,0.85,0.26,-0.26,,2.399618397084386,9.938885543088016,17.84625138209003,42.36819795891147,22.41789467923198,10,4
FF,2026-10-04,97.8,1.83,6.63,"Snell, Blake",643289,605483,,swinging_strike,,,,,11,,D,R,L,LAD,ATL,S,,,1,1,2026,0.49,1.57,-0.0860788272846393,4.231958391951953,660670,621566,645277,2,1,Top,,,,,,,-6.299518624018426,-142.31046708609992,-4.500544708634934,8.060602347172654,32.43853105014264,-10.01704779351607,3.17085794,1.600246063,,,,98.7,2583,6.8,849823,669257,518692,669242,500743,605141,606192,681624,663656,53.72,,,,,,,,6,3,4-Seam Fastball,0,0,0,0,0,0,0,0,Standard,Standard,158,0.018,-0.066,55.1,5.3,4.240201944,,0.066,,0,0,0.479,0.521,33,31,34,32,1,0,,,,,0.81,0.49,-0.49,,-6.101636094028979,60.52102287228561,20.73010230846233,32.13803804413624,1.7619452852808744,10,4
FF,2026-10-04,96.5,1.9,6.57,"Snell, Blake",643289,605483,,called_strike,,,,,11,,D,R,L,LAD,ATL,S,,,1,0,2026,0.28,1.63,-0.836691388903049,3.378981783047526,660670,621566,645277,2,1,Top,,,,,,,-7.908883930649096,-140.31306923416963,-6.541015268072909,5.439133174355949,31.45247681794748,-9.359694616420962,3.17085794,1.600246063,,,,97.4,2526,6.8,849823,669257,518692,669242,500743,605141,606192,681624,663656,53.69,,,,,,,,6,2,4-Seam Fastball,0,0,0,0,0,0,0,0,Standard,Standard,153,0.013,-0.04,,,,,0.04,,0,0,0.466,0.534,33,31,34,32,1,0,,,,,0.82,0.28,-0.28,,,,,,,10,4
FF,2026-10-04,96.5,1.83,6.7,"Snell, Blake",643289,605483,,ball,,,,,11,,D,R,L,LAD,ATL,B,,,0,0,2026,0.33,1.56,-0.0751669097995876,5.339312272099036,660670,621566,645277,2,1,Top,,,,,,,-5.806323469373165,-140.5228100552322,-1.5490537365598225,5.675413741178244,31.623098224315623,-11.287784121517308,3.17085794,1.600246063,,,,97.1,2528,6.6,849823,669257,518692,669242,500743,605141,606192,681624,663656,53.92,,,,,,,,6,1,4-Seam Fastball,0,0,0,0,0,0,0,0,Standard,Standard,160,-0.009,0.029,,,,,-0.029,,0,0,0.475,0.525,33,31,34,32,1,0,,,,,0.88,0.33,-0.33,,,,,,,10,4
FF,2026-10-04,96.4,2.02,6.62,"Snell, Blake",671739,605483,field_out,hit_into_play,,,,,12,Michael Harris II pops out to third baseman Miguel Rojas in foul territory.,D,L,L,LAD,ATL,X,5,popup,0,0,2026,0.38,1.52,0.8667026619206599,2.9596599197285567,660670,621566,645277,1,1,Top,99.11,194.75,,,,,-3.915755645701682,-140.1533858605036,-7.455686064427227,5.875943362843233,33.93561484361975,-10.659861452473804,3.181389436,1.605561024,54,68.5,80,96.8,2541,6.7,849823,669257,518692,669242,500743,605141,606192,681624,663656,53.78,0.003,0.003,0.0,1,0,0,3,5,1,4-Seam Fastball,0,0,0,0,0,0,0,0,Standard,Standard,158,0.074,-0.169,77.5,7.9,,0.003,0.169,88.0,0,0,0.401,0.599,33,25,34,25,1,0,,,,,0.95,0.38,0.38,,13.541642085201062,-8.138532854118012,32.52989900766781,26.5777796784188,28.6883142534438,10,4
CU,2026-10-04,81.7,1.79,6.6,"Snell, Blake",645277,605483,walk,ball,,,,,13,Ozzie Albies walks. Ronald Acuña Jr. to 3rd. Matt Olson to 2nd.,D,R,L,LAD,ATL,B,,,3,2,2026,-0.86,-0.85,-1.2047631032052828,1.177112156411035,,660670,621566,1,1,Top,,,,,,,-5.008157809149657,-118.9313784647792,-3.706302253416546,-7.126060025176496,23.29958929663255,-39.67887986239007,2.984801509,1.506348425,,,,82.2,2627,6.6,849823,669257,518692,669242,500743,605141,606192,681624,663656,53.86,,0.69822,0.7,1,0,0,,4,8,Curveball,0,0,0,0,0,0,0,0,Standard,Standard,321,-0.05,0.294,,,,,-0.294,,0,0,0.451,0.549,33,29,34,29,1,0,,,,,4.26,-0.86,0.86,,,,,,,10,4
FF,2026-10-04,97.1,1.86,6.63,"Snell, Blake",645277,605483,,ball,,,,,11,,D,R,L,LAD,ATL,B,,,2,2,2026,0.25,1.45,-0.8731017078717416,4.168350829004346,,660670,621566,1,1,Top,,,,,,,-7.840178556190472,-141.18323132179904,-4.267209516498776,5.177959106645571,33.32594920907253,-11.960249104562507,2.984801509,1.506348425,,,,97.6,2493,6.7,849823,669257,518692,669242,500743,605141,606192,681624,663656,53.81,,,,,,,,4,7,4-Seam Fastball,0,0,0,0,0,0,0,0,Standard,Standard,155,-0.016,0.092,,,,,-0.092,,0,0,0.467,0.533,33,29,34,29,1,0,,,,,0.97,0.25,-0.25,,,,,,,10,4
CU,2026-10-04,80.9,1.69,6.53,"Snell, Blake",645277,605483,,blocked_ball,,,,,13,,D,R,L,LAD,ATL,B,,,1,2,2026,-0.74,-0.95,-0.5782930505329766,-1.39861972261689,,660670,621566,1,1,Top,,,,,,,-3.560277927851964,-117.51510526198092,-8.76366354736537,-6.017861878040248,25.419088841213355,-39.20051035413231,2.984801509,1.506348425,,,,80.9,2410,6.7,849823,669257,518692,669242,500743,605141,606192,681624,663656,53.79,,,,,,,,4,6,Curveball,0,0,0,0,0,0,0,0,Standard,Standard,334,-0.007,0.058,,,,,-0.058,,0,0,0.474,0.526,33,29,34,29,1,0,,,,,4.48,-0.74,0.74,,,,,,,10,4
SL,2026-10-04,89.7,1.85,6.63,"Snell, Blake",645277,605483,,foul,,,,,1,,D,R,L,LAD,ATL,S,,,1,2,2026,-0.21,0.43,-0.776034618182176,2.6460162302284336,,660670,621566,1,1,Top,,,,,,,-6.038416818182232,-130.69581369622173,-4.680001783751213,-1.3003579503333191,23.39267738796981,-26.564960986910915,2.984801509,1.506348425,317,104.2,18,91.2,2338,6.8,849823,669257,518692,669242,500743,605141,606192,681624,663656,53.71,,,,,,,,4,5,Slider,0,0,0,0,0,0,0,0,Standard,Standard,173,0.0,0.0,66.7,7.2,,,0.0,104.2,0,0,0.474,0.526,33,29,34,29,1,0,,,,,2.37,-0.21,0.21,,25.39020226516764,-30.738718011030254,32.4087974241719,16.903413136614116,48.37214764926243,10,4
FF,2026-10-04,97.3,1.8,6.59,"Snell, Blake",645277,605483,,foul,,,,,1,,D,R,L,LAD,ATL,S,,,1,2,2026,0.46,1.39,-0.5239457707026052,2.901976389855231,,660670,621566,1,1,Top,,,,,,,-7.231779761306837,-141.4410540601866,-7.416351177888942,7.779305772412108,32.36679907414569,-11.931741263877376,2.984801509,1.506348425,97,103.5,4,97.7,2535,6.6,849823,669257,518692,669242,500743,605141,606192,681624,663656,53.94,,,,,,,,4,4,4-Seam Fastball,0,0,0,0,0,0,0,0,Standard,Standard,156,0.0,0.0,71.7,6.7,,,0.0,103.5,0,0,0.474,0.526,33,29,34,29,1,0,,,,,1.02,0.46,-0.46,,11.539552832071012,-15.606037429619024,27.497377194079,18.49742613280756,40.40575746201348,10,4
FF,2026-10-04,96.8,1.91,6.56,"Snell, Blake",645277,605483,,swinging_strike,,,,,1,,D,R,L,LAD,ATL,S,,,1,1,2026,0.51,1.5,-0.3077914556899418,3.086608004648385,,660670,621566,1,1,Top,,,,,,,-7.084737422584537,-140.68411240769538,-7.023854529953128,8.392185857529535,31.968967672050585,-10.843537503492817,2.984801509,1.506348425,,,,97.7,2449,6.9,849823,669257,518692,669242,500743,605141,606192,681624,663656,53.64,,,,,,,,4,3,4-Seam Fastball,0,0,0,0,0,0,0,0,Standard,Standard,151,0.012,-0.064,56.2,4.9,0.1,,0.064,,0,0,0.462,0.538,33,29,34,29,1,0,,,,,0.94,0.51,-0.51,,-14.397747296843448,31.1224094565316,43.03421301988089,19.828428318702397,16.92114196965298,10,4
FF,2026-10-04,97.3,1.8,6.56,"Snell, Blake",645277,605483,,ball,,,,,11,,D,R,L,LAD,ATL,B,,,0,1,2026,0.32,1.28,-0.381354282515614,3.552043441486447,,660670,621566,1,1,Top,,,,,,,-6.575474987803057,-141.429251112971,-5.330539853124614,5.893551432507052,33.33184047263032,-13.939804828485642,2.984801509,1.506348425,,,,97.7,2502,6.7,849823,669257,518692,669242,500743,605141,606192,681624,663656,53.83,,,,,,,,4,2,4-Seam Fastball,0,0,0,0,0,0,0,0,Standard,Standard,154,-0.005,0.028,,,,,-0.028,,0,0,0.467,0.533,33,29,34,29,1,0,,,,,1.14,0.32,-0.32,,,,,,,10,4
CH,2026-10-04,85.6,2.0,6.56,"Snell, Blake",645277,605483,,foul,,,,,8,,D,R,L,LAD,ATL,S,,,0,0,2026,0.94,0.51,0.2616799470007122,1.8465709007170916,,660670,621566,1,1,Top,,,,,,,-6.001783520522355,-124.50497568177974,-5.632397601058333,11.024775968654978,25.235765182278925,-25.96621152423996,2.984801509,1.506348425,212,101.1,13,86.0,1762,6.6,849823,669257,518692,669242,500743,605141,606192,681624,663656,53.94,,,,,,,,4,1,Changeup,0,0,0,0,0,0,0,0,Standard,Standard,128,0.007,-0.041,62.9,7.7,,,0.041,101.1,0,0,0.46,0.54,33,29,34,29,1,0,,,,,2.61,0.94,-0.94,,12.060021771077295,-21.561366437586592,35.1337233691659,27.925965113012165,42.25835605922534,10,4
FF,2026-10-04,96.9,1.71,6.6,"Snell, Blake",621566,605483,walk,ball,,,,,13,Matt Olson walks.,D,L,L,LAD,ATL,B,,,3,0,2026,0.5,1.57,-0.7302546795562724,1.143235324124733,,660670,,1,1,Top,,,,,,,-7.637927506994436,-140.33516966725867,-12.366153684327507,8.440576575266581,33.84867224991446,-8.629258292186172,3.37183399,1.701673228,,,,97.0,2546,6.7,849823,669257,518692,669242,500743,605141,606192,681624,663656,53.76,,0.69822,0.7,1,0,0,,3,4,4-Seam Fastball,0,0,0,0,0,0,0,0,Standard,Standard,152,-0.008,0.081,,,,,-0.081,,0,0,0.468,0.532,33,32,34,32,1,0,,,,,0.89,0.5,0.5,,,,,,,10,4
CU,2026-10-04,80.2,1.87,6.64,"Snell, Blake",621566,605483,,ball,,,,,12,,D,L,L,LAD,ATL,B,,,2,0,2026,-1.1,-0.7,0.8818442717692079,3.2829473303771373,,,660670,1,1,Top,,,,,,,-0.0432977723689141,-116.72994060653916,0.8608518057002279,-10.004393969676867,22.854766286042505,-38.90698491236455,3.37183399,1.701673228,,,,80.3,2267,6.4,849823,669257,518692,669242,500743,605141,606192,681624,663656,54.1,,,,,,,,3,3,Curveball,0,0,0,0,0,0,0,0,Infield shade,Standard,322,-0.019,0.096,,,,,-0.096,,0,0,0.487,0.513,33,32,34,32,1,0,,,,,4.25,-1.1,-1.1,,,,,,,10,4
FF,2026-10-04,96.6,1.92,6.64,"Snell, Blake",621566,605483,,ball,,,,,11,,D,L,L,LAD,ATL,B,,,1,0,2026,0.43,1.65,-0.1693085045822804,3.8666654272519896,,,660670,1,1,Top,,,,,,,-6.517108442855597,-140.5003884377853,-5.482527643762251,7.181079128729472,31.874507567113117,-9.298616341002267,3.37183399,1.701673228,,,,97.2,2436,6.6,849823,669257,518692,669242,500743,605141,606192,681624,663656,53.85,,,,,,,,3,2,4-Seam Fastball,0,0,0,0,0,0,0,0,Infield shade,Standard,155,-0.007,0.066,,,,,-0.066,,0,0,0.494,0.506,33,32,34,32,1,0,,,,,0.8,0.43,0.43,,,,,,,10,4
FF,2026-10-04,95.7,1.86,6.56,"Snell, Blake",621566,605483,,blocked_ball,,,,,13,,D,L,L,LAD,ATL,B,,,0,0,2026,0.78,1.58,-0.5892470085665378,0.5064419794595918,,,660670,1,1,Top,,,,,,,-8.201017330178347,-138.45877708878714,-13.614149727767938,11.989759597720257,33.27303821187608,-8.85853817388721,3.37183399,1.701673228,,,,95.7,2473,6.8,849823,669257,518692,669242,500743,605141,606192,681624,663656,53.72,,,,,,,,3,1,4-Seam Fastball,0,0,0,0,0,0,0,0,Infield shade,Standard,153,-0.004,0.034,,,,,-0.034,,0,0,0.498,0.502,33,32,34,32,1,0,,,,,0.96,0.78,0.78,,,,,,,10,4
FF,2026-10-04,96.8,1.86,6.7,"Snell, Blake",660670,605483,single,hit_into_play,,,,,4,Ronald Acuña Jr. singles on a line drive to right fielder Kyle Tucker.,D,R,L,LAD,ATL,X,9,line_drive,2,1,2026,0.48,1.46,-0.4984717034195529,2.679487564616542,,,,1,1,Top,168.43,94.35,,,,,-7.37195785339174,-140.56773307308268,-8.363202325720225,8.022908196678697,32.12262298213431,-11.075394893443876,3.200697179,1.615305118,151,95.2,8,97.3,2490,6.7,849823,669257,518692,669242,500743,605141,606192,681624,663656,53.8,0.617,0.576,0.9,1,1,0,4,2,4,4-Seam Fastball,0,0,0,0,0,0,0,0,Standard,Standard,156,-0.022,0.371,82.3,6.6,,0.695,-0.371,95.2,0,0,0.52,0.48,33,28,34,29,1,0,,,,,0.98,0.48,-0.48,,2.0191496326612417,26.96252082551793,36.14370147456588,32.6794600763065,18.818039641253563,10,4
CH,2026-10-04,86.5,2.09,6.52,"Snell, Blake",660670,605483,,called_strike,,,,,6,,D,R,L,LAD,ATL,S,,,2,0,2026,1.2,0.4,0.519407269998164,2.4747951001130266,,,,1,1,Top,,,,,,,-6.2462688577385705,-125.82114577839089,-4.058461353721921,14.054860730523972,25.136435327496336,-27.31297134007308,3.200697179,1.615305118,,,,87.3,1771,6.8,849823,669257,518692,669242,500743,605141,606192,681624,663656,53.69,,,,,,,,2,3,Changeup,0,0,0,0,0,0,0,0,Standard,Standard,129,0.005,-0.068,,,,,0.068,,0,0,0.515,0.485,33,28,34,29,1,0,,,,,2.65,1.2,-1.2,,,,,,,10,4
CH,2026-10-04,88.1,2.19,6.52,"Snell, Blake",660670,605483,,ball,,,,,14,,D,R,L,LAD,ATL,B,,,1,0,2026,1.05,0.87,0.2575422642700691,0.9138530574765378,,,,1,1,Top,,,,,,,-6.891765041044627,-127.94867775207828,-9.1133005299874,12.900338789266472,25.40253016057089,-20.94312179188008,3.200697179,1.615305118,,,,88.8,1948,6.7,849823,669257,518692,669242,500743,605141,606192,681624,663656,53.77,,,,,,,,2,2,Changeup,0,0,0,0,0,0,0,0,Standard,Standard,133,-0.005,0.075,,,,,-0.075,,0,0,0.52,0.48,33,28,34,29,1,0,,,,,2.07,1.05,-1.05,,,,,,,10,4
FF,2026-10-04,96.8,1.88,6.67,"Snell, Blake",660670,605483,,ball,,,,,11,,D,R,L,LAD,ATL,B,,,0,0,2026,0.48,1.42,-0.4619889479152756,3.624794706985593,,,,1,1,Top,,,,,,,-7.314376855729771,-140.65927496253417,-5.677595153532945,8.0096765279137,32.34673445994257,-12.215822237817486,3.200697179,1.615305118,,,,97.4,2464,6.7,849823,669257,518692,669242,500743,605141,606192,681624,663656,53.79,,,,,,,,2,1,4-Seam Fastball,0,0,0,0,0,0,0,0,Standard,Standard,155,-0.002,0.041,,,,,-0.041,,0,0,0.522,0.478,33,28,34,29,1,0,,,,,1.02,0.48,-0.48,,,,,,,10,4
SL,2026-10-04,88.8,1.88,6.65,"Snell, Blake",686948,605483,field_out,hit_into_play,,,,,13,"Drake Baldwin grounds out softly, catcher Will Smith to first baseman Freddie Freeman.",D,L,L,LAD,ATL,X,2,ground_ball,1,0,2026,-0.22,0.35,-1.2210011879105265,2.2242021375970134,,,,0,1,Top,123.94,198.35,,,,,-7.063122415318075,-129.20980237010852,-5.349902737930123,-1.0842201230548951,25.08127305551345,-27.376766463907497,3.205962927,1.617962598,1,54.2,-66,89.6,2428,6.6,849823,669257,518692,669242,500743,605141,606192,681624,663656,53.89,0.177,0.159,0.0,1,0,0,1,1,2,Slider,0,0,0,0,0,0,0,0,Infield shade,Standard,184,0.026,-0.301,57.5,7.7,,0.177,0.301,88.0,0,0,0.496,0.504,33,25,34,25,1,0,,,,,2.53,-0.22,-0.22,,3.1482381840833704,3.3463891882570023,26.46867979501121,51.985952787198485,23.58442472621696,10,4
FF,2026-10-04,97.4,1.82,6.7,"Snell, Blake",686948,605483,,ball,,,,,13,,D,L,L,LAD,ATL,B,,,0,0,2026,0.3,1.45,-1.0985251559162188,1.985074819272976,,,,0,1,Top,,,,,,,-8.449123960778222,-141.250918417074,-10.239388695715345,5.993991108668312,33.51351380781304,-10.577960525528276,3.205962927,1.617962598,,,,97.6,2487,6.7,849823,669257,518692,669242,500743,605141,606192,681624,663656,53.84,,,,,,,,1,1,4-Seam Fastball,0,0,0,0,0,0,0,0,Infield shade,Standard,159,-0.004,0.042,,,,,-0.042,,0,0,0.5,0.5,33,25,34,25,1,0,,,,,0.98,0.3,0.3,,,,,,,10,4
CH,2026-10-03,81.4,-1.08,6.51,"Baker, Bryan",641355,641329,field_out,hit_into_play,,,,,8,Cody Bellinger grounds out to first baseman Jonathan Aranda.,D,L,R,TB,NYY,X,3,ground_ball,2,1,2026,-1.16,0.8,-0.0522351820200663,1.8463154142063365,,,,2,9,Top,158.7,167.52,,,,,4.541243360984005,-118.31629899220538,-5.121596339945871,-11.811647710094103,23.77480813666786,-23.84861935246029,3.344627625,1.687942913,48,92.0,1,81.2,1735,6.3,849835,689414,666018,680700,810938,670764,802415,676356,683748,54.19,0.403,0.363,0.0,1,0,0,2,61,4,Changeup,1,0,0,1,0,1,0,1,Standard,Standard,216,0.041,-0.302,76.2,8.9,,0.451,0.302,92.0,1,-1,0.959,0.041,31,30,32,31,1,3,8,3,,,2.66,1.16,-1.16,57.7,25.89102086197731,-18.91112847026065,36.37036472429842,30.480751222802816,41.746230221864295,10,3
CH,2026-10-03,82.7,-1.02,6.52,"Baker, Bryan",641355,641329,,ball,,,,,12,,D,L,R,TB,NYY,B,,,1,1,2026,-0.95,0.66,1.097978912885611,2.8532921652323915,,,,2,9,Top,,,,,,,6.5821138204218,-120.3306231954752,-2.9164113709171917,-10.477414103136155,23.911929766495277,-25.410673823724263,3.344627625,1.687942913,,,,82.1,1808,5.9,849835,689414,666018,680700,810938,670764,802415,676356,683748,54.58,,,,,,,,61,3,Changeup,1,0,0,1,0,1,0,1,Standard,Standard,210,-0.006,0.054,,,,,-0.054,,1,-1,0.965,0.035,31,30,32,31,1,3,8,3,,,2.68,0.95,-0.95,55.7,,,,,,10,3
FF,2026-10-03,94.3,-0.76,6.53,"Baker, Bryan",641355,641329,,called_strike,,,,,1,,D,L,R,TB,NYY,S,,,1,0,2026,-0.21,1.5,-0.402535134655114,3.190293981384462,,,,2,9,Top,,,,,,,1.4055673758548823,-137.1628472969164,-6.166122213916831,-2.980645504022734,32.70010258556065,-12.1377831853672,3.344627625,1.687942913,,,,95.0,2165,6.9,849835,689414,666018,680700,810938,670764,802415,676356,683748,53.61,,,,,,,,61,2,4-Seam Fastball,1,0,0,1,0,1,0,1,Standard,Standard,195,0.006,-0.056,,,,,0.056,,1,-1,0.959,0.041,31,30,32,31,1,3,8,3,,,1.08,0.21,-0.21,57.0,,,,,,10,3
CH,2026-10-03,82.7,-1.04,6.56,"Baker, Bryan",641355,641329,,ball,,,,,14,,D,L,R,TB,NYY,B,,,0,0,2026,-1.11,0.84,0.4353386869193143,1.3693310402905072,,,,2,9,Top,,,,,,,5.523274944051599,-120.13852979618038,-6.6649807351713655,-11.853845534465242,24.39597258108183,-22.944100154950167,3.344627625,1.687942913,,,,82.4,1799,6.3,849835,689414,666018,680700,810938,670764,802415,676356,683748,54.2,,,,,,,,61,1,Changeup,1,0,0,1,0,1,0,1,Standard,Standard,216,-0.004,0.042,,,,,-0.042,,1,-1,0.963,0.037,31,30,32,31,1,3,8,3,,,2.52,1.11,-1.11,58.0,,,,,,10,3
CH,2026-10-03,82.6,-1.02,6.53,"Baker, Bryan",700250,641329,strikeout,called_strike,,,,,6,Ben Rice called out on strikes.,D,L,R,TB,NYY,S,2,,2,2,2026,-1.27,0.77,0.3216280153407083,2.204188451162937,,,,1,9,Top,,,,,,,5.529348519729041,-120.05209068644318,-4.600390667464909,-13.364016774298442,24.130563211090745,-23.982121217385604,3.280561024,1.655610236,,,,82.4,1749,6.3,849835,689414,666018,680700,810938,670764,802415,676356,683748,54.19,,0.0,0.0,1,0,0,,60,5,Changeup,1,0,0,1,0,1,0,1,Infield shade,Strategic,214,0.047,-0.233,,,,,0.233,,1,-1,0.916,0.084,31,27,32,27,1,3,8,3,,,2.58,1.27,-1.27,57.1,,,,,,10,3
CH,2026-10-03,85.8,-1.04,6.48,"Baker, Bryan",700250,641329,,ball,,,,,14,,D,L,R,TB,NYY,B,,,1,2,2026,-1.11,0.85,0.3581750752179644,0.8849039061488935,,,,1,9,Top,,,,,,,5.537310437607376,-124.59495331339085,-8.408362556350996,-12.638242202024909,25.923681396294707,-21.74704206075927,3.280561024,1.655610236,,,,85.7,1832,6.4,849835,689414,666018,680700,810938,670764,802415,676356,683748,54.07,,,,,,,,60,4,Changeup,1,0,0,1,0,1,0,1,Infield shade,Strategic,218,-0.008,0.051,,,,,-0.051,,1,-1,0.924,0.076,31,27,32,27,1,3,8,3,,,2.27,1.11,-1.11,54.5,,,,,,10,3
CH,2026-10-03,86.8,-1.16,6.47,"Baker, Bryan",700250,641329,,swinging_strike,,,,,7,,D,L,R,TB,NYY,S,,,1,1,2026,-1.09,0.59,-0.4149692368637028,1.8257850557688124,,,,1,9,Top,,,,,,,4.033472562383728,-126.2484855901766,-5.858672382414533,-12.509712641223713,26.67203602042491,-24.882324309581666,3.280561024,1.655610236,,,,86.7,1863,6.4,849835,689414,666018,680700,810938,670764,802415,676356,683748,54.14,,,,,,,,60,3,Changeup,1,0,0,1,0,1,0,1,Infield shade,Strategic,214,0.013,-0.07,73.4,8.7,8.123182032,,0.07,,1,-1,0.911,0.089,31,27,32,27,1,3,8,3,,,2.45,1.09,-1.09,53.7,29.70299691585193,-39.064346446272886,31.91292503174641,40.948327533860535,49.4918057148018,10,3
CH,2026-10-03,86.1,-0.93,6.54,"Baker, Bryan",700250,641329,,called_strike,,,,,7,,D,L,R,TB,NYY,S,,,1,0,2026,-1.38,0.81,-0.3713248716426079,1.836598331523593,,,,1,9,Top,,,,,,,4.173063797038759,-125.26615704017236,-6.342703674094909,-15.334379390753304,26.11122050799802,-22.56216595541289,3.280561024,1.655610236,,,,86.3,1828,6.5,849835,689414,666018,680700,810938,670764,802415,676356,683748,53.97,,,,,,,,60,2,Changeup,1,0,0,1,0,1,0,1,Standard,Strategic,216,0.011,-0.049,,,,,0.049,,1,-1,0.9,0.1,31,27,32,27,1,3,8,3,,,2.28,1.38,-1.38,57.6,,,,,,10,3
FF,2026-10-03,96.1,-0.75,6.65,"Baker, Bryan",700250,641329,,ball,,,,,11,,D,L,R,TB,NYY,B,,,0,0,2026,-0.36,1.53,-1.0914016832625886,3.959843398401037,,,,1,9,Top,,,,,,,-0.0536334627659828,-139.78916552352604,-4.760793504789584,-4.688729889955235,35.077752997294525,-11.384173590113951,3.280561024,1.655610236,,,,95.0,2227,6.0,849835,689414,666018,680700,810938,670764,802415,676356,683748,54.55,,,,,,,,60,1,4-Seam Fastball,1,0,0,1,0,1,0,1,Standard,Standard,196,-0.008,0.041,,,,,-0.041,,1,-1,0.908,0.092,31,27,32,27,1,3,8,3,,,0.97,0.36,-0.36,56.7,,,,,,10,3
FF,2026-10-03,96.3,-0.58,6.68,"Baker, Bryan",519317,641329,strikeout,foul_tip,,,,,1,Giancarlo Stanton strikes out on a foul tip.,D,R,R,TB,NYY,S,2,,2,2,2026,-0.34,1.54,-0.5339503251655564,2.923246651897351,,,,0,9,Top,,,,,,,0.9172567082732777,-140.0246637826127,-7.673844194813399,-4.689599358790789,33.51804185005193,-10.384829788709688,3.431512467,1.731791339,,,,96.0,2306,6.3,849835,689414,666018,680700,810938,670764,802415,676356,683748,54.21,,0.0,0.0,1,0,0,,59,5,4-Seam Fastball,1,0,0,1,0,1,0,1,Standard,Standard,194,0.062,-0.232,81.4,8.5,,,0.232,,1,-1,0.846,0.154,31,36,32,37,1,0,8,162,,,0.93,0.34,0.34,57.3,14.076650937730738,-12.5994749542625,25.44789785711912,36.1555002059788,27.556717959351,10,3
CH,2026-10-03,87.3,-1.27,6.45,"Baker, Bryan",519317,641329,,ball,,,,,13,,D,R,R,TB,NYY,B,,,1,2,2026,-1.3,0.76,-0.2111887785968091,0.7890482323747909,,,,0,9,Top,,,,,,,5.222469988814326,-126.85321866053978,-8.75332830769449,-15.054800148259186,26.10462415850042,-22.326668817817826,3.431512467,1.731791339,,,,87.1,1913,6.3,849835,689414,666018,680700,810938,670764,802415,676356,683748,54.23,,,,,,,,59,4,Changeup,1,0,0,1,0,1,0,1,Strategic,Standard,222,-0.011,0.046,,,,,-0.046,,1,-1,0.857,0.143,31,36,32,37,1,0,8,162,,,2.24,1.3,1.3,52.3,,,,,,10,3
CH,2026-10-03,84.6,-1.11,6.6,"Baker, Bryan",519317,641329,,called_strike,,,,,6,,D,R,R,TB,NYY,S,,,1,1,2026,-1.24,0.77,0.6864441436115767,2.8294537835066604,,,,0,9,Top,,,,,,,6.619835523661062,-123.041012685061,-3.778472906236747,-13.869872607215996,24.610904619727915,-23.75955369502121,3.431512467,1.731791339,,,,84.4,1835,6.2,849835,689414,666018,680700,810938,670764,802415,676356,683748,54.31,,,,,,,,59,3,Changeup,1,0,0,1,0,1,0,1,Strategic,Standard,217,0.018,-0.06,,,,,0.06,,1,-1,0.839,0.161,31,36,32,37,1,0,8,162,,,2.42,1.24,1.24,56.4,,,,,,10,3
CH,2026-10-03,86.7,-0.92,6.58,"Baker, Bryan",519317,641329,,ball,,,,,13,,D,R,R,TB,NYY,B,,,0,1,2026,-1.05,0.71,-0.0851060615404157,1.1847173864467384,,,,0,9,Top,,,,,,,4.164307902438467,-126.09642348665724,-7.8925696586369085,-12.016170498649355,26.000781772078746,-23.212951862400903,3.431512467,1.731791339,,,,86.9,1768,6.5,849835,689414,666018,680700,810938,670764,802415,676356,683748,54.02,,,,,,,,59,2,Changeup,1,0,0,1,0,1,0,1,Strategic,Standard,215,-0.007,0.029,,,,,-0.029,,1,-1,0.846,0.154,31,36,32,37,1,0,8,162,,,2.33,1.05,1.05,56.3,,,,,,10,3
FF,2026-10-03,95.6,-0.78,6.6,"Baker, Bryan",519317,641329,,foul,,,,,3,,D,R,R,TB,NYY,S,,,0,0,2026,-0.46,1.64,0.6187565849398857,3.4819195513137413,,,,0,9,Top,,,,,,,4.742752987489537,-138.96131393665078,-6.128315381043522,-7.141132442069685,34.751103171900986,-9.791985967026854,3.431512467,1.731791339,218,80.8,59,96.0,2327,6.9,849835,689414,666018,680700,810938,670764,802415,676356,683748,53.63,,,,,,,,59,1,4-Seam Fastball,1,0,0,1,0,1,0,1,Standard,Standard,198,0.011,-0.041,75.6,8.7,,,0.041,88.0,1,-1,0.835,0.165,31,36,32,37,1,0,8,162,,,0.88,0.46,0.46,55.6,11.762778269281323,10.28608580095131,17.7419288726663,50.45561669467181,13.095926289115916,10,3
FF,2026-10-03,92.4,1.57,6.44,"Headrick, Brent",802415,687396,field_out,hit_into_play,,,,,8,"Chandler Simpson grounds out, second baseman Jazz Chisholm Jr. to first baseman Luis García Jr.",D,L,L,TB,NYY,X,4,ground_ball,2,2,2026,0.64,1.71,-0.0738970515283101,1.688807613517772,,622761,689414,2,8,Bot,152.62,156.89,,,,,-5.638654216572996,-134.14817081730206,-9.86925303346931,9.029479372771148,31.07644797590836,-9.588674286218575,3.177878937,1.60378937,35,96.6,-1,93.3,2167,7.1,849835,669224,671277,665862,641857,806146,641355,663757,682987,53.39,0.443,0.405,0.0,1,0,0,2,58,5,4-Seam Fastball,1,0,1,0,0,1,1,0,Standard,Standard,150,-0.023,-0.232,65.7,7.8,,0.491,0.232,96.6,1,1,0.858,0.858,28,25,29,26,1,3,3,8,,,0.99,0.64,0.64,41.1,7.255678974201555,-5.187389296843844,35.5896699262632,40.02908125591578,27.98776742293639,10,3
FF,2026-10-03,92.8,1.53,6.4,"Headrick, Brent",802415,687396,,blocked_ball,,,,,14,,D,L,L,TB,NYY,B,,,1,2,2026,0.65,1.32,0.3444538192805073,0.4216108456898928,,622761,689414,2,8,Bot,,,,,,,-4.482480796387492,-134.5971793921379,-12.18521737224059,8.880759864753273,31.63077015651664,-13.511524907041876,3.177878937,1.60378937,,,,93.3,2128,7.0,849835,669224,671277,665862,641857,806146,641355,663757,682987,53.54,,,,,,,,58,4,4-Seam Fastball,1,0,1,0,0,1,1,0,Standard,Standard,150,0.004,0.027,,,,,-0.027,,1,1,0.854,0.854,28,25,29,26,1,3,3,8,,,1.36,0.65,0.65,42.0,,,,,,10,3
FF,2026-10-03,92.3,1.73,6.39,"Headrick, Brent",802415,687396,,called_strike,,,,,14,,D,L,L,TB,NYY,S,,,1,1,2026,0.6,1.53,0.8914860619771684,1.6580337380620414,,622761,689414,2,8,Bot,,,,,,,-3.4782830134921428,-134.1001913900795,-9.416224466573771,8.000677748731539,31.780165607064003,-11.79863325735022,3.177878937,1.60378937,,,,93.2,2182,7.1,849835,669224,671277,665862,641857,806146,641355,663757,682987,53.39,,,,,,,,58,3,4-Seam Fastball,1,0,1,0,0,1,1,0,Standard,Standard,147,-0.007,-0.061,,,,,0.061,,1,1,0.861,0.861,28,25,29,26,1,3,3,8,,,1.17,0.6,0.6,41.9,,,,,,10,3
FF,2026-10-03,92.2,1.69,6.45,"Headrick, Brent",802415,687396,,called_strike,,,,,5,,D,L,L,TB,NYY,S,,,1,0,2026,0.48,1.72,-0.0261226369185585,2.127710873570391,,622761,689414,2,8,Bot,,,,,,,-5.441516233078491,-133.83605037960643,-8.735992080131505,7.049332853757618,31.58013318255973,-9.739749337440031,3.177878937,1.60378937,,,,92.8,2225,7.0,849835,669224,671277,665862,641857,806146,641355,663757,682987,53.5,,,,,,,,58,2,4-Seam Fastball,1,0,1,0,0,1,1,0,Standard,Standard,154,-0.003,-0.048,,,,,0.048,,1,1,0.864,0.864,28,25,29,26,1,3,3,8,,,0.99,0.48,0.48,42.7,,,,,,10,3
FF,2026-10-03,92.0,1.7,6.45,"Headrick, Brent",802415,687396,,ball,,,,,13,,D,L,L,TB,NYY,B,,,0,0,2026,0.43,1.66,-1.1928539480665736,2.085044321176896,,622761,689414,2,8,Bot,,,,,,,-8.287148946076819,-133.4225636901879,-8.667415481135551,7.045942436307674,31.721390057545424,-10.559426873621728,3.177878937,1.60378937,,,,92.6,2181,7.0,849835,669224,671277,665862,641857,806146,641355,663757,682987,53.46,,,,,,,,58,1,4-Seam Fastball,1,0,1,0,0,1,1,0,Standard,Standard,147,0.002,0.029,,,,,-0.029,,1,1,0.862,0.862,28,25,29,26,1,3,3,8,,,1.07,0.43,0.43,42.0,,,,,,10,3
SL,2026-10-03,84.1,1.61,6.45,"Headrick, Brent",689414,687396,walk,ball,,,,,13,Liam Hicks walks. Junior Caminero to 2nd.,D,L,L,TB,NYY,B,,,3,2,2026,-0.08,0.67,-0.9025946283708802,0.8897211533120855,,,691406,2,8,Bot,,,,,,,-5.645687104353541,-122.15184171101204,-7.547134415450127,0.4838789178752397,26.712654678252324,-24.075071670911814,3.085728346,1.557283465,,,,84.6,1847,6.9,849835,669224,671277,665862,641857,806146,641355,663757,682987,53.55,,0.69822,0.7,1,0,0,,57,7,Slider,1,0,1,0,0,1,1,0,Infield shade,Standard,157,0.01,0.214,,,,,-0.214,,1,1,0.852,0.852,28,27,29,27,1,3,3,6,,,2.59,-0.08,-0.08,41.8,,,,,,10,3
SL,2026-10-03,84.1,1.73,6.34,"Headrick, Brent",689414,687396,,blocked_ball,,,,,13,,D,L,L,TB,NYY,B,,,2,2,2026,0.08,0.32,-0.612223645966678,0.6120136325229022,,,691406,2,8,Bot,,,,,,,-5.5791385904726125,-122.24959149237104,-7.288136984340276,1.8912766134478007,23.901211521941285,-27.751182032546307,3.085728346,1.557283465,,,,84.9,1933,6.8,849835,669224,671277,665862,641857,806146,641355,663757,682987,53.66,,,,,,,,57,6,Slider,1,0,1,0,0,1,1,0,Infield shade,Standard,172,0.004,0.08,,,,,-0.08,,1,1,0.848,0.848,28,27,29,27,1,3,3,6,,,2.91,0.08,0.08,39.8,,,,,,10,3
FF,2026-10-03,93.2,1.56,6.45,"Headrick, Brent",689414,687396,,foul,,,,,8,,D,L,L,TB,NYY,S,,,2,2,2026,0.58,1.66,-0.2488714642478082,1.875714886939156,,,691406,2,8,Bot,,,,,,,-5.988250331217629,-135.3538820741776,-9.536776783571671,8.493323449133712,31.243520897589462,-9.81751582267809,3.085728346,1.557283465,145,76.9,67,94.3,2271,7.2,849835,669224,671277,665862,641857,806146,641355,663757,682987,53.31,,,,,,,,57,5,4-Seam Fastball,1,0,1,0,0,1,1,0,Infield shade,Standard,151,0.0,0.0,72.8,7.2,,,0.0,88.0,1,1,0.848,0.848,28,27,29,27,1,3,3,6,,,0.99,0.58,0.58,44.6,10.65813990232026,-8.269064860532966,31.663819238572707,38.44427599633927,29.91787218851425,10,3
SL,2026-10-03,83.8,1.61,6.33,"Headrick, Brent",689414,687396,,blocked_ball,,,,,13,,D,L,L,TB,NYY,B,,,1,2,2026,-0.42,0.56,-1.5475057771762524,0.3671209653296463,,,691406,2,8,Bot,,,,,,,-6.4360619746103565,-121.51320891099122,-8.13532484656424,-2.632409524112421,28.44619895620473,-24.999112996967455,3.085728346,1.557283465,,,,84.2,1932,7.2,849835,669224,671277,665862,641857,806146,641355,663757,682987,53.31,,,,,,,,57,4,Slider,1,0,1,0,0,1,1,0,Infield shade,Standard,166,0.003,0.054,,,,,-0.054,,1,1,0.845,0.845,28,27,29,27,1,3,3,6,,,2.76,-0.42,-0.42,42.5,,,,,,10,3
FF,2026-10-03,93.0,1.48,6.41,"Headrick, Brent",689414,687396,,ball,,,,,13,,D,L,L,TB,NYY,B,,,0,2,2026,0.75,1.46,-0.9238028379575768,1.231887629725457,,,691406,2,8,Bot,,,,,,,-7.83912175424026,-134.78977598361672,-10.540368745846862,10.86038937554878,30.724501288979503,-12.227561184739423,3.085728346,1.557283465,,,,93.9,2119,7.1,849835,669224,671277,665862,641857,806146,641355,663757,682987,53.36,,,,,,,,57,3,4-Seam Fastball,1,0,1,0,0,1,1,0,Infield shade,Standard,148,0.001,0.021,,,,,-0.021,,1,1,0.844,0.844,28,27,29,27,1,3,3,6,,,1.21,0.75,0.75,43.8,,,,,,10,3
SL,2026-10-03,84.2,1.66,6.43,"Headrick, Brent",689414,687396,,called_strike,,,,,7,,D,L,L,TB,NYY,S,,,0,1,2026,-0.33,0.65,-0.7432269282709111,1.8435926818207915,,,691406,2,8,Bot,,,,,,,-4.8729040077890415,-122.40859200064578,-5.263380027243121,-2.114823165207024,27.98465211185721,-24.731856736784085,3.085728346,1.557283465,,,,84.3,1901,6.8,849835,669224,671277,665862,641857,806146,641355,663757,682987,53.75,,,,,,,,57,2,Slider,1,0,1,0,0,1,1,0,Infield shade,Standard,171,-0.004,-0.061,,,,,0.061,,1,1,0.848,0.848,28,27,29,27,1,3,3,6,,,2.61,-0.33,-0.33,43.9,,,,,,10,3
SL,2026-10-03,83.0,1.82,6.48,"Headrick, Brent",689414,687396,,called_strike,,,,,8,,D,L,L,TB,NYY,S,,,0,0,2026,-0.1,0.88,0.191638473694734,1.589471320848136,,,691406,2,8,Bot,,,,,,,-3.4951280110961505,-120.6455291849689,-6.175955788516914,-0.2224633642395783,26.10545708021276,-22.533623218342434,3.085728346,1.557283465,,,,83.3,1811,6.8,849835,669224,671277,665862,641857,806146,641355,663757,682987,53.73,,,,,,,,57,1,Slider,1,0,1,0,0,1,1,0,Standard,Standard,159,-0.002,-0.041,,,,,0.041,,1,1,0.85,0.85,28,27,29,27,1,3,3,6,,,2.47,-0.1,-0.1,42.8,,,,,,10,3
SI,2026-10-03,96.1,-1.76,5.86,"Blackburn, Paul",691406,621112,walk,ball,,,,,14,Junior Caminero walks.,D,R,R,TB,NYY,B,,,3,2,2026,-1.29,0.93,0.0721068181815969,0.5476257351448952,,,,2,8,Bot,,,,,,,7.750006180238181,-139.3759585684968,-10.26798005719171,-18.529309596144152,32.25341482512968,-17.842153491993745,3.243700787,1.637007874,,,,95.8,2224,6.3,849835,669224,671277,665862,641857,806146,641355,663757,682987,54.16,,0.69822,0.7,1,0,0,,56,7,Sinker,1,0,1,0,0,1,1,0,Strategic,Standard,210,0.006,0.286,,,,,-0.286,,1,1,0.844,0.844,32,22,33,23,1,3,4,6,,,1.56,1.29,1.29,47.6,,,,,,10,3
CH,2026-10-03,88.6,-1.76,6.15,"Blackburn, Paul",691406,621112,,foul,,,,,3,,D,R,R,TB,NYY,S,,,3,2,2026,-1.07,0.56,0.3806331791574557,2.8584869529303694,,,,2,8,Bot,,,,,,,7.413767476340791,-128.84364820909786,-2.929097366065072,-13.43017129774018,27.22499325720694,-25.570389418532443,3.243700787,1.637007874,115,84.2,77,88.3,1935,6.2,849835,669224,671277,665862,641857,806146,641355,663757,682987,54.3,,,,,,,,56,6,Changeup,1,0,1,0,0,1,1,0,Strategic,Standard,210,0.0,0.0,81.3,9.1,,,0.0,88.0,1,1,0.844,0.844,32,22,33,23,1,3,4,6,,,2.36,1.07,1.07,50.8,12.563269678105206,-16.3665962116774,18.528741517184237,41.83029089326667,47.03790498934179,10,3
CH,2026-10-03,89.6,-1.8,5.99,"Blackburn, Paul",691406,621112,,ball,,,,,14,,D,R,R,TB,NYY,B,,,2,2,2026,-1.34,0.66,0.305210944644501,-0.395911544035415,,,,2,8,Bot,,,,,,,8.02188649990248,-129.86346291133148,-10.829546153865431,-16.918115227293196,28.34435052837856,-22.45136859372617,3.243700787,1.637007874,,,,89.4,2028,6.5,849835,669224,671277,665862,641857,806146,641355,663757,682987,54.02,,,,,,,,56,5,Changeup,1,0,1,0,0,1,1,0,Strategic,Standard,217,0.002,0.085,,,,,-0.085,,1,1,0.842,0.842,32,22,33,23,1,3,4,6,,,2.21,1.34,1.34,49.7,,,,,,10,3
SI,2026-10-03,94.6,-1.76,5.96,"Blackburn, Paul",691406,621112,,called_strike,,,,,9,,D,R,R,TB,NYY,S,,,2,1,2026,-1.37,0.82,0.2944841754324718,1.854355080131585,,,,2,8,Bot,,,,,,,8.3779471378076,-137.44271733613976,-6.628038472330937,-19.2363662036165,31.30587239102929,-20.40401763025242,3.243700787,1.637007874,,,,94.2,2006,6.2,849835,669224,671277,665862,641857,806146,641355,663757,682987,54.27,,,,,,,,56,4,Sinker,1,0,1,0,0,1,1,0,Strategic,Standard,207,-0.002,-0.079,,,,,0.079,,1,1,0.844,0.844,32,22,33,23,1,3,4,6,,,1.74,1.37,1.37,49.0,,,,,,10,3
CH,2026-10-03,88.7,-1.78,6.04,"Blackburn, Paul",691406,621112,,foul,,,,,9,,D,R,R,TB,NYY,S,,,2,0,2026,-1.05,0.67,0.2800483221664036,1.5799597125833238,,,,2,8,Bot,,,,,,,7.167769646015545,-128.91653996817732,-5.998817757564227,-13.20441846222818,26.79864423131183,-23.65834585865736,3.243700787,1.637007874,1,66.8,-53,88.3,1736,6.1,849835,669224,671277,665862,641857,806146,641355,663757,682987,54.36,,,,,,,,56,3,Changeup,1,0,1,0,0,1,1,0,Strategic,Standard,208,-0.001,-0.068,80.1,9.3,,,0.068,88.0,1,1,0.845,0.845,32,22,33,23,1,3,4,6,,,2.24,1.05,1.05,47.8,17.17265216815201,-21.078633782505765,25.203055431155978,40.90798250921997,44.10067770135886,10,3
ST,2026-10-03,82.7,-1.87,5.92,"Blackburn, Paul",691406,621112,,ball,,,,,14,,D,R,R,TB,NYY,B,,,1,0,2026,1.63,-0.43,2.5089099483354262,2.25104574479444,,,,2,8,Bot,,,,,,,6.589575320333114,-120.17554820011276,-0.6445833524635771,14.064333946727304,27.83770416965032,-36.39594278739645,3.243700787,1.637007874,,,,81.7,2838,6.2,849835,669224,671277,665862,641857,806146,641355,663757,682987,54.33,,,,,,,,56,2,Sweeper,1,0,1,0,0,1,1,0,Strategic,Standard,48,0.001,0.065,,,,,-0.065,,1,1,0.844,0.844,32,22,33,23,1,3,4,6,,,3.83,-1.63,-1.63,44.3,,,,,,10,3
SI,2026-10-03,94.7,-1.65,6.04,"Blackburn, Paul",691406,621112,,ball,,,,,12,,D,R,R,TB,NYY,B,,,0,0,2026,-1.31,0.84,0.3070090282118609,3.663099602690717,,,,2,8,Bot,,,,,,,8.002007825971953,-137.65879630384174,-2.2190747576482552,-18.48120635750421,31.235768494101738,-21.24053615910328,3.243700787,1.637007874,,,,94.4,2097,6.2,849835,669224,671277,665862,641857,806146,641355,663757,682987,54.3,,,,,,,,56,1,Sinker,1,0,1,0,0,1,1,0,Infield shade,Standard,205,0.001,0.042,,,,,-0.042,,1,1,0.843,0.843,32,22,33,23,1,3,4,6,,,1.71,1.31,1.31,46.2,,,,,,10,3
FF,2026-10-03,93.8,-1.94,5.91,"Blackburn, Paul",666018,621112,field_out,hit_into_play,,,,,6,Jonathan Aranda lines out to left fielder Cody Bellinger.,D,L,R,TB,NYY,X,7,line_drive,1,2,2026,-0.52,1.46,0.6453241684369263,2.1112011999810827,,,,1,8,Bot,73.83,112.7,,,,,7.774285817747782,-136.27090086467973,-7.120536630476878,-8.294348455701824,31.51751128865357,-12.533632543104265,3.189288058,1.609547244,253,84.0,22,93.5,2149,6.3,849835,669224,671277,665862,641857,806146,641355,663757,682987,54.16,0.514,0.469,0.0,1,0,0,3,55,4,4-Seam Fastball,1,0,1,0,0,1,1,0,Infield shade,Standard,214,-0.007,-0.182,61.5,6.1,,0.608,0.182,88.0,1,1,0.85,0.85,32,28,33,28,1,3,4,6,,,1.15,0.52,-0.52,44.1,-2.402552936417873,8.336985766684537,44.79144790948247,27.94838949761044,17.303308525179112,10,3
SI,2026-10-03,93.2,-1.83,6.0,"Blackburn, Paul",666018,621112,,ball,,,,,12,,D,L,R,TB,NYY,B,,,0,2,2026,-1.09,0.85,0.4650382761855087,3.7610429799009104,,,,1,8,Bot,,,,,,,8.257685283101837,-135.47296996371054,-1.6870226908768648,-15.28656828651462,29.991100941633984,-21.53532535429833,3.189288058,1.609547244,,,,93.0,1966,6.3,849835,669224,671277,665862,641857,806146,641355,663757,682987,54.22,,,,,,,,55,3,Sinker,1,0,1,0,0,1,1,0,Infield shade,Standard,207,0.001,0.019,,,,,-0.019,,1,1,0.849,0.849,32,28,33,28,1,3,4,6,,,1.78,1.09,-1.09,52.8,,,,,,10,3
CU,2026-10-03,81.6,-1.93,6.05,"Blackburn, Paul",666018,621112,,foul,,,,,8,,D,L,R,TB,NYY,S,,,0,1,2026,0.45,-1.57,-0.2053702152213108,1.8714482967513115,,,,1,8,Bot,,,,,,,2.9276502536300457,-118.63804750262364,0.6656748115972275,3.468914749146441,28.446684367377763,-47.1089594986978,3.189288058,1.609547244,3,78.1,-33,80.2,2731,5.9,849835,669224,671277,665862,641857,806146,641355,663757,682987,54.57,,,,,,,,55,2,Curveball,1,0,1,0,0,1,1,0,Infield shade,Standard,27,-0.002,-0.057,75.3,7.7,,,0.057,88.0,1,1,0.851,0.851,32,28,33,28,1,3,4,6,,,5.07,-0.45,0.45,47.2,16.207116053341526,-5.476016635426871,36.4577551512908,39.37290949050485,35.5523372655034,10,3
FF,2026-10-03,94.9,-1.82,6.06,"Blackburn, Paul",666018,621112,,foul,,,,,4,,D,L,R,TB,NYY,S,,,0,0,2026,-0.59,1.62,-0.3136021713699835,2.599087786082906,,,,1,8,Bot,,,,,,,5.2316897606227295,-137.93714752128386,-6.776337976881374,-8.788049385368128,34.624545821494785,-10.208201370797784,3.189288058,1.609547244,203,76.5,42,94.1,2269,6.2,849835,669224,671277,665862,641857,806146,641355,663757,682987,54.3,,,,,,,,55,1,4-Seam Fastball,1,0,1,0,0,1,1,0,Infield shade,Standard,212,-0.002,-0.041,68.4,6.6,,,0.041,88.0,1,1,0.853,0.853,32,28,33,28,1,3,4,6,,,0.94,0.59,-0.59,52.1,-0.781722786556976,19.10567221542199,35.673328909522226,40.76774365851082,17.173686152942455,10,3
FC,2026-10-03,91.8,-1.9,6.04,"Blackburn, Paul",650490,621112,field_out,hit_into_play,,,,,6,Yandy Díaz lines out to second baseman Jazz Chisholm Jr.,D,R,R,TB,NYY,X,4,line_drive,0,1,2026,0.01,0.83,0.6760943031990414,2.2595868339717,,,,0,8,Bot,158.19,154.36,,,,,6.406757944669725,-133.52952204386835,-5.283044074467933,-1.2788726178290242,29.424711277435662,-21.31595068647897,3.227903543,1.629035433,170,104.9,7,91.7,2540,6.3,849835,669224,671277,665862,641857,806146,641355,663757,682987,54.2,0.629,0.581,0.0,1,0,0,4,54,2,Cutter,1,0,1,0,0,1,1,0,Standard,Strategic,182,-0.012,-0.218,73.2,7.8,,0.7,0.218,104.9,1,1,0.865,0.865,32,34,33,35,1,3,4,7,,,1.88,-0.01,-0.01,48.0,-0.8773808106404867,16.47602639267837,26.252219522203287,46.459879608476186,23.259387619569345,10,3
SI,2026-10-03,94.1,-1.73,6.07,"Blackburn, Paul",650490,621112,,called_strike,,,,,3,,D,R,R,TB,NYY,S,,,0,0,2026,-1.13,1.32,0.6159499018630743,3.087262938904108,,,,0,8,Bot,,,,,,,8.503950871594633,-136.6487904926823,-4.727069853583116,-16.12716046180486,31.564342196537883,-14.815609125562483,3.227903543,1.629035433,,,,93.4,2283,6.1,849835,669224,671277,665862,641857,806146,641355,663757,682987,54.4,,,,,,,,54,1,Sinker,1,0,1,0,0,1,1,0,Standard,Strategic,206,-0.002,-0.041,,,,,0.041,,1,1,0.867,0.867,32,34,33,35,1,3,4,7,,,1.28,1.13,1.13,47.9,,,,,,10,3
SI,2026-10-03,94.3,-1.89,5.73,"Rasmussen, Drew",669224,656876,double,hit_into_play,,,,,6,"Austin Wells doubles (1) on a sharp line drive to right fielder Victor Mesa Jr. Austin Wells out at 3rd on the throw, right fielder Victor Mesa Jr. to shortstop Taylor Walls to third baseman Junior Caminero.",D,L,R,TB,NYY,X,9,line_drive,1,0,2026,-1.22,0.91,0.4012398818290166,2.44389633689545,,,,2,8,Top,217.65,107.56,,,,,8.669375355583895,-136.96418873762892,-4.695482403049977,-17.30730599738567,30.57655497639709,-19.83859534465861,3.254232283,1.642322835,201,107.8,11,94.6,2504,6.6,849835,689414,666018,680700,691406,670764,802415,676356,683748,53.92,0.946,0.961,1.25,1,1,1,5,53,2,Sinker,1,0,0,1,0,1,0,1,Standard,Standard,209,0.03,0.526,79.8,7.5,,1.284,-0.526,107.8,1,-1,0.837,0.163,30,26,31,27,3,2,11,3,,,1.66,1.22,-1.22,46.1,25.381641713758658,-9.112402732443986,35.04561400544509,28.10722133508046,37.11495931075444,10,3
FC,2026-10-03,88.5,-2.04,5.89,"Rasmussen, Drew",669224,656876,,ball,,,,,14,,D,L,R,TB,NYY,B,,,0,0,2026,0.41,0.11,0.2463082722147919,1.2772253460845278,,,,2,8,Top,,,,,,,4.6443256118817295,-128.79417881271877,-5.198205096794213,3.604717192860506,26.146867033901927,-30.04926658960944,3.254232283,1.642322835,,,,88.8,2651,6.4,849835,689414,666018,680700,691406,670764,802415,676356,683748,54.06,,,,,,,,53,1,Cutter,1,0,0,1,0,1,0,1,Standard,Standard,135,-0.003,0.042,,,,,-0.042,,1,-1,0.84,0.16,30,26,31,27,3,2,11,3,,,2.79,-0.41,0.41,51.9,,,,,,10,3
CH,2026-10-03,89.4,-1.82,5.85,"Rasmussen, Drew",663757,656876,field_out,hit_into_play,,,,,5,"Trent Grisham grounds out, second baseman Richie Palacios to first baseman Jonathan Aranda.",D,L,R,TB,NYY,X,4,ground_ball,1,2,2026,-0.66,0.74,-0.0930240670461077,2.2115781682752416,,,,1,8,Top,153.13,155.37,,,,,5.673927163937657,-130.14165202380275,-4.37211031977324,-8.702297596776132,26.21990730815548,-23.08315472258585,3.138385827,1.583858268,89,99.1,5,90.2,947,6.7,849835,689414,666018,680700,691406,670764,802415,676356,683748,53.84,0.574,0.54,0.0,1,0,0,4,52,4,Changeup,1,0,0,1,0,1,0,1,Infield shade,Standard,215,0.029,-0.182,76.0,7.3,,0.641,0.182,99.1,1,-1,0.811,0.189,30,29,31,30,3,2,11,3,,,2.1,0.66,-0.66,53.5,14.08975383992118,4.701329910086521,27.67368495154353,40.03141130170358,28.336745494710065,10,3
CH,2026-10-03,88.4,-1.83,5.84,"Rasmussen, Drew",663757,656876,,called_strike,,,,,1,,D,L,R,TB,NYY,S,,,1,1,2026,-0.4,0.09,-0.5344064672001341,3.054709843844123,,,,1,8,Top,,,,,,,3.967843791112821,-128.83556604555645,-0.7825318771654475,-5.296014754572224,24.786720804848343,-31.194985796012844,3.138385827,1.583858268,,,,88.8,1373,6.3,849835,689414,666018,680700,691406,670764,802415,676356,683748,54.19,,,,,,,,52,3,Changeup,1,0,0,1,0,1,0,1,Standard,Standard,235,0.01,-0.07,,,,,0.07,,1,-1,0.801,0.199,30,29,31,30,3,2,11,3,,,2.8,0.4,-0.4,52.2,,,,,,10,3
FC,2026-10-03,86.7,-1.9,5.97,"Rasmussen, Drew",663757,656876,,foul,,,,,5,,D,L,R,TB,NYY,S,,,1,0,2026,0.38,0.12,0.1883837341366231,2.37923009024015,,,,1,8,Top,,,,,,,4.128954400998363,-126.27269084207924,-2.454284858844587,3.349015052781057,24.010357196937317,-30.636537139780035,3.138385827,1.583858268,10,96.1,-15,87.1,2606,6.4,849835,689414,666018,680700,691406,670764,802415,676356,683748,54.14,,,,,,,,52,2,Cutter,1,0,0,1,0,1,0,1,Standard,Standard,90,0.008,-0.049,73.9,7.9,,,0.049,96.1,1,-1,0.793,0.207,30,29,31,30,3,2,11,3,,,2.89,-0.38,0.38,51.3,9.39261050246152,-25.123260722931544,22.47017769522335,37.6752498908581,40.40856055635844,10,3
SI,2026-10-03,93.5,-1.87,5.73,"Rasmussen, Drew",663757,656876,,ball,,,,,12,,D,L,R,TB,NYY,B,,,0,0,2026,-1.09,1.3,1.1545389307100755,2.3657468349346003,,,,1,8,Top,,,,,,,10.174727369441008,-135.73805194821307,-5.6006370847135605,-15.78428724492229,30.904897144722064,-14.96778283355848,3.138385827,1.583858268,,,,93.5,2322,6.5,849835,689414,666018,680700,691406,670764,802415,676356,683748,53.97,,,,,,,,52,1,Sinker,1,0,0,1,0,1,0,1,Standard,Standard,209,-0.006,0.041,,,,,-0.041,,1,-1,0.799,0.201,30,29,31,30,3,2,11,3,,,1.32,1.09,-1.09,46.9,,,,,,10,3
FC,2026-10-03,88.9,-2.06,5.95,"Rasmussen, Drew",665862,656876,field_out,hit_into_play,,,,,14,Jazz Chisholm Jr. grounds out to first baseman Jonathan Aranda.,D,L,R,TB,NYY,X,3,ground_ball,0,0,2026,0.28,0.26,0.002018965638729,1.2399323084082077,,,,0,8,Top,150.83,175.64,,,,,4.414182743680962,-129.41908770094642,-5.827137485834517,2.189230783574867,27.476875891055627,-28.17117013142641,3.15593832,1.592716535,1,71.3,-45,89.4,2579,6.6,849835,689414,666018,680700,691406,670764,802415,676356,683748,53.91,0.213,0.192,0.0,1,0,0,2,51,1,Cutter,1,0,0,1,0,1,0,1,Strategic,Standard,169,0.054,-0.259,70.8,7.2,,0.219,0.259,88.0,1,-1,0.745,0.255,30,28,31,28,3,2,11,3,,,2.62,-0.28,0.28,52.1,1.3153514517054747,8.656935022060507,33.4103233524372,36.84406098320737,21.866478201529787,10,3
FF,2026-10-03,94.8,-1.93,5.95,"Blackburn, Paul",670764,621112,field_out,hit_into_play,,,,,3,Taylor Walls pops out to second baseman Jazz Chisholm Jr.,D,L,R,TB,NYY,X,4,popup,2,2,2026,-0.24,1.54,0.3720315172503824,3.0024546657630533,,,,2,7,Bot,151.75,136.59,,,,,6.465396193202007,-137.81478877470087,-5.312647777425707,-4.472116593426376,30.76223810591027,-11.558362503507286,3.055889108,1.542224409,172,78.1,59,94.6,2264,6.2,849835,669224,671277,665862,641857,806146,641355,663757,682987,54.26,0.026,0.026,0.0,1,0,0,3,50,6,4-Seam Fastball,1,0,1,0,0,1,1,0,Infield shade,Standard,201,-0.008,-0.224,70.3,6.9,,0.034,0.224,88.0,1,1,0.753,0.753,32,29,33,30,1,2,4,7,,,1.0,0.24,-0.24,44.8,14.336519751853306,-8.440220688237465,26.665420620564703,32.40889639415173,28.047113169960912,10,3
CH,2026-10-03,87.8,-1.99,6.02,"Blackburn, Paul",670764,621112,,foul,,,,,13,,D,L,R,TB,NYY,S,,,2,2,2026,-1.47,0.49,-1.063497963144884,1.9510718219931225,,,,2,7,Bot,,,,,,,5.276901668999623,-127.72768844633175,-4.508693974131939,-17.17163605195118,26.30162270212444,-26.11277674400144,3.055889108,1.542224409,1,66.3,-65,87.6,1870,6.1,849835,669224,671277,665862,641857,806146,641355,663757,682987,54.35,,,,,,,,50,5,Changeup,1,0,1,0,0,1,1,0,Infield shade,Standard,218,0.0,0.0,67.0,7.7,,,0.0,88.0,1,1,0.753,0.753,32,29,33,30,1,2,4,7,,,2.47,1.47,-1.47,51.5,23.46769671099276,-7.233539508915479,26.167988071674205,49.3766039293289,32.18303837712726,10,3
CU,2026-10-03,82.8,-1.88,6.05,"Blackburn, Paul",670764,621112,,ball,,,,,14,,D,L,R,TB,NYY,B,,,1,2,2026,0.8,-1.65,0.9436750713064028,-0.431793557925519,,,,2,7,Bot,,,,,,,4.757851479989187,-120.34737548293032,-4.518826391378056,6.467362253382879,29.74461117982969,-47.00611403902051,3.055889108,1.542224409,,,,81.7,2901,6.2,849835,669224,671277,665862,641857,806146,641355,663757,682987,54.27,,,,,,,,50,4,Curveball,1,0,1,0,0,1,1,0,Infield shade,Standard,26,0.001,0.04,,,,,-0.04,,1,1,0.752,0.752,32,29,33,30,1,2,4,7,,,5.06,-0.8,0.8,50.7,,,,,,10,3
CH,2026-10-03,87.6,-1.9,6.0,"Blackburn, Paul",670764,621112,,ball,,,,,13,,D,L,R,TB,NYY,B,,,0,2,2026,-1.25,0.56,-0.7027924655632309,0.601709411354777,,,,2,7,Bot,,,,,,,5.458877280978317,-127.23622271084469,-7.744893658161986,-14.661364261561426,26.888827734436845,-24.62776132281612,3.055889108,1.542224409,,,,87.3,1900,6.3,849835,669224,671277,665862,641857,806146,641355,663757,682987,54.25,,,,,,,,50,3,Changeup,1,0,1,0,0,1,1,0,Infield shade,Standard,219,0.001,0.029,,,,,-0.029,,1,1,0.751,0.751,32,29,33,30,1,2,4,7,,,2.43,1.25,-1.25,45.7,,,,,,10,3
CH,2026-10-03,87.5,-1.97,6.04,"Blackburn, Paul",670764,621112,,foul_bunt,,,,,14,,D,L,R,TB,NYY,S,,,0,1,2026,-1.19,0.32,0.1047808434858348,0.9968034093113428,,,,2,7,Bot,,,,,,,7.420745640675243,-127.22455960696708,-6.471274708786874,-14.386675410975329,24.171978524053063,-27.6091137172998,3.055889108,1.542224409,,,,87.7,1768,6.3,849835,669224,671277,665862,641857,806146,641355,663757,682987,54.22,,,,,,,,50,2,Changeup,1,0,1,0,0,1,1,0,Standard,Standard,212,-0.002,-0.062,,,,,0.062,88.0,1,1,0.753,0.753,32,29,33,30,1,2,4,7,,,2.64,1.19,-1.19,47.0,,,,,,10,3
FC,2026-10-03,92.1,-1.92,6.02,"Blackburn, Paul",670764,621112,,called_strike,,,,,8,,D,L,R,TB,NYY,S,,,0,0,2026,0.47,0.89,0.239801354904222,1.5731807341190789,,,,2,7,Bot,,,,,,,4.358281752919771,-134.01938496545645,-7.168146421974514,4.7557336481689205,27.543342056011547,-20.173622678963667,3.055889108,1.542224409,,,,92.1,2529,6.2,849835,669224,671277,665862,641857,806146,641355,663757,682987,54.33,,,,,,,,50,1,Cutter,1,0,1,0,0,1,1,0,Standard,Standard,185,-0.002,-0.046,,,,,0.046,,1,1,0.755,0.755,32,29,33,30,1,2,4,7,,,1.79,-0.47,0.47,45.9,,,,,,10,3
SI,2026-10-03,93.4,-1.95,6.01,"Blackburn, Paul",680700,621112,field_out,hit_into_play,,,,,5,"Richie Palacios grounds out, second baseman Jazz Chisholm Jr. to first baseman Luis García Jr.",D,L,R,TB,NYY,X,4,ground_ball,0,0,2026,-1.26,0.41,0.1277753545387099,2.5774264828522098,,,,1,7,Bot,144.53,150.31,,,,,8.075971287251981,-135.852884368462,-3.835361612475366,-17.31323526935758,27.07119275686284,-26.5001723749611,3.040091864,1.534251969,4,85.2,-32,93.6,1799,6.2,849835,669224,671277,665862,641857,806146,641355,663757,682987,54.29,0.043,0.039,0.0,1,0,0,2,49,1,Sinker,1,0,1,0,0,1,1,0,Standard,Standard,214,-0.015,-0.261,68.4,6.2,,0.045,0.261,88.0,1,1,0.77,0.77,32,29,33,29,1,2,4,6,,,2.19,1.26,-1.26,45.2,-1.6047429701537494,11.618897497115908,28.595218949584485,27.750096898472123,24.560366268543145,10,3
ST,2026-10-03,84.0,-1.96,5.86,"Blackburn, Paul",676356,621112,field_out,hit_into_play,,,,,14,Jonny DeLuca pops out to first baseman Luis García Jr. in foul territory.,D,R,R,TB,NYY,X,3,popup,2,2,2026,1.64,-0.06,1.2335839287701458,2.0449339287888204,,,,0,7,Bot,171.93,174.34,,,,,3.973523474656297,-122.2518577099898,-2.001093457357684,15.35039767200792,27.581012222456398,-32.54015992943471,3.133120079,1.581200787,130,67.6,65,83.3,2957,6.2,849835,669224,671277,665862,641857,806146,641355,663757,682987,54.34,0.003,0.003,0.0,1,0,0,3,48,5,Sweeper,1,0,1,0,0,1,1,0,Standard,Standard,51,-0.016,-0.232,76.4,7.7,,0.003,0.232,88.0,1,1,0.786,0.786,32,27,33,28,1,2,4,6,,,3.33,-1.64,-1.64,43.8,6.315771170853771,1.7147891851344657,22.163392437898743,49.06682358102098,34.438917771417564,10,3
ST,2026-10-03,82.9,-1.96,5.94,"Blackburn, Paul",676356,621112,,ball,,,,,14,,D,R,R,TB,NYY,B,,,1,2,2026,1.11,-0.54,1.7697117901586,0.362307928572279,,,,0,7,Bot,,,,,,,6.176171832235001,-120.51454301285982,-4.787300988629352,9.330587376342908,27.120217598387423,-36.56146009034975,3.133120079,1.581200787,,,,82.1,2811,6.2,849835,669224,671277,665862,641857,806146,641355,663757,682987,54.31,,,,,,,,48,4,Sweeper,1,0,1,0,0,1,1,0,Infield shade,Standard,50,0.003,0.046,,,,,-0.046,,1,1,0.783,0.783,32,27,33,28,1,2,4,6,,,3.91,-1.11,-1.11,40.9,,,,,,10,3
SI,2026-10-03,93.9,-1.94,5.93,"Blackburn, Paul",676356,621112,,foul,,,,,1,,D,R,R,TB,NYY,S,,,1,1,2026,-1.34,0.87,-0.332597733096359,2.933919577067937,,,,0,7,Bot,,,,,,,7.100369563889116,-136.5572812907722,-3.7728808292366174,-18.382107844640853,30.38770556170637,-20.632921495006546,3.133120079,1.581200787,117,64.7,71,93.6,2161,6.2,849835,669224,671277,665862,641857,806146,641355,663757,682987,54.32,,,,,,,,48,3,Sinker,1,0,1,0,0,1,1,0,Standard,Standard,211,-0.005,-0.06,69.1,7.0,,,0.06,88.0,1,1,0.788,0.788,32,27,33,28,1,2,4,6,,,1.72,1.34,1.34,43.4,1.155296898236205,10.033603095702937,23.83218803454119,32.33438965694829,24.02628949874459,10,3
CU,2026-10-03,78.3,-1.91,6.19,"Blackburn, Paul",676356,621112,,foul,,,,,8,,D,R,R,TB,NYY,S,,,1,0,2026,0.74,-1.46,0.1735596239458282,1.8981222992447648,,,,0,7,Bot,,,,,,,3.026494987557098,-113.86268584346892,0.674465706777124,5.730358665059674,24.14991819523675,-45.106003698995565,3.133120079,1.581200787,16,91.9,-7,77.3,2688,5.9,849835,669224,671277,665862,641857,806146,641355,663757,682987,54.56,,,,,,,,48,2,Curveball,1,0,1,0,0,1,1,0,Infield shade,Standard,27,-0.004,-0.055,67.3,8.3,,,0.055,91.9,1,1,0.792,0.792,32,27,33,28,1,2,4,6,,,5.23,-0.74,-0.74,46.2,12.762516549816228,-26.98143043274889,19.563764380322763,36.97904608707344,44.8384033625623,10,3
CU,2026-10-03,80.0,-1.84,6.19,"Blackburn, Paul",676356,621112,,ball,,,,,14,,D,R,R,TB,NYY,B,,,0,0,2026,0.61,-1.32,0.6475480896737507,1.0345607995251995,,,,0,7,Bot,,,,,,,4.204013905508911,-116.31887170491105,-1.750937032690485,4.608075835451983,24.752001676390385,-43.87872811042736,3.133120079,1.581200787,,,,79.1,2632,6.0,849835,669224,671277,665862,641857,806146,641355,663757,682987,54.46,,,,,,,,48,1,Curveball,1,0,1,0,0,1,1,0,Infield shade,Standard,29,0.003,0.042,,,,,-0.042,,1,1,0.789,0.789,32,27,33,28,1,2,4,6,,,4.92,-0.61,-0.61,46.6,,,,,,10,3
FF,2026-10-03,97.4,-1.6,6.09,"Rasmussen, Drew",806146,656876,field_out,hit_into_play,,,,,2,George Lombard Jr. flies out sharply to center fielder Jonny DeLuca.,D,R,R,TB,NYY,X,8,fly_ball,1,2,2026,-0.38,1.65,0.1028352461239939,3.3212179741312733,,,,2,7,Top,114.78,41.32,,,,,5.431095646870894,-141.71732099467823,-5.574684933738835,-6.476768893058736,34.29477528518673,-8.867168772044934,3.298991142,1.664911417,390,102.3,35,97.6,2627,6.5,849835,689414,666018,680700,691406,670764,802415,676356,683748,53.97,0.463,0.891,0.0,1,0,0,6,47,4,4-Seam Fastball,1,0,0,1,0,1,0,1,Standard,Standard,198,0.015,-0.184,73.7,7.2,,1.743,0.184,102.3,1,-1,0.774,0.226,30,21,31,21,3,2,11,3,,,0.76,0.38,0.38,56.6,14.281124519945816,1.4888345511535686,27.27802609216535,39.467514018015365,33.932832407755775,10,3
CH,2026-10-03,90.1,-1.76,5.77,"Rasmussen, Drew",806146,656876,,swinging_strike,,,,,14,,D,R,R,TB,NYY,S,,,1,1,2026,-0.54,0.09,0.5991222482844405,1.3813413269619486,,,,2,7,Top,,,,,,,6.973158217263373,-131.10516297065905,-4.909439440857228,-7.630653366313565,26.761831994949247,-30.31724460287621,3.298991142,1.664911417,,,,90.5,1102,6.5,849835,689414,666018,680700,691406,670764,802415,676356,683748,54.04,,,,,,,,47,3,Changeup,1,0,0,1,0,1,0,1,Standard,Standard,240,0.005,-0.065,,,,,0.065,,1,-1,0.769,0.231,30,21,31,21,3,2,11,3,,,2.71,0.54,0.54,49.2,,,,,,10,3
FC,2026-10-03,88.8,-1.9,5.82,"Rasmussen, Drew",806146,656876,,foul,,,,,9,,D,R,R,TB,NYY,S,,,1,0,2026,0.37,0.0,0.3039999441338487,1.570770368030094,,,,2,7,Top,,,,,,,4.563615009818383,-129.18162710805365,-4.077644968249305,3.1499690377007856,28.87118700860129,-31.474921545644403,3.298991142,1.664911417,3,65.6,-30,89.1,2621,6.7,849835,689414,666018,680700,691406,670764,802415,676356,683748,53.84,,,,,,,,47,2,Cutter,1,0,0,1,0,1,0,1,Standard,Standard,124,0.003,-0.056,62.8,7.6,,,0.056,88.0,1,-1,0.766,0.234,30,21,31,21,3,2,11,3,,,2.91,-0.37,-0.37,47.9,11.513300429515214,10.288983120011183,32.78204263632039,41.61292803984317,32.18875878449773,10,3
FF,2026-10-03,96.1,-1.61,6.04,"Rasmussen, Drew",806146,656876,,ball,,,,,14,,D,R,R,TB,NYY,B,,,0,0,2026,-0.29,1.81,1.1280754409659517,1.9972104257850527,,,,2,7,Top,,,,,,,7.875096916228841,-139.41187231194422,-9.02058311315522,-5.745706692973803,34.77187733394366,-6.615686774735198,3.298991142,1.664911417,,,,96.1,2600,6.7,849835,689414,666018,680700,691406,670764,802415,676356,683748,53.76,,,,,,,,47,1,4-Seam Fastball,1,0,0,1,0,1,0,1,Standard,Standard,197,-0.002,0.042,,,,,-0.042,,1,-1,0.768,0.232,30,21,31,21,3,2,11,3,,,0.69,0.29,0.29,59.4,,,,,,10,3
CH,2026-10-03,89.4,-1.91,5.72,"Rasmussen, Drew",682987,656876,strikeout,swinging_strike,,,,,13,Spencer Jones strikes out swinging.,D,L,R,TB,NYY,S,2,,1,2,2026,-0.67,-0.39,-0.2282617580377245,1.1173022315359278,,,,1,7,Top,,,,,,,5.53170102299918,-129.97832662633954,-4.213015851374958,-8.773796266883975,28.58812255982597,-35.83652458024646,3.499967192,1.766338583,,,,89.4,969,6.4,849835,689414,666018,680700,691406,670764,802415,676356,683748,54.06,,0.0,0.0,1,0,0,,46,4,Changeup,1,0,0,1,0,1,0,1,Infield shade,Strategic,250,0.022,-0.182,72.1,9.1,11.133078744,,0.182,,1,-1,0.746,0.254,30,25,31,25,3,2,11,3,,,3.26,0.67,-0.67,46.3,35.82655424832075,-28.36648301822037,45.06021613880291,40.931001693185685,42.25356038041137,10,3
FC,2026-10-03,89.1,-1.98,5.93,"Rasmussen, Drew",682987,656876,,foul,,,,,5,,D,L,R,TB,NYY,S,,,1,1,2026,0.09,0.26,-0.0395967568531231,2.7772030132234726,,,,1,7,Top,,,,,,,4.5098011308115895,-129.64422676759642,-2.059791693353433,0.0852454723841721,27.963680346811028,-29.002610769877563,3.499967192,1.766338583,173,75.2,18,89.4,2690,6.5,849835,689414,666018,680700,691406,670764,802415,676356,683748,53.98,,,,,,,,46,3,Cutter,1,0,0,1,0,1,0,1,Infield shade,Strategic,141,0.008,-0.07,77.0,7.8,,,0.07,88.0,1,-1,0.738,0.262,30,25,31,25,3,2,11,3,,,2.62,-0.09,0.09,49.7,12.83555810898523,3.135243916900385,40.968548597056646,38.89450209641845,18.79445266754917,10,3
FC,2026-10-03,90.4,-1.96,5.95,"Rasmussen, Drew",682987,656876,,ball,,,,,12,,D,L,R,TB,NYY,B,,,0,1,2026,0.36,0.48,0.2578987540024526,4.177743265472798,,,,1,7,Top,,,,,,,4.702110447371618,-131.72182893326502,0.6077768424392969,3.194877401186061,27.08404118692681,-26.87799856487567,3.499967192,1.766338583,,,,90.8,2630,6.4,849835,689414,666018,680700,691406,670764,802415,676356,683748,54.14,,,,,,,,46,2,Cutter,1,0,0,1,0,1,0,1,Infield shade,Strategic,147,-0.003,0.032,,,,,-0.032,,1,-1,0.741,0.259,30,25,31,25,3,2,11,3,,,2.29,-0.36,0.36,49.3,,,,,,10,3
CH,2026-10-03,88.9,-1.86,5.91,"Rasmussen, Drew",682987,656876,,foul,,,,,5,,D,L,R,TB,NYY,S,,,0,0,2026,-0.51,-0.61,-0.2671287322691087,2.418126821943636,,,,1,7,Top,,,,,,,4.9460805814886895,-129.26651179537797,-0.8875771082225521,-6.841752289079714,30.38979677781869,-39.02694114560383,3.499967192,1.766338583,284,89.3,43,88.6,1043,6.4,849835,689414,666018,680700,691406,670764,802415,676356,683748,54.06,,,,,,,,46,1,Changeup,1,0,0,1,0,1,0,1,Infield shade,Strategic,248,0.005,-0.041,77.0,7.5,,,0.041,89.3,1,-1,0.736,0.264,30,25,31,25,3,2,11,3,,,3.53,0.51,-0.51,50.2,5.769064748950188,15.76326808966381,42.8273387338654,41.81250437570039,12.48106982955133,10,3
CH,2026-10-03,89.5,-1.88,5.76,"Rasmussen, Drew",671277,656876,field_out,hit_into_play,,,,,7,"Luis García Jr. grounds out, second baseman Richie Palacios to first baseman Jonathan Aranda.",D,L,R,TB,NYY,X,4,ground_ball,0,2,2026,-0.62,0.26,-0.5295998705781739,2.0647062322627003,,,,0,7,Top,150.09,149.3,,,,,4.654485938267244,-130.29498791805523,-3.447829696561287,-8.108204020515522,28.567116499076363,-28.691120289170623,3.248088911,1.639222441,30,102.8,-3,89.6,988,6.5,849835,689414,666018,680700,691406,670764,802415,676356,683748,54.05,0.415,0.378,0.0,1,0,0,2,45,3,Changeup,1,0,0,1,0,1,0,1,Infield shade,Strategic,238,0.026,-0.165,75.1,7.9,,0.454,0.165,102.8,1,-1,0.71,0.29,30,26,31,26,3,2,11,3,,,2.59,0.62,-0.62,46.8,12.776522774656538,-3.173666698869319,25.537723983511796,42.091648930343,35.46421217085554,10,3
CH,2026-10-03,87.6,-1.89,5.79,"Rasmussen, Drew",671277,656876,,swinging_strike,,,,,8,,D,L,R,TB,NYY,S,,,0,1,2026,-0.57,0.53,-0.1501776996357821,1.8807753091837345,,,,0,7,Top,,,,,,,5.358181951568757,-127.34626717852406,-4.126522083263038,-7.40341611987418,28.90463794763865,-25.744521663606054,3.248088911,1.639222441,,,,87.3,748,6.4,849835,689414,666018,680700,691406,670764,802415,676356,683748,54.12,,,,,,,,45,2,Changeup,1,0,0,1,0,1,0,1,Standard,Strategic,247,0.011,-0.053,80.6,8.2,1.644801636,,0.053,,1,-1,0.699,0.301,30,26,31,26,3,2,11,3,,,2.47,0.57,-0.57,52.0,18.238350954819055,-23.69761160001619,28.30107428443574,37.44138738773184,49.66847980052815,10,3
FF,2026-10-03,95.4,-1.68,6.14,"Rasmussen, Drew",671277,656876,,swinging_strike,,,,,2,,D,L,R,TB,NYY,S,,,0,0,2026,-0.34,1.74,-0.2238302680826654,2.8911591235923835,,,,0,7,Top,,,,,,,4.581608337727813,-138.73525420940206,-6.693474739367542,-5.488139280186467,32.763755159475245,-8.385843289791394,3.248088911,1.639222441,,,,95.7,2517,6.6,849835,689414,666018,680700,691406,670764,802415,676356,683748,53.9,,,,,,,,45,1,4-Seam Fastball,1,0,0,1,0,1,0,1,Standard,Strategic,200,0.007,-0.041,80.3,7.2,0.814120128,,0.041,,1,-1,0.692,0.308,30,26,31,26,3,2,11,3,,,0.78,0.34,-0.34,60.4,10.497350759546816,10.889097085256722,27.667821952466934,37.1393870805265,23.15984656623948,10,3
SL,2026-10-03,86.0,2.97,5.46,"Weathers, Ryan",683748,677960,field_out,hit_into_play,,,,,13,Victor Mesa Jr. grounds out to first baseman Luis García Jr.,D,L,L,TB,NYY,X,3,ground_ball,1,2,2026,-0.38,0.07,-0.4620639361631034,0.963582892699923,,,,2,6,Bot,165.28,167.52,,,,,-7.164792445937645,-125.05575953945238,-4.279906050997472,-2.587484824095124,25.081021088009148,-30.778831865013647,3.15769357,1.593602362,3,65.1,-23,85.2,2763,5.8,849835,669224,671277,665862,641857,806146,641355,663757,682987,54.69,0.048,0.043,0.0,1,0,0,2,44,4,Slider,1,0,1,0,0,1,1,0,Infield shade,Standard,307,-0.008,-0.184,60.5,8.4,,0.052,0.184,88.0,1,1,0.7,0.7,26,24,27,25,1,2,42,6,,,3.02,-0.38,-0.38,36.4,9.230151778764627,-13.768236331471988,28.782169929954744,45.21722180621519,39.86031458543292,10,3
ST,2026-10-03,84.6,3.21,5.14,"Weathers, Ryan",683748,677960,,ball,,,,,13,,D,L,L,TB,NYY,B,,,0,2,2026,-1.18,0.09,-1.9492036221808569,1.1648342630672053,,,,2,6,Bot,,,,,,,-9.38224509128993,-122.82021049577608,-2.7655294178249514,-9.856565314035391,26.3205716724274,-30.868616878692148,3.15769357,1.593602362,,,,83.4,2500,5.8,849835,669224,671277,665862,641857,806146,641355,663757,682987,54.67,,,,,,,,44,3,Sweeper,1,0,1,0,0,1,1,0,Infield shade,Standard,304,0.001,0.029,,,,,-0.029,,1,1,0.699,0.699,26,24,27,25,1,2,42,6,,,3.13,-1.18,-1.18,24.0,,,,,,10,3
ST,2026-10-03,83.5,3.3,5.16,"Weathers, Ryan",683748,677960,,called_strike,,,,,7,,D,L,L,TB,NYY,S,,,0,1,2026,-1.59,0.05,-0.6520837375892408,1.8323344036192952,,,,2,6,Bot,,,,,,,-5.716547234754494,-121.5032145978754,-1.0599829210301783,-14.48709107930075,25.78672389715033,-31.644265686266856,3.15769357,1.593602362,,,,82.4,2582,5.7,849835,669224,671277,665862,641857,806146,641355,663757,682987,54.76,,,,,,,,44,2,Sweeper,1,0,1,0,0,1,1,0,Standard,Standard,301,-0.002,-0.062,,,,,0.062,,1,1,0.701,0.701,26,24,27,25,1,2,42,6,,,3.24,-1.59,-1.59,28.5,,,,,,10,3
ST,2026-10-03,80.4,3.49,5.16,"Weathers, Ryan",683748,677960,,called_strike,,,,,7,,D,L,L,TB,NYY,S,,,0,0,2026,-1.08,0.35,-0.6679841948702994,1.828559681743763,,,,2,6,Bot,,,,,,,-6.921531562434439,-116.9761954588835,-1.1590449761026755,-8.608125276261047,22.061674402619456,-28.936732465115448,3.15769357,1.593602362,,,,79.3,2515,5.5,849835,669224,671277,665862,641857,806146,641355,663757,682987,54.96,,,,,,,,44,1,Sweeper,1,0,1,0,0,1,1,0,Standard,Standard,300,-0.002,-0.046,,,,,0.046,,1,1,0.703,0.703,26,24,27,25,1,2,42,6,,,3.18,-1.08,-1.08,28.6,,,,,,10,3
SI,2026-10-03,95.0,3.09,5.34,"Weathers, Ryan",802415,677960,field_out,hit_into_play,,,,,9,Chandler Simpson grounds out to first baseman Luis García Jr.,D,L,L,TB,NYY,X,3,ground_ball,0,0,2026,1.7,0.46,0.6610816788369904,1.928622185470198,,,,1,6,Bot,148.58,176.63,,,,,-10.023613004496369,-137.96965650592827,-4.054116268074527,23.94361717895874,30.75200796369596,-25.52646320572228,3.177878937,1.60378937,2,81.3,-41,94.0,2206,5.8,849835,669224,671277,665862,641857,806146,641355,663757,682987,54.7,0.115,0.111,0.0,1,0,0,2,43,1,Sinker,1,0,1,0,0,1,1,0,Strategic,Standard,131,-0.016,-0.261,68.8,7.0,,0.12,0.261,88.0,1,1,0.719,0.719,26,25,27,26,1,2,42,8,,,2.07,1.7,1.7,30.5,6.217376262698356,0.0774698675412371,30.330216403088954,32.13380477363378,26.5775973016909,10,3
SI,2026-10-03,95.4,3.14,5.36,"Weathers, Ryan",689414,677960,field_out,hit_into_play,,,,,8,Liam Hicks grounds out to first baseman Luis García Jr.,D,L,L,TB,NYY,X,3,ground_ball,2,1,2026,1.66,0.62,0.1318533003669368,1.7147515041487753,,,,0,6,Bot,156.43,160.61,,,,,-11.422457574060408,-138.36163512076564,-4.97449625125004,23.928017501840053,34.58154324000967,-23.255864944420413,3.085728346,1.557283465,3,89.2,-28,93.6,2400,5.7,849835,669224,671277,665862,641857,806146,641355,663757,682987,54.84,0.045,0.04,0.0,1,0,0,2,42,4,Sinker,1,0,1,0,0,1,1,0,Infield shade,Standard,131,-0.024,-0.309,71.8,6.7,,0.054,0.309,89.2,1,1,0.743,0.743,26,27,27,27,1,2,42,6,,,1.93,1.66,1.66,29.2,1.661335963365554,0.1620916046630738,35.16457057028792,34.6436054680992,28.183032453894512,10,3
SL,2026-10-03,83.5,3.12,5.24,"Weathers, Ryan",689414,677960,,ball,,,,,13,,D,L,L,TB,NYY,B,,,1,1,2026,-0.8,0.07,-1.819984624266993,1.2214330496152606,,,,0,6,Bot,,,,,,,-9.477649597002554,-121.0945865774422,-2.5090162324032934,-5.520252876726969,28.936200396506944,-31.106075466151868,3.085728346,1.557283465,,,,81.7,2562,5.8,849835,669224,671277,665862,641857,806146,641355,663757,682987,54.74,,,,,,,,42,3,Slider,1,0,1,0,0,1,1,0,Infield shade,Standard,304,0.004,0.063,,,,,-0.063,,1,1,0.739,0.739,26,27,27,27,1,2,42,6,,,3.28,-0.8,-0.8,33.3,,,,,,10,3
FF,2026-10-03,95.3,2.93,5.46,"Weathers, Ryan",689414,677960,,called_strike,,,,,9,,D,L,L,TB,NYY,S,,,1,0,2026,0.96,1.49,0.488170978033942,1.915417467099908,,,,0,6,Bot,,,,,,,-8.387701270244538,-138.25952024758894,-6.618211625814032,14.326951224482178,36.99251803706447,-11.797607917006722,3.085728346,1.557283465,,,,93.1,2484,5.6,849835,669224,671277,665862,641857,806146,641355,663757,682987,54.89,,,,,,,,42,2,4-Seam Fastball,1,0,1,0,0,1,1,0,Infield shade,Standard,128,-0.004,-0.055,,,,,0.055,,1,1,0.743,0.743,26,27,27,27,1,2,42,6,,,1.08,0.96,0.96,32.3,,,,,,10,3
SI,2026-10-03,95.3,3.03,5.38,"Weathers, Ryan",689414,677960,,ball,,,,,13,,D,L,L,TB,NYY,B,,,0,0,2026,1.69,0.72,-0.6550776925163178,0.9406856184759592,,,,0,6,Bot,,,,,,,-13.21975581278629,-137.96714793411374,-7.274588715074869,24.661110560283312,32.5531213684025,-21.30663578561913,3.085728346,1.557283465,,,,93.8,2352,5.8,849835,669224,671277,665862,641857,806146,641355,663757,682987,54.7,,,,,,,,42,1,Sinker,1,0,1,0,0,1,1,0,Standard,Standard,126,0.003,0.042,,,,,-0.042,,1,1,0.74,0.74,26,27,27,27,1,2,42,6,,,1.82,1.69,1.69,30.4,,,,,,10,3
SI,2026-10-03,94.2,-2.05,5.72,"Rasmussen, Drew",641355,656876,strikeout,called_strike,,,,,3,Cody Bellinger called out on strikes.,D,L,R,TB,NYY,S,2,,2,2,2026,-1.43,1.19,0.5788732169757904,3.1478866901279634,,,,2,6,Top,,,,,,,9.994806756339756,-136.8009922420675,-3.45834500443223,-20.22696618418197,31.53661883723513,-16.636223522252383,3.344627625,1.687942913,,,,94.3,2418,6.5,849835,689414,666018,680700,691406,670764,802415,676356,683748,53.96,,0.0,0.0,1,0,0,,41,7,Sinker,1,0,0,1,0,1,0,1,Infield shade,Standard,215,0.014,-0.224,,,,,0.224,,1,-1,0.726,0.274,30,30,31,31,3,2,11,3,,,1.4,1.43,-1.43,43.6,,,,,,10,3
FC,2026-10-03,90.0,-2.07,5.9,"Rasmussen, Drew",641355,656876,,foul,,,,,3,,D,L,R,TB,NYY,S,,,2,2,2026,0.41,0.34,0.7456751371126942,2.852941644184632,,,,2,6,Top,,,,,,,6.031408449468238,-131.03331140507183,-2.148584611905017,3.452000946365429,26.73639899007873,-27.9891734344661,3.344627625,1.687942913,175,86.6,14,90.4,2789,6.4,849835,689414,666018,680700,691406,670764,802415,676356,683748,54.1,,,,,,,,41,6,Cutter,1,0,0,1,0,1,0,1,Infield shade,Standard,164,0.0,0.0,71.7,8.2,,,0.0,88.0,1,-1,0.726,0.274,30,30,31,31,3,2,11,3,,,2.46,-0.41,0.41,50.3,23.00019365318627,-11.883899013012064,34.36750222651203,21.830141856119,34.22382584932386,10,3
CH,2026-10-03,87.9,-1.93,5.77,"Rasmussen, Drew",641355,656876,,foul,,,,,4,,D,L,R,TB,NYY,S,,,2,2,2026,-0.66,-0.5,-0.7751952531910137,2.28459465540532,,,,2,6,Top,,,,,,,4.187924101060423,-127.99428523082676,-1.063339322100623,-8.169547027967273,26.384476861728363,-37.66166066870083,3.344627625,1.687942913,2,62.6,-51,88.4,1070,6.6,849835,689414,666018,680700,691406,670764,802415,676356,683748,53.94,,,,,,,,41,5,Changeup,1,0,0,1,0,1,0,1,Infield shade,Standard,234,0.0,0.0,72.6,8.3,,,0.0,88.0,1,-1,0.726,0.274,30,30,31,31,3,2,11,3,,,3.45,0.66,-0.66,47.3,14.037417772620136,-4.87681926291477,28.37769009807639,39.23243004292204,31.54317329281845,10,3
FC,2026-10-03,89.0,-2.19,5.82,"Rasmussen, Drew",641355,656876,,ball,,,,,13,,D,L,R,TB,NYY,B,,,1,2,2026,0.27,0.07,-0.0696149077141926,1.0906809842991647,,,,2,6,Top,,,,,,,4.574805796746004,-129.6661362604401,-5.530689079686532,2.2451821127941978,24.464419824045727,-30.542745985552617,3.344627625,1.687942913,,,,89.6,2730,6.4,849835,689414,666018,680700,691406,670764,802415,676356,683748,54.1,,,,,,,,41,4,Cutter,1,0,0,1,0,1,0,1,Infield shade,Standard,122,-0.002,0.04,,,,,-0.04,,1,-1,0.728,0.272,30,30,31,31,3,2,11,3,,,2.78,-0.27,0.27,47.4,,,,,,10,3
SI,2026-10-03,94.5,-2.03,5.73,"Rasmussen, Drew",641355,656876,,ball,,,,,12,,D,L,R,TB,NYY,B,,,0,2,2026,-1.3,1.03,1.5834389323335087,3.570853283032556,,,,2,6,Top,,,,,,,12.243690423360858,-137.0800121143781,-2.0803414947105625,-19.10049361950501,29.798924323213345,-18.838739834277003,3.344627625,1.687942913,,,,94.7,2373,6.5,849835,689414,666018,680700,691406,670764,802415,676356,683748,53.97,,,,,,,,41,3,Sinker,1,0,0,1,0,1,0,1,Infield shade,Standard,213,-0.002,0.029,,,,,-0.029,,1,-1,0.73,0.27,30,30,31,31,3,2,11,3,,,1.53,1.3,-1.3,44.8,,,,,,10,3
CH,2026-10-03,88.8,-1.99,5.77,"Rasmussen, Drew",641355,656876,,swinging_strike,,,,,9,,D,L,R,TB,NYY,S,,,0,1,2026,-0.55,-0.17,0.3509025141074618,1.6590046994296404,,,,2,6,Top,,,,,,,6.842541306817134,-129.21703410246522,-3.4834754654795885,-7.467813033531825,24.540303378751243,-33.60760737237772,3.344627625,1.687942913,,,,89.5,1129,6.5,849835,689414,666018,680700,691406,670764,802415,676356,683748,53.96,,,,,,,,41,2,Changeup,1,0,0,1,0,1,0,1,Standard,Standard,237,0.004,-0.062,71.3,8.7,0.762860556,,0.062,,1,-1,0.726,0.274,30,30,31,31,3,2,11,3,,,3.04,0.55,-0.55,47.9,24.14828354537746,-15.053846797882752,41.030086207984574,26.639780805412038,38.002950819059386,10,3
FC,2026-10-03,89.9,-1.96,5.99,"Rasmussen, Drew",641355,656876,,foul,,,,,6,,D,L,R,TB,NYY,S,,,0,0,2026,0.52,0.33,0.5265267118689392,2.339760056684033,,,,2,6,Top,,,,,,,4.970231539972382,-130.8363108298264,-3.5849720996781445,5.007692147462596,26.40426659338682,-27.85732569380119,3.344627625,1.687942913,,,,90.1,2679,6.3,849835,689414,666018,680700,691406,670764,802415,676356,683748,54.19,,,,,,,,41,1,Cutter,1,0,0,1,0,1,0,1,Standard,Standard,168,0.003,-0.046,69.8,8.6,,,0.046,,1,-1,0.723,0.277,30,30,31,31,3,2,11,3,,,2.48,-0.52,0.52,51.9,26.506685659018736,-12.5592497383367,35.53710760296081,24.998230982631064,32.67726529064932,10,3
SI,2026-10-03,94.6,-2.04,5.65,"Rasmussen, Drew",700250,656876,field_out,hit_into_play,,,,,5,Ben Rice lines out to right fielder Victor Mesa Jr.,D,L,R,TB,NYY,X,9,line_drive,2,2,2026,-1.48,0.87,0.0126382771235886,2.560990516537061,,,,1,6,Top,177.33,84.83,,,,,8.650649298089794,-137.34312088077388,-4.032213216194516,-20.728012422180203,35.86384822999463,-20.45911564220748,3.280561024,1.655610236,311,99.2,20,93.9,2316,6.4,849835,689414,666018,680700,691406,670764,802415,676356,683748,54.07,0.331,0.401,0.0,1,0,0,5,40,5,Sinker,1,0,0,1,0,1,0,1,Infield shade,Strategic,217,0.023,-0.233,73.9,7.3,,0.619,0.233,99.2,1,-1,0.7,0.3,30,27,31,27,3,2,11,3,,,1.73,1.48,-1.48,48.1,7.882954118458937,0.8046187324382892,37.02951964772665,35.96492217793072,26.035239969127204,10,3
FC,2026-10-03,85.5,-1.86,5.9,"Rasmussen, Drew",700250,656876,,ball,,,,,13,,D,L,R,TB,NYY,B,,,1,2,2026,0.18,-0.39,-0.0854651982202508,0.9604867332398412,,,,1,6,Top,,,,,,,3.7732042386081335,-124.47104066918384,-4.252387255782914,0.9972483987667364,27.25420272615557,-35.49980230987775,3.280561024,1.655610236,,,,85.5,2538,6.5,849835,689414,666018,680700,691406,670764,802415,676356,683748,54.01,,,,,,,,40,4,Cutter,1,0,0,1,0,1,0,1,Infield shade,Standard,52,-0.004,0.051,,,,,-0.051,,1,-1,0.704,0.296,30,27,31,27,3,2,11,3,,,3.53,-0.18,0.18,52.5,,,,,,10,3
FF,2026-10-03,96.3,-1.75,6.1,"Rasmussen, Drew",700250,656876,,ball,,,,,11,,D,L,R,TB,NYY,B,,,0,2,2026,-0.22,1.71,-1.020101102669522,4.288566975947402,,,,1,6,Top,,,,,,,2.4337639478565145,-140.15475443494918,-2.943075329607838,-3.549828960676628,35.99336669051831,-9.345219164691793,3.280561024,1.655610236,,,,95.8,2490,6.3,849835,689414,666018,680700,691406,670764,802415,676356,683748,54.18,,,,,,,,40,3,4-Seam Fastball,1,0,0,1,0,1,0,1,Infield shade,Strategic,202,-0.003,0.019,,,,,-0.019,,1,-1,0.707,0.293,30,27,31,27,3,2,11,3,,,0.77,0.22,-0.22,57.0,,,,,,10,3
CH,2026-10-03,88.3,-1.91,5.76,"Rasmussen, Drew",700250,656876,,called_strike,,,,,4,,D,L,R,TB,NYY,S,,,0,1,2026,-0.59,0.39,-0.7999617265734984,2.6561498294729438,,,,1,6,Top,,,,,,,3.9383428782055176,-128.5118466134676,-2.0182984885690485,-7.374605101704265,30.113494769548744,-27.70787204329654,3.280561024,1.655610236,,,,88.2,918,6.5,849835,689414,666018,680700,691406,670764,802415,676356,683748,54.0,,,,,,,,40,2,Changeup,1,0,0,1,0,1,0,1,Infield shade,Standard,236,0.007,-0.057,,,,,0.057,,1,-1,0.7,0.3,30,27,31,27,3,2,11,3,,,2.57,0.59,-0.59,47.9,,,,,,10,3
FC,2026-10-03,87.4,-1.96,5.97,"Rasmussen, Drew",700250,656876,,swinging_strike,,,,,14,,D,L,R,TB,NYY,S,,,0,0,2026,0.28,0.1,0.5784690789366589,1.066431453456301,,,,1,6,Top,,,,,,,5.441730050945466,-127.12319213803656,-5.562653028516283,1.8596659442242285,27.93327838474797,-30.098318464258156,3.280561024,1.655610236,,,,87.3,2590,6.4,849835,689414,666018,680700,691406,670764,802415,676356,683748,54.09,,,,,,,,40,1,Cutter,1,0,0,1,0,1,0,1,Infield shade,Strategic,119,0.004,-0.041,70.7,8.3,2.901202404,,0.041,,1,-1,0.696,0.304,30,27,31,27,3,2,11,3,,,2.91,-0.28,0.28,54.3,25.481888414819437,-25.04110404010003,38.84335205746037,31.570516282853088,43.03617856000846,10,3
FC,2026-10-03,91.0,-2.07,5.86,"Rasmussen, Drew",641857,656876,field_out,hit_into_play,,,,,12,"Ryan McMahon bunt grounds out softly, pitcher Drew Rasmussen to first baseman Jonathan Aranda.",D,L,R,TB,NYY,X,1,ground_ball,0,1,2026,0.48,0.73,1.2799052428118582,2.7268868526726973,,,,0,6,Top,130.81,191.98,,,,,7.259946553050067,-132.3699726630523,-3.367945436106162,4.164720636097094,27.23748118381476,-23.056308520329097,3.31742126,1.674212598,16,29.4,-3,91.3,2601,6.4,849835,689414,666018,680700,691406,670764,802415,676356,683748,54.08,0.227,0.204,0.0,1,0,0,1,39,2,Cutter,1,0,0,1,0,1,0,1,Standard,Standard,190,0.031,0.184,9.5,1.8,,0.227,-0.184,88.0,1,-1,0.665,0.335,30,31,31,32,2,1,11,3,,,2.02,-0.48,0.48,49.0,-66.7656803344347,-76.98094499293403,66.29648134479676,22.270459639899705,15.771961582147425,10,3
SI,2026-10-03,94.1,-1.91,5.79,"Rasmussen, Drew",641857,656876,,called_strike,,,,,3,,D,L,R,TB,NYY,S,,,0,0,2026,-1.13,1.04,0.5562960920770756,3.344492958066082,,,,0,6,Top,,,,,,,8.897619910514697,-136.74287393276256,-2.781059288958363,-16.209322051089682,30.763341908367103,-18.72879234977108,3.31742126,1.674212598,,,,94.3,2253,6.6,849835,689414,666018,680700,691406,670764,802415,676356,683748,53.95,,,,,,,,39,1,Sinker,1,0,0,1,0,1,0,1,Standard,Standard,211,0.005,-0.041,,,,,0.041,,1,-1,0.66,0.34,30,31,31,32,2,1,11,3,,,1.55,1.13,-1.13,47.1,,,,,,10,3
KC,2026-10-03,84.7,-2.5,6.0,"Cole, Gerrit",691406,543037,strikeout,called_strike,,,,,2,Junior Caminero called out on strikes.,D,R,R,TB,NYY,S,2,,3,2,2026,0.91,-1.2,0.1294439534314944,3.285545427447208,,,,2,5,Bot,,,,,,,4.20141887285325,-123.13522046320482,2.761679082426588,8.137320685294284,28.742202571219,-45.11380673496988,3.243700787,1.637007874,,,,83.7,2705,6.1,849835,669224,671277,665862,641857,806146,641355,663757,682987,54.39,,0.0,0.0,1,0,0,,38,12,Knuckle Curve,1,0,1,0,0,1,1,0,Strategic,Standard,42,-0.013,-0.308,,,,,0.308,,1,1,0.673,0.673,35,22,36,23,3,2,10,6,,,4.43,-0.91,-0.91,40.0,,,,,,10,3
FF,2026-10-03,98.7,-2.32,5.98,"Cole, Gerrit",691406,543037,,foul,,,,,6,,D,R,R,TB,NYY,S,,,3,2,2026,-0.64,1.41,0.4563673804818682,2.4911049775634453,,,,2,5,Bot,,,,,,,8.935151533052046,-143.21798924732124,-7.070671565655092,-10.989494248689818,36.51683717804096,-11.2724626799098,3.243700787,1.637007874,191,86.1,60,98.0,2373,6.3,849835,669224,671277,665862,641857,806146,641355,663757,682987,54.22,,,,,,,,38,11,4-Seam Fastball,1,0,1,0,0,1,1,0,Strategic,Standard,214,0.0,0.0,80.6,8.3,,,0.0,88.0,1,1,0.673,0.673,35,22,36,23,3,2,10,6,,,0.96,0.64,0.64,43.1,2.655554093290326,13.577663000244367,22.70662350932221,43.08066173777782,26.507280274405908,10,3
SI,2026-10-03,96.7,-2.46,5.8,"Cole, Gerrit",691406,543037,,foul,,,,,7,,D,R,R,TB,NYY,S,,,3,2,2026,-1.3,1.08,-0.3876493239273035,1.6624115530997476,,,,2,5,Bot,,,,,,,8.470258496077294,-140.42188270857758,-7.7201306873136355,-19.184031958671525,32.94296417288637,-16.213778634816638,3.243700787,1.637007874,2,95.0,-39,96.5,2251,6.4,849835,669224,671277,665862,641857,806146,641355,663757,682987,54.13,,,,,,,,38,10,Sinker,1,0,1,0,0,1,1,0,Strategic,Standard,220,0.0,0.0,78.5,8.5,,,0.0,95.0,1,1,0.673,0.673,35,22,36,23,3,2,10,6,,,1.37,1.3,1.3,38.8,9.81608590224779,-5.776595913798706,26.15623714528555,33.06120613498842,37.0571341545586,10,3
CH,2026-10-03,85.4,-2.35,5.82,"Cole, Gerrit",691406,543037,,foul,,,,,4,,D,R,R,TB,NYY,S,,,3,2,2026,-1.41,0.58,-0.3756190585689343,2.475878886531461,,,,2,5,Bot,,,,,,,7.502517225641641,-124.17375139813468,-2.524941970704368,-16.131711494682722,25.73492740345454,-25.91550444648105,3.243700787,1.637007874,102,75.3,73,85.4,1821,6.4,849835,669224,671277,665862,641857,806146,641355,663757,682987,54.09,,,,,,,,38,9,Changeup,1,0,1,0,0,1,1,0,Strategic,Standard,233,0.0,0.0,83.9,8.8,,,0.0,88.0,1,1,0.673,0.673,35,22,36,23,3,2,10,6,,,2.56,1.41,1.41,40.1,15.534906746130677,-31.653542881556184,26.394644924437177,33.286724445432554,52.88563403608231,10,3
FF,2026-10-03,98.0,-2.42,5.97,"Cole, Gerrit",691406,543037,,foul,,,,,1,,D,R,R,TB,NYY,S,,,3,2,2026,-0.88,1.51,-0.3027371361283404,3.2654774953184096,,,,2,5,Bot,,,,,,,7.694999774446396,-142.54608334949364,-5.17462219501655,-13.78740005290526,32.65648538880071,-10.587203867887174,3.243700787,1.637007874,256,84.2,53,97.9,2373,6.2,849835,669224,671277,665862,641857,806146,641355,663757,682987,54.27,,,,,,,,38,8,4-Seam Fastball,1,0,1,0,0,1,1,0,Strategic,Standard,215,0.0,0.0,78.6,9.0,,,0.0,88.0,1,1,0.673,0.673,35,22,36,23,3,2,10,6,,,0.87,0.88,0.88,41.8,16.53494035254552,-16.700403477583855,21.304954918914323,34.136088096322474,43.52875524159771,10,3
SI,2026-10-03,96.7,-2.38,5.77,"Cole, Gerrit",691406,543037,,ball,,,,,14,,D,R,R,TB,NYY,B,,,2,2,2026,-1.41,1.25,0.5733924430397361,0.9035079926882092,,,,2,5,Bot,,,,,,,11.03615744074365,-140.11601266582113,-10.039246943656488,-21.101981052667075,30.87559137943374,-13.447369395699452,3.243700787,1.637007874,,,,96.6,2229,6.4,849835,669224,671277,665862,641857,806146,641355,663757,682987,54.07,,,,,,,,38,7,Sinker,1,0,1,0,0,1,1,0,Strategic,Standard,219,0.004,0.085,,,,,-0.085,,1,1,0.669,0.669,35,22,36,23,3,2,10,6,,,1.2,1.41,1.41,42.0,,,,,,10,3
FF,2026-10-03,97.7,-2.35,5.93,"Cole, Gerrit",691406,543037,,foul,,,,,4,,D,R,R,TB,NYY,S,,,2,2,2026,-0.77,1.47,-0.5222546960275143,2.5235274451135075,,,,2,5,Bot,,,,,,,6.628673577993202,-141.94035626558733,-6.795848015649897,-11.985810785608406,35.843923917558136,-10.973206590861237,3.243700787,1.637007874,144,83.8,76,96.9,2319,6.1,849835,669224,671277,665862,641857,806146,641355,663757,682987,54.36,,,,,,,,38,6,4-Seam Fastball,1,0,1,0,0,1,1,0,Strategic,Standard,217,0.0,0.0,82.0,8.3,,,0.0,88.0,1,1,0.669,0.669,35,22,36,23,3,2,10,6,,,0.95,0.77,0.77,41.5,8.797684013388013,-8.01193907829271,27.777137613011615,31.746560965455544,36.63694549837153,10,3
SL,2026-10-03,88.9,-2.52,5.89,"Cole, Gerrit",691406,543037,,ball,,,,,14,,D,R,R,TB,NYY,B,,,1,2,2026,0.28,0.27,0.9742428642051092,1.613844262173774,,,,2,5,Bot,,,,,,,7.823010224609197,-129.18127982654835,-4.745460781190782,1.5104768091221006,26.758863352802344,-28.386216447644458,3.243700787,1.637007874,,,,88.6,2465,6.2,849835,669224,671277,665862,641857,806146,641355,663757,682987,54.32,,,,,,,,38,5,Slider,1,0,1,0,0,1,1,0,Strategic,Standard,120,0.001,0.04,,,,,-0.04,,1,1,0.668,0.668,35,22,36,23,3,2,10,6,,,2.62,-0.28,-0.28,41.8,,,,,,10,3
KC,2026-10-03,82.7,-2.42,5.96,"Cole, Gerrit",691406,543037,,foul,,,,,14,,D,R,R,TB,NYY,S,,,1,2,2026,1.21,-1.36,0.1053716497895296,1.180996150287534,,,,2,5,Bot,,,,,,,3.258845066713027,-120.24608090784864,-1.242162548831643,10.631034468260506,29.952729758990536,-45.02674301005449,3.243700787,1.637007874,3,73.6,-29,81.2,2879,6.0,849835,669224,671277,665862,641857,806146,641355,663757,682987,54.5,,,,,,,,38,4,Knuckle Curve,1,0,1,0,0,1,1,0,Strategic,Standard,40,0.0,0.0,76.6,8.9,,,0.0,88.0,1,1,0.668,0.668,35,22,36,23,3,2,10,6,,,4.78,-1.21,-1.21,41.1,16.674130548034572,-20.06943002911449,29.715109762413068,37.24275238156281,51.13046203356655,10,3
FF,2026-10-03,97.3,-2.31,5.79,"Cole, Gerrit",691406,543037,,ball,,,,,14,,D,R,R,TB,NYY,B,,,0,2,2026,-0.74,1.38,2.0932801590805004,0.970012353008677,,,,2,5,Bot,,,,,,,13.309533434599793,-140.64796540339373,-10.161959799508338,-13.272313672506112,37.224958065537066,-11.479017225495667,3.243700787,1.637007874,,,,96.1,2253,6.3,849835,669224,671277,665862,641857,806146,641355,663757,682987,54.17,,,,,,,,38,3,4-Seam Fastball,1,0,1,0,0,1,1,0,Strategic,Standard,217,0.001,0.029,,,,,-0.029,,1,1,0.667,0.667,35,22,36,23,3,2,10,6,,,1.1,0.74,0.74,40.3,,,,,,10,3
KC,2026-10-03,84.0,-2.5,5.82,"Cole, Gerrit",691406,543037,,swinging_strike,,,,,14,,D,R,R,TB,NYY,S,,,0,1,2026,0.99,-1.29,0.4842858464845792,1.461159260112045,,,,2,5,Bot,,,,,,,4.800635391958985,-122.08726010638811,-0.685528470245161,8.550029509234722,29.705642527364027,-44.9504921928817,3.243700787,1.637007874,,,,82.9,2700,6.1,849835,669224,671277,665862,641857,806146,641355,663757,682987,54.37,,,,,,,,38,2,Knuckle Curve,1,0,1,0,0,1,1,0,Strategic,Standard,44,-0.002,-0.062,,,,,0.062,,1,1,0.669,0.669,35,22,36,23,3,2,10,6,,,4.59,-0.99,-0.99,38.2,,,,,,10,3
SL,2026-10-03,90.0,-2.49,5.85,"Cole, Gerrit",691406,543037,,called_strike,,,,,3,,D,R,R,TB,NYY,S,,,0,0,2026,0.42,0.2,0.2891089176022357,2.798419199382661,,,,2,5,Bot,,,,,,,5.880104228944058,-130.94582410474604,-1.838367718619821,3.5976873411564787,27.15851497162318,-29.63798291878816,3.243700787,1.637007874,,,,89.8,2463,6.1,849835,669224,671277,665862,641857,806146,641355,663757,682987,54.39,,,,,,,,38,1,Slider,1,0,1,0,0,1,1,0,Strategic,Standard,134,-0.002,-0.046,,,,,0.046,,1,1,0.671,0.671,35,22,36,23,3,2,10,6,,,2.61,-0.42,-0.42,41.6,,,,,,10,3
FF,2026-10-03,97.4,-2.54,5.89,"Cole, Gerrit",666018,543037,field_out,hit_into_play,,,,,1,Jonathan Aranda flies out to left fielder Cody Bellinger in foul territory.,D,L,R,TB,NYY,X,7,fly_ball,0,0,2026,-0.87,1.44,-0.4806514380826009,3.103236313423587,,,,1,5,Bot,40.87,121.62,,,,,7.4457854773462735,-141.55802985855314,-5.033600312382582,-13.455380159691169,36.70533199150213,-11.936708922919973,3.189288058,1.609547244,283,96.0,51,96.5,2386,6.2,849835,669224,671277,665862,641857,806146,641355,663757,682987,54.32,0.009,0.014,0.0,1,0,0,3,37,1,4-Seam Fastball,1,0,1,0,0,1,1,0,Infield shade,Standard,220,-0.016,-0.261,69.9,6.7,,0.02,0.261,96.0,1,1,0.687,0.687,35,28,36,28,3,2,10,6,,,1.0,0.87,-0.87,37.5,12.077751535668174,11.68836005236895,29.516646582290768,41.536050937497066,24.962786164965227,10,3
SI,2026-10-03,95.8,-2.48,5.87,"Cole, Gerrit",650490,543037,field_out,hit_into_play,,,,,13,"Yandy Díaz grounds out, shortstop George Lombard Jr. to first baseman Luis García Jr.",D,R,R,TB,NYY,X,6,ground_ball,1,1,2026,-1.34,1.2,-0.9294986476646436,2.2812320301338653,,,,0,5,Bot,109.61,151.83,,,,,7.081630743263399,-139.1251826561035,-6.319291486629442,-18.96259495928405,33.48915699433387,-15.353835814546729,3.227903543,1.629035433,7,73.5,-18,95.2,2340,6.2,849835,669224,671277,665862,641857,806146,641355,663757,682987,54.29,0.047,0.043,0.0,1,0,0,2,36,3,Sinker,1,0,1,0,0,1,1,0,Standard,Strategic,213,-0.02,-0.246,69.8,7.1,,0.049,0.246,88.0,1,1,0.707,0.707,35,34,36,35,3,2,10,7,,,1.31,1.34,1.34,39.6,-3.3639747113353016,13.201488748361855,27.179430167429143,27.488650236614998,25.83229084869228,10,3
SL,2026-10-03,89.2,-2.48,5.89,"Cole, Gerrit",650490,543037,,ball,,,,,14,,D,R,R,TB,NYY,B,,,0,1,2026,0.36,0.28,1.0487917544928378,1.427778308820224,,,,0,5,Bot,,,,,,,7.754635271124144,-129.64909391356267,-5.279158074897619,2.4853309107175456,26.82651039938272,-28.100985122415057,3.227903543,1.629035433,,,,88.9,2496,6.1,849835,669224,671277,665862,641857,806146,641355,663757,682987,54.39,,,,,,,,36,2,Slider,1,0,1,0,0,1,1,0,Standard,Strategic,151,0.002,0.029,,,,,-0.029,,1,1,0.705,0.705,35,34,36,35,3,2,10,7,,,2.59,-0.36,-0.36,39.8,,,,,,10,3
FF,2026-10-03,96.8,-2.32,5.91,"Cole, Gerrit",650490,543037,,foul,,,,,6,,D,R,R,TB,NYY,S,,,0,0,2026,-0.77,1.49,0.7119613571204699,2.1311682405514825,,,,0,5,Bot,,,,,,,9.736613782832656,-140.38711888070037,-7.606721703876221,-12.688215296089664,37.46803710453151,-10.851763595174804,3.227903543,1.629035433,,,,95.7,2367,6.2,849835,669224,671277,665862,641857,806146,641355,663757,682987,54.27,,,,,,,,36,1,4-Seam Fastball,1,0,1,0,0,1,1,0,Standard,Strategic,213,-0.003,-0.041,70.4,7.7,,,0.041,,1,1,0.708,0.708,35,34,36,35,3,2,10,7,,,0.99,0.77,0.77,41.5,-5.798472805161125,21.937820298244212,28.456377337002408,47.56482937838421,17.446639601723007,10,3
CH,2026-10-03,88.1,-1.99,5.82,"Rasmussen, Drew",669224,656876,field_out,hit_into_play,,,,,8,Austin Wells lines out sharply to right fielder Victor Mesa Jr.,D,L,R,TB,NYY,X,9,line_drive,0,0,2026,-1.02,-0.19,-0.1142891845000078,2.1372329143891755,,,,2,5,Top,192.15,98.4,,,,,6.655377799251634,-128.01333265876474,-2.1018992783207957,-12.711701538664611,31.06951448071251,-33.98418646240453,3.254232283,1.642322835,298,101.7,19,87.5,918,6.4,849835,689414,666018,680700,691406,670764,802415,676356,683748,54.1,0.391,0.489,0.0,1,0,0,5,35,1,Changeup,1,0,0,1,0,1,0,1,Standard,Standard,248,0.015,-0.263,75.1,7.8,,0.786,0.263,101.7,1,-1,0.693,0.307,30,26,31,27,2,1,11,3,,,3.18,1.02,-1.02,48.8,20.44518118526967,-10.546578348512556,33.09420071216085,34.626277398103305,37.29881532179071,10,3
SI,2026-10-03,95.4,-1.87,5.79,"Rasmussen, Drew",663757,656876,strikeout,called_strike,,,,,3,Trent Grisham called out on strikes.,D,L,R,TB,NYY,S,2,,0,2,2026,-1.44,1.03,0.531414103353675,2.964676381056095,,,,1,5,Top,,,,,,,9.514128134672337,-138.53668150204948,-3.9206246266089497,-20.62496666671248,31.54926784788375,-18.220359198760995,3.138385827,1.583858268,,,,95.3,2372,6.4,849835,689414,666018,680700,691406,670764,802415,676356,683748,54.11,,0.0,0.0,1,0,0,,34,3,Sinker,1,0,0,1,0,1,0,1,Infield shade,Standard,215,0.014,-0.163,,,,,0.163,,1,-1,0.679,0.321,30,29,31,30,2,1,11,3,,,1.49,1.44,-1.44,47.2,,,,,,10,3
FC,2026-10-03,87.7,-2.07,5.84,"Rasmussen, Drew",663757,656876,,called_strike,,,,,9,,D,L,R,TB,NYY,S,,,0,1,2026,0.22,-0.06,0.7168375941443956,1.5735947711075586,,,,1,5,Top,,,,,,,6.207587458294368,-127.55738636070586,-3.8352752381603343,1.1303440445034,25.82473519944625,-32.23659949706637,3.138385827,1.583858268,,,,88.0,2557,6.5,849835,689414,666018,680700,691406,670764,802415,676356,683748,54.04,,,,,,,,34,2,Cutter,1,0,0,1,0,1,0,1,Standard,Standard,70,0.006,-0.057,,,,,0.057,,1,-1,0.673,0.327,30,29,31,30,2,1,11,3,,,3.02,-0.22,0.22,47.7,,,,,,10,3
CH,2026-10-03,88.1,-1.97,5.83,"Rasmussen, Drew",663757,656876,,called_strike,,,,,1,,D,L,R,TB,NYY,S,,,0,0,2026,-1.1,0.05,-0.4329855481283646,3.061365863067163,,,,1,5,Top,,,,,,,6.002650073149719,-128.0294321585159,-0.4136026117155587,-13.36292773996497,30.39908508281992,-31.791865713982396,3.138385827,1.583858268,,,,87.4,1050,6.3,849835,689414,666018,680700,691406,670764,802415,676356,683748,54.23,,,,,,,,34,1,Changeup,1,0,0,1,0,1,0,1,Standard,Standard,238,0.003,-0.041,,,,,0.041,,1,-1,0.67,0.33,30,29,31,30,2,1,11,3,,,2.93,1.1,-1.1,47.8,,,,,,10,3
FC,2026-10-03,88.9,-1.96,5.89,"Rasmussen, Drew",665862,656876,strikeout,swinging_strike,,,,,14,Jazz Chisholm Jr. strikes out swinging.,D,L,R,TB,NYY,S,2,,2,2,2026,0.33,-0.01,0.6453787978443141,1.455828471285808,,,,0,5,Top,,,,,,,5.628692506030328,-129.32174413359937,-4.517427754837536,2.396439899825233,28.463134039189768,-31.511603203714596,3.15593832,1.592716535,,,,88.9,2590,6.4,849835,689414,666018,680700,691406,670764,802415,676356,683748,54.06,,0.0,0.0,1,0,0,,33,5,Cutter,1,0,0,1,0,1,0,1,Standard,Standard,110,0.027,-0.232,72.2,8.0,0.851101296,,0.232,,1,-1,0.643,0.357,30,28,31,28,2,1,11,3,,,2.91,-0.33,0.33,52.1,25.06984517468962,-26.39308722952878,33.35816289822361,29.56966918043407,40.98400626344042,10,3
FF,2026-10-03,96.3,-1.67,6.1,"Rasmussen, Drew",665862,656876,,ball,,,,,11,,D,L,R,TB,NYY,B,,,1,2,2026,-0.1,1.83,-0.4198899799753015,3.84716428012118,,,,0,5,Top,,,,,,,3.5166098821468816,-140.11286559908208,-4.393447751449794,-2.2115898783913304,36.02112530543474,-7.437110836481824,3.15593832,1.592716535,,,,96.2,2596,6.6,849835,689414,666018,680700,691406,670764,802415,676356,683748,53.92,,,,,,,,33,4,4-Seam Fastball,1,0,0,1,0,1,0,1,Infield shade,Standard,199,-0.005,0.046,,,,,-0.046,,1,-1,0.648,0.352,30,28,31,28,2,1,11,3,,,0.66,0.1,-0.1,60.1,,,,,,10,3
FC,2026-10-03,91.7,-2.06,5.91,"Rasmussen, Drew",665862,656876,,called_strike,,,,,5,,D,L,R,TB,NYY,S,,,1,1,2026,0.41,0.68,0.0201367752707933,2.540455952541289,,,,0,5,Top,,,,,,,4.2987846573027495,-133.4908321146501,-3.979136029281485,4.001039401070873,28.84605500886664,-23.33629599555192,3.15593832,1.592716535,,,,92.0,2748,6.5,849835,689414,666018,680700,691406,670764,802415,676356,683748,54.03,,,,,,,,33,3,Cutter,1,0,0,1,0,1,0,1,Strategic,Standard,184,0.008,-0.06,,,,,0.06,,1,-1,0.64,0.36,30,28,31,28,2,1,11,3,,,2.02,-0.41,0.41,52.6,,,,,,10,3
CH,2026-10-03,88.6,-1.87,5.74,"Rasmussen, Drew",665862,656876,,ball,,,,,14,,D,L,R,TB,NYY,B,,,0,1,2026,-1.1,0.56,0.6735087595135356,0.8348883159038236,,,,0,5,Top,,,,,,,8.48689225393537,-128.55652994043814,-6.7625423312799215,-14.041849676500034,29.478966076133503,-24.67476050694472,3.15593832,1.592716535,,,,88.3,1235,6.5,849835,689414,666018,680700,691406,670764,802415,676356,683748,53.97,,,,,,,,33,2,Changeup,1,0,0,1,0,1,0,1,Strategic,Standard,233,-0.003,0.029,,,,,-0.029,,1,-1,0.643,0.357,30,28,31,28,2,1,11,3,,,2.39,1.1,-1.1,51.1,,,,,,10,3
CH,2026-10-03,87.4,-1.93,5.8,"Rasmussen, Drew",665862,656876,,swinging_strike,,,,,14,,D,L,R,TB,NYY,S,,,0,0,2026,-0.81,0.09,0.4105429745129708,0.9527817781904288,,,,0,5,Top,,,,,,,7.287377392287134,-126.88935939001796,-5.320833195110039,-10.445239110377392,30.960328198214,-30.1003091972783,3.15593832,1.592716535,,,,86.9,850,6.5,849835,689414,666018,680700,691406,670764,802415,676356,683748,53.99,,,,,,,,33,1,Changeup,1,0,0,1,0,1,0,1,Strategic,Standard,242,0.005,-0.041,71.8,8.2,4.474314432,,0.041,,1,-1,0.638,0.362,30,28,31,28,2,1,11,3,,,2.95,0.81,-0.81,47.7,25.502205417620235,-28.920343105670675,35.57870916449824,32.01372450257502,45.54049272713456,10,3
KC,2026-10-03,84.3,-2.57,5.81,"Cole, Gerrit",670764,543037,strikeout,swinging_strike,,,,,14,Taylor Walls strikes out swinging.,D,L,R,TB,NYY,S,2,,1,2,2026,1.06,-1.39,0.3168901785346677,1.2867180468291668,,,683748,2,4,Bot,,,,,,,4.452953107506808,-122.63218971201542,-0.976257743681919,9.570492197295366,28.404798525908195,-46.00918612040541,3.055889108,1.542224409,,,,83.4,2864,6.1,849835,669224,671277,665862,641857,806146,641355,663757,682987,54.43,,0.0,0.0,1,0,0,,32,4,Knuckle Curve,1,0,1,0,0,1,1,0,Standard,Standard,45,-0.015,-0.193,67.8,8.1,2.149305036,,0.193,,1,1,0.653,0.653,35,29,36,30,2,1,10,7,,,4.64,-1.06,1.06,39.1,24.76392935388148,-20.862254333647662,36.28550321301232,32.455475013880125,37.76412637621178,10,3
FF,2026-10-03,96.8,-2.39,5.93,"Cole, Gerrit",670764,543037,,foul_tip,,,,,6,,D,L,R,TB,NYY,S,,,1,1,2026,-0.73,1.42,0.6260006464283479,2.21481520046715,,,683748,2,4,Bot,,,,,,,9.61736317388086,-140.5644844141951,-7.398732004960027,-11.854902776178712,32.56354765149393,-11.805280713256296,3.055889108,1.542224409,,,,96.5,2307,6.3,849835,669224,671277,665862,641857,806146,641355,663757,682987,54.2,,,,,,,,32,3,4-Seam Fastball,1,0,1,0,0,1,1,0,Standard,Standard,214,-0.006,-0.067,70.9,7.4,,,0.067,,1,1,0.659,0.659,35,29,36,30,2,1,10,7,,,1.03,0.73,-0.73,41.1,17.61210088149618,-5.941306353529405,37.76358716327359,28.53584942546024,29.48059381492829,10,3
FF,2026-10-03,96.4,-2.36,5.92,"Cole, Gerrit",670764,543037,,called_strike,,,,,9,,D,L,R,TB,NYY,S,,,1,0,2026,-0.83,1.55,0.5172919837738854,1.5553636801875994,,,683748,2,4,Bot,,,,,,,9.455151684852254,-139.76904396036127,-9.291311097740612,-13.032114816106802,32.751086830068104,-9.883225810101887,3.055889108,1.542224409,,,,96.1,2350,6.4,849835,669224,671277,665862,641857,806146,641355,663757,682987,54.09,,,,,,,,32,2,4-Seam Fastball,1,0,1,0,0,1,1,0,Standard,Standard,214,-0.003,-0.051,,,,,0.051,,1,1,0.662,0.662,35,29,36,30,2,1,10,7,,,0.93,0.83,-0.83,41.2,,,,,,10,3
SL,2026-10-03,89.7,-2.7,5.91,"Cole, Gerrit",670764,543037,,ball,,,,,11,,D,L,R,TB,NYY,B,,,0,0,2026,0.51,0.37,-0.6238973547120101,3.5988283738802136,,,683748,2,4,Bot,,,,,,,3.950496593115284,-130.64637337118728,-0.3370111152798599,5.034813881510482,27.567368860700327,-28.114504132761187,3.055889108,1.542224409,,,,89.4,2505,6.1,849835,669224,671277,665862,641857,806146,641355,663757,682987,54.44,,,,,,,,32,1,Slider,1,0,1,0,0,1,1,0,Strategic,Standard,132,0.002,0.037,,,,,-0.037,,1,1,0.66,0.66,35,29,36,30,2,1,10,7,,,2.46,-0.51,0.51,37.6,,,,,,10,3
FF,2026-10-03,96.8,-2.47,5.87,"Cole, Gerrit",680700,543037,field_out,hit_into_play,,,,,2,Richie Palacios pops out to shortstop George Lombard Jr.,D,L,R,TB,NYY,X,6,popup,0,0,2026,-1.01,1.41,-0.1293224113208027,2.755508147562971,,,683748,1,4,Bot,96.42,159.78,,,,,8.511102042078425,-140.5566633320526,-5.772044586801727,-15.405332971372124,33.61482270017246,-12.335021014673169,3.040091864,1.534251969,128,81.4,68,96.4,2363,6.3,849835,669224,671277,665862,641857,806146,641355,663757,682987,54.18,0.006,0.007,0.0,1,0,0,3,31,1,4-Seam Fastball,1,0,1,0,0,1,1,0,Standard,Standard,219,-0.027,-0.26,68.7,7.1,,0.008,0.26,88.0,1,1,0.687,0.687,35,29,36,29,2,1,10,6,,,1.04,1.01,-1.01,36.0,6.338169969930736,-8.892527077582093,24.689008219837653,30.45806250521248,28.41677785402024,10,3
FF,2026-10-03,98.8,-2.64,5.77,"Cole, Gerrit",676356,543037,strikeout,swinging_strike,,,,,2,Jonny DeLuca strikes out swinging.,D,R,R,TB,NYY,S,2,,2,2,2026,-0.95,1.53,0.1203655032168814,2.9687657083838705,,,683748,0,4,Bot,,,,,,,9.671837922814236,-143.50574261479372,-5.594290095224053,-15.425562764463958,34.51825890602579,-9.846842387994732,3.133120079,1.581200787,,,,98.6,2498,6.4,849835,669224,671277,665862,641857,806146,641355,663757,682987,54.14,,0.0,0.0,1,0,0,,30,6,4-Seam Fastball,1,0,1,0,0,1,1,0,Standard,Standard,218,-0.026,-0.216,69.9,6.9,1.206015924,,0.216,,1,1,0.713,0.713,35,27,36,28,2,1,10,6,,,0.82,0.95,0.95,35.5,-2.295224207983797,17.51185135828805,25.18368980433658,38.09679505276391,14.589903938697466,10,3
FF,2026-10-03,97.1,-2.33,5.89,"Cole, Gerrit",676356,543037,,foul,,,,,12,,D,R,R,TB,NYY,S,,,2,2,2026,-0.93,1.35,0.2889045815683777,3.558185453787881,,,683748,0,4,Bot,,,,,,,9.08198195906722,-141.0101269523903,-3.6322306511095857,-14.551432134560558,33.73913803403822,-13.561294060101332,3.133120079,1.581200787,261,77.0,40,96.8,2277,6.4,849835,669224,671277,665862,641857,806146,641355,663757,682987,54.14,,,,,,,,30,5,4-Seam Fastball,1,0,1,0,0,1,1,0,Standard,Standard,221,0.0,0.0,66.8,7.0,,,0.0,88.0,1,1,0.713,0.713,35,27,36,28,2,1,10,6,,,1.09,0.93,0.93,39.7,6.685446413292724,12.14719948129683,13.308245044378372,39.7322926459536,22.93815813202763,10,3
SI,2026-10-03,95.9,-2.43,5.84,"Cole, Gerrit",676356,543037,,foul,,,,,5,,D,R,R,TB,NYY,S,,,2,1,2026,-1.28,1.24,0.1518119124802319,2.608247097286972,,,683748,0,4,Bot,,,,,,,9.666584358400344,-139.1498229079422,-5.520715840850305,-18.818504069682803,32.98181688597341,-15.04292062274638,3.133120079,1.581200787,130,69.8,66,95.6,2296,6.4,849835,669224,671277,665862,641857,806146,641355,663757,682987,54.12,,,,,,,,30,4,Sinker,1,0,1,0,0,1,1,0,Standard,Standard,213,-0.01,-0.069,69.5,7.4,,,0.069,88.0,1,1,0.723,0.723,35,27,36,28,2,1,10,6,,,1.27,1.28,1.28,38.2,2.7993607984779447,13.707338054613178,19.699823420196537,38.84163060997909,23.958800214323038,10,3
FF,2026-10-03,97.9,-2.47,5.82,"Cole, Gerrit",676356,543037,,ball,,,,,14,,D,R,R,TB,NYY,B,,,1,1,2026,-0.95,1.49,0.9883294042096163,1.4441703237799797,,,683748,0,4,Bot,,,,,,,11.400278334087677,-141.73366669307077,-9.454376024115565,-15.634962368185684,35.54407625520999,-9.913111081305368,3.133120079,1.581200787,,,,97.1,2364,6.4,849835,669224,671277,665862,641857,806146,641355,663757,682987,54.14,,,,,,,,30,3,4-Seam Fastball,1,0,1,0,0,1,1,0,Standard,Standard,218,0.007,0.059,,,,,-0.059,,1,1,0.716,0.716,35,27,36,28,2,1,10,6,,,0.93,0.95,0.95,39.3,,,,,,10,3
FF,2026-10-03,94.9,-2.32,6.03,"Cole, Gerrit",676356,543037,,ball,,,,,12,,D,R,R,TB,NYY,B,,,0,1,2026,-0.77,1.49,1.354847334108351,3.506891366783724,,,683748,0,4,Bot,,,,,,,11.175698646468772,-137.56363405014406,-4.002135069358169,-12.54869505511954,35.30552814536149,-12.64797145886912,3.133120079,1.581200787,,,,93.7,2315,6.2,849835,669224,671277,665862,641857,806146,641355,663757,682987,54.32,,,,,,,,30,2,4-Seam Fastball,1,0,1,0,0,1,1,0,Infield shade,Standard,215,0.003,0.026,,,,,-0.026,,1,1,0.713,0.713,35,27,36,28,2,1,10,6,,,1.09,0.77,0.77,47.4,,,,,,10,3
FF,2026-10-03,94.8,-2.33,6.04,"Cole, Gerrit",676356,543037,,foul,,,,,11,,D,R,R,TB,NYY,S,,,0,0,2026,-0.75,1.47,-0.3444512264393585,3.269407708322344,,,683748,0,4,Bot,,,,,,,6.809648382668756,-137.77471684314762,-4.654054905189922,-11.071110676648296,32.46893963056225,-12.637983540424012,3.133120079,1.581200787,100,89.8,80,94.3,2229,6.2,849835,669224,671277,665862,641857,806146,641355,663757,682987,54.3,,,,,,,,30,1,4-Seam Fastball,1,0,1,0,0,1,1,0,Infield shade,Standard,213,-0.005,-0.041,72.3,7.6,,,0.041,89.8,1,1,0.718,0.718,35,27,36,28,2,1,10,6,,,1.09,0.75,0.75,41.9,16.222684444617283,-10.371966124071792,19.89994969165518,33.01522637982316,33.40472105174482,10,3
KC,2026-10-03,83.4,-2.53,5.95,"Cole, Gerrit",683748,543037,single,hit_into_play,,,,,6,Victor Mesa Jr. singles on a fly ball to left fielder Cody Bellinger.,D,L,R,TB,NYY,X,7,fly_ball,1,0,2026,1.09,-1.25,0.5205586556247053,2.5998321288726167,,,,0,4,Bot,79.5,120.17,,,,,4.729181580995159,-121.26879164065096,1.5359935628932997,9.605419578925869,26.597382503533137,-45.023433191412266,3.15769357,1.593602362,196,64.7,29,82.6,2795,6.1,849835,669224,671277,665862,641857,806146,641355,663757,682987,54.41,0.914,0.846,0.9,1,1,0,4,29,2,Knuckle Curve,1,0,1,0,0,1,1,0,Standard,Standard,45,0.03,0.401,77.6,7.2,,0.995,-0.401,88.0,1,1,0.688,0.688,35,24,36,25,2,1,10,6,,,4.57,-1.09,1.09,40.5,1.012770517787059,15.651290882906292,31.38338211999411,30.38192746803153,21.41950709060357,10,3
FF,2026-10-03,98.0,-2.24,5.94,"Cole, Gerrit",683748,543037,,ball,,,,,14,,D,L,R,TB,NYY,B,,,0,0,2026,-0.89,1.42,0.9271316249988272,0.8918920951442089,,,,0,4,Bot,,,,,,,10.488949394322033,-142.01279142316736,-11.150278118167714,-14.458792241594326,32.38342010923842,-10.466286229741309,3.15769357,1.593602362,,,,97.6,2299,6.3,849835,669224,671277,665862,641857,806146,641355,663757,682987,54.19,,,,,,,,29,1,4-Seam Fastball,1,0,1,0,0,1,1,0,Standard,Standard,214,0.003,0.042,,,,,-0.042,,1,1,0.685,0.685,35,24,36,25,2,1,10,6,,,0.97,0.89,-0.89,41.4,,,,,,10,3
FF,2026-10-03,97.6,-1.6,6.05,"Rasmussen, Drew",806146,656876,strikeout,swinging_strike,,,,,1,George Lombard Jr. strikes out swinging.,D,R,R,TB,NYY,S,2,,0,2,2026,-0.11,1.84,-0.5303607520222807,3.1494597966093507,,,,2,4,Top,,,,,,,3.1102116757226965,-141.9572753388792,-6.423091428517892,-2.266663376518342,35.00604780172911,-6.031299520681203,3.298991142,1.664911417,,,,97.9,2608,6.6,849835,689414,666018,680700,691406,670764,802415,676356,683748,53.86,,0.0,0.0,1,0,0,,28,3,4-Seam Fastball,1,0,0,1,0,1,0,1,Standard,Standard,199,0.008,-0.155,72.5,6.9,0.871804572,,0.155,,1,-1,0.677,0.323,30,21,31,21,2,1,11,3,,,0.57,0.11,0.11,58.1,9.696146718225696,7.939338628674572,34.002091082225654,31.000537124209732,29.286398127954328,10,3
CH,2026-10-03,89.6,-1.92,5.67,"Rasmussen, Drew",806146,656876,,swinging_strike,,,,,14,,D,R,R,TB,NYY,S,,,0,1,2026,-0.9,-0.03,0.6665761622159363,1.3819524278861248,,,,2,4,Top,,,,,,,8.2556612331261,-130.22131975361268,-4.3066326178629,-11.940586651159366,27.273163078315783,-31.74711502440464,3.298991142,1.664911417,,,,89.8,1133,6.5,849835,689414,666018,680700,691406,670764,802415,676356,683748,54.01,,,,,,,,28,2,Changeup,1,0,0,1,0,1,0,1,Standard,Standard,233,0.003,-0.062,66.2,7.3,2.193386856,,0.062,,1,-1,0.674,0.326,30,21,31,21,2,1,11,3,,,2.87,0.9,0.9,45.5,4.60354737858169,7.858406309850189,33.29382499264998,46.83836575712542,28.88846161293467,10,3
FC,2026-10-03,88.7,-2.01,5.83,"Rasmussen, Drew",806146,656876,,called_strike,,,,,4,,D,R,R,TB,NYY,S,,,0,0,2026,0.3,0.33,-0.7781981247687468,2.265319610213927,,,,2,4,Top,,,,,,,2.361680898940371,-129.21502066744594,-3.2269071607378965,2.9014621705180823,24.12025267842035,-28.03398172474664,3.298991142,1.664911417,,,,89.6,2664,6.6,849835,689414,666018,680700,691406,670764,802415,676356,683748,53.94,,,,,,,,28,1,Cutter,1,0,0,1,0,1,0,1,Standard,Standard,132,0.002,-0.046,,,,,0.046,,1,-1,0.672,0.328,30,21,31,21,2,1,11,3,,,2.54,-0.3,-0.3,48.2,,,,,,10,3
FF,2026-10-03,96.7,-1.63,6.06,"Rasmussen, Drew",682987,656876,strikeout,swinging_strike,,,,,3,Spencer Jones strikes out swinging.,D,L,R,TB,NYY,S,2,,1,2,2026,-0.27,1.69,0.5522044464955151,3.552790992322379,,,,1,4,Top,,,,,,,6.395379301891135,-140.5815692736778,-4.872793580374666,-5.039307163771596,32.259001850480686,-8.849618146519838,3.499967192,1.766338583,,,,97.2,2653,6.6,849835,689414,666018,680700,691406,670764,802415,676356,683748,53.88,,0.0,0.0,1,0,0,,27,4,4-Seam Fastball,1,0,0,1,0,1,0,1,Infield shade,Strategic,199,0.014,-0.182,68.8,6.8,0.246316104,,0.182,,1,-1,0.658,0.342,30,25,31,25,2,1,11,3,,,0.75,0.27,-0.27,59.5,15.878899634269168,8.41836290590332,40.79348675360648,30.728067911373294,12.541719301799391,10,3
FC,2026-10-03,92.0,-2.02,5.89,"Rasmussen, Drew",682987,656876,,swinging_strike,,,,,2,,D,L,R,TB,NYY,S,,,1,1,2026,0.41,0.55,-0.012656940752428,3.180072978469608,,,,1,4,Top,,,,,,,4.140908743139815,-133.9823225124196,-2.113706235512153,4.0969752717111705,27.254204425084065,-25.27886955351856,3.499967192,1.766338583,,,,92.5,2773,6.4,849835,689414,666018,680700,691406,670764,802415,676356,683748,54.1,,,,,,,,27,3,Cutter,1,0,0,1,0,1,0,1,Infield shade,Strategic,179,0.005,-0.07,76.7,6.7,2.983881252,,0.07,,1,-1,0.653,0.347,30,25,31,25,2,1,11,3,,,2.12,-0.41,0.41,48.2,-3.164261640635977,25.10296331355289,43.75022377735374,37.295935405946345,5.983486461012941,10,3
FF,2026-10-03,96.5,-1.64,6.07,"Rasmussen, Drew",682987,656876,,ball,,,,,11,,D,L,R,TB,NYY,B,,,0,1,2026,-0.29,1.64,-0.7419706865492912,4.134653734538368,,,,1,4,Top,,,,,,,3.044231211816585,-140.4658142728292,-3.226660621057806,-4.512009752597944,33.19541452918831,-9.931047387363629,3.499967192,1.766338583,,,,96.7,2603,6.5,849835,689414,666018,680700,691406,670764,802415,676356,683748,54.03,,,,,,,,27,2,4-Seam Fastball,1,0,0,1,0,1,0,1,Infield shade,Strategic,204,-0.002,0.032,,,,,-0.032,,1,-1,0.655,0.345,30,25,31,25,2,1,11,3,,,0.81,0.29,-0.29,57.0,,,,,,10,3
FC,2026-10-03,90.4,-2.07,5.92,"Rasmussen, Drew",682987,656876,,swinging_strike,,,,,12,,D,L,R,TB,NYY,S,,,0,0,2026,0.53,0.62,0.0610370224043029,4.022897473855561,,,,1,4,Top,,,,,,,4.0885891004138575,-131.71736305026934,-0.0035421246680532,5.3942192092210615,26.80624327635873,-25.163040120039533,3.499967192,1.766338583,,,,90.9,2771,6.4,849835,689414,666018,680700,691406,670764,802415,676356,683748,54.09,,,,,,,,27,1,Cutter,1,0,0,1,0,1,0,1,Infield shade,Strategic,177,0.003,-0.041,61.1,5.5,3.946428516,,0.041,,1,-1,0.652,0.348,30,25,31,25,2,1,11,3,,,2.15,-0.53,0.53,49.2,-9.917441777868206,44.01069149812222,42.14380583482514,35.25125492168383,-3.6800667518914807,10,3
FC,2026-10-03,89.2,-2.14,5.83,"Rasmussen, Drew",671277,656876,field_out,hit_into_play,,,,,6,Luis García Jr. flies out to left fielder Chandler Simpson.,D,L,R,TB,NYY,X,7,fly_ball,0,1,2026,0.37,0.3,0.5542788857997083,2.2821925042813684,,,,0,4,Top,89.9,117.47,,,,,5.764972517185753,-129.85312631900933,-3.131932376878076,2.991614752063229,27.22802526215921,-28.351693797941746,3.248088911,1.639222441,224,72.2,43,89.6,2702,6.5,849835,689414,666018,680700,691406,670764,802415,676356,683748,53.97,0.311,0.305,0.0,1,0,0,3,26,2,Cutter,1,0,0,1,0,1,0,1,Standard,Standard,136,0.025,-0.218,77.9,6.9,,0.384,0.218,88.0,1,-1,0.627,0.373,30,26,31,26,2,1,11,3,,,2.56,-0.37,0.37,51.0,-0.5610876639032254,4.274939660681007,30.70111814419887,29.040078757901995,31.72098854094588,10,3
CH,2026-10-03,87.8,-1.88,5.84,"Rasmussen, Drew",671277,656876,,called_strike,,,,,5,,D,L,R,TB,NYY,S,,,0,0,2026,-0.65,-0.1,-0.103275223977566,2.7189799178103327,,,,0,4,Top,,,,,,,5.602205754301751,-127.93289364500896,-1.0934422108514368,-8.23739531358951,23.808872328917897,-33.224511885302064,3.248088911,1.639222441,,,,88.1,1382,6.2,849835,689414,666018,680700,691406,670764,802415,676356,683748,54.34,,,,,,,,26,1,Changeup,1,0,0,1,0,1,0,1,Standard,Standard,244,0.004,-0.041,,,,,0.041,,1,-1,0.623,0.377,30,26,31,26,2,1,11,3,,,3.02,0.65,-0.65,47.9,,,,,,10,3
FF,2026-10-03,96.6,-2.41,5.87,"Cole, Gerrit",802415,543037,field_out,hit_into_play,,,,,6,"Chandler Simpson grounds out, second baseman Jazz Chisholm Jr. to first baseman Luis García Jr.",D,L,R,TB,NYY,X,4,ground_ball,0,0,2026,-1.09,1.28,0.3915954116986986,2.6704815537081377,,689414,,2,3,Bot,147.06,149.8,,,,,9.851107028191782,-140.22146994479462,-5.642967922075257,-16.65458622979165,34.074109338350986,-14.108466982871036,3.177878937,1.60378937,15,101.5,-10,96.0,2239,6.2,849835,669224,671277,665862,641857,806146,641355,663757,682987,54.26,0.302,0.283,0.0,1,0,0,2,25,1,4-Seam Fastball,1,0,1,0,0,1,1,0,Standard,Standard,221,-0.032,-0.286,70.3,6.5,,0.338,0.286,101.5,1,1,0.655,0.655,35,25,36,26,2,1,10,8,,,1.18,1.09,-1.09,39.3,3.6793344236962624,4.822894137273959,29.722540837834657,34.63281821938303,23.73302571259181,10,3
FF,2026-10-03,96.9,-2.36,5.96,"Cole, Gerrit",689414,543037,double,hit_into_play,,,,,2,Liam Hicks doubles (1) on a sharp line drive to right fielder Spencer Jones.,D,L,R,TB,NYY,X,9,line_drive,2,1,2026,-0.75,1.41,-0.2709031008692451,2.645538576191023,,,,2,3,Bot,177.65,53.29,,,,,7.230939118912977,-140.85553335178247,-6.32584569565392,-11.664368188334915,33.14863500287412,-12.138563976860135,3.085728346,1.557283465,381,104.8,19,96.6,2314,6.2,849835,669224,671277,665862,641857,806146,641355,663757,682987,54.25,0.543,0.717,1.25,1,1,1,6,24,4,4-Seam Fastball,1,0,1,0,0,1,1,0,Infield shade,Standard,214,0.021,0.529,72.1,6.8,,1.169,-0.529,104.8,1,1,0.634,0.634,35,27,36,27,2,1,10,6,,,1.03,0.75,-0.75,41.9,11.58848641743112,-7.253872960019533,25.61422230228879,35.829980077217286,29.326027527665666,10,3
KC,2026-10-03,82.3,-2.6,5.84,"Cole, Gerrit",689414,543037,,ball,,,,,13,,D,L,R,TB,NYY,B,,,1,1,2026,1.15,-1.23,-0.1060277610659233,0.832118338467648,,,,2,3,Bot,,,,,,,3.3003535284408696,-119.77515730526106,-2.034685526148001,10.244669802625523,26.594488546906188,-43.685208681258494,3.085728346,1.557283465,,,,81.6,2823,6.1,849835,669224,671277,665862,641857,806146,641355,663757,682987,54.38,,,,,,,,24,3,Knuckle Curve,1,0,1,0,0,1,1,0,Infield shade,Standard,41,0.002,0.054,,,,,-0.054,,1,1,0.632,0.632,35,27,36,27,2,1,10,6,,,4.64,-1.15,1.15,38.4,,,,,,10,3
KC,2026-10-03,84.7,-2.62,5.81,"Cole, Gerrit",689414,543037,,ball,,,,,14,,D,L,R,TB,NYY,B,,,0,1,2026,1.33,-1.16,1.3875241984135016,0.918321313077505,,,,2,3,Bot,,,,,,,6.487495186234155,-123.05576087178432,-2.318109718533801,11.850166270605325,28.58938176570804,-43.50487307034202,3.085728346,1.557283465,,,,83.7,3079,6.1,849835,669224,671277,665862,641857,806146,641355,663757,682987,54.36,,,,,,,,24,2,Knuckle Curve,1,0,1,0,0,1,1,0,Infield shade,Standard,38,0.0,0.032,,,,,-0.032,,1,1,0.632,0.632,35,27,36,27,2,1,10,6,,,4.39,-1.33,1.33,38.8,,,,,,10,3
KC,2026-10-03,83.3,-2.64,5.91,"Cole, Gerrit",689414,543037,,called_strike,,,,,5,,D,L,R,TB,NYY,S,,,0,0,2026,1.18,-1.27,-0.0811644020315384,2.3739392541714635,,,,2,3,Bot,,,,,,,3.4250803463656463,-121.13063977500094,1.2079465235103275,10.63198547196374,27.865831820076476,-45.07960684920671,3.085728346,1.557283465,,,,82.2,2862,6.0,849835,669224,671277,665862,641857,806146,641355,663757,682987,54.47,,,,,,,,24,1,Knuckle Curve,1,0,1,0,0,1,1,0,Standard,Standard,42,-0.001,-0.046,,,,,0.046,,1,1,0.633,0.633,35,27,36,27,2,1,10,6,,,4.61,-1.18,1.18,40.9,,,,,,10,3
FF,2026-10-03,97.4,-2.47,5.86,"Cole, Gerrit",691406,543037,field_out,hit_into_play,,,,,2,Junior Caminero pops out to shortstop George Lombard Jr.,D,R,R,TB,NYY,X,6,popup,0,1,2026,-0.91,1.36,-0.1054347567778322,3.158045408514601,,,,1,3,Bot,104.36,143.17,,,,,8.359696970048413,-141.46078420250888,-4.650351993007576,-14.210933273362206,34.19106427401948,-13.10262461994767,3.243700787,1.637007874,154,99.7,65,96.8,2190,6.2,849835,669224,671277,665862,641857,806146,641355,663757,682987,54.34,0.017,0.019,0.0,1,0,0,3,23,2,4-Seam Fastball,1,0,1,0,0,1,1,0,Strategic,Standard,218,-0.013,-0.22,,,,0.026,0.22,99.7,1,1,0.646,0.646,35,22,36,23,2,1,10,6,,,1.07,0.91,0.91,39.6,,,,,,10,3
CH,2026-10-03,85.1,-2.42,5.8,"Cole, Gerrit",691406,543037,,foul,,,,,5,,D,R,R,TB,NYY,S,,,0,0,2026,-1.3,0.75,-0.0223681904101291,2.736498263443764,,,,1,3,Bot,,,,,,,8.201374550199814,-123.6942336983426,-2.158023136653456,-14.966343531010372,25.17523936934229,-24.2890169115874,3.243700787,1.637007874,,,,85.1,1766,6.4,849835,669224,671277,665862,641857,806146,641355,663757,682987,54.09,,,,,,,,23,1,Changeup,1,0,1,0,0,1,1,0,Strategic,Standard,235,-0.002,-0.041,77.9,8.1,,,0.041,,1,1,0.648,0.648,35,22,36,23,2,1,10,6,,,2.41,1.3,1.3,39.8,12.554059071772995,-6.712751129044451,22.79088082914265,37.43616464975929,37.414050126645336,10,3
CH,2026-10-03,85.2,-2.53,5.71,"Cole, Gerrit",666018,543037,home_run,hit_into_play,,,,,4,Jonathan Aranda homers (1) on a fly ball to right center field.,D,L,R,TB,NYY,X,,fly_ball,2,2,2026,-1.38,0.73,-0.7401235512232571,2.329088959769821,,,,1,3,Bot,179.45,38.89,,,,,6.976844043174741,-123.9341968825427,-2.899012153495561,-15.567183236385604,24.756860108021847,-24.29903221961276,3.189288058,1.609547244,417,107.1,30,85.5,1799,6.5,849835,669224,671277,665862,641857,806146,641355,663757,682987,54.03,0.937,1.904,2.0,1,0,3,6,22,5,Changeup,0,0,0,0,0,1,1,0,Infield shade,Standard,239,0.121,1.611,73.3,7.7,,3.717,-1.611,107.1,0,0,0.527,0.527,35,28,36,28,2,1,10,6,,,2.42,1.38,-1.38,39.1,15.273496371448426,-3.685342745370781,28.9821895140774,44.8602830846431,33.931542270255164,10,3
FF,2026-10-03,96.9,-2.56,5.85,"Cole, Gerrit",666018,543037,,ball,,,,,11,,D,L,R,TB,NYY,B,,,1,2,2026,-1.07,1.18,-1.2370011254314124,5.518303246424187,,,,1,3,Bot,,,,,,,5.946095637392253,-140.93444573199065,2.070678258598872,-15.617566512120018,34.80248747425773,-17.36201914200043,3.189288058,1.609547244,,,,96.3,2237,6.1,849835,669224,671277,665862,641857,806146,641355,663757,682987,54.36,,,,,,,,22,4,4-Seam Fastball,0,0,0,0,0,0,0,0,Infield shade,Standard,222,0.002,0.051,,,,,-0.051,,0,0,0.525,0.525,35,28,36,28,2,1,10,6,,,1.27,1.07,-1.07,38.1,,,,,,10,3
FF,2026-10-03,97.8,-2.4,5.93,"Cole, Gerrit",666018,543037,,foul,,,,,2,,D,L,R,TB,NYY,S,,,1,1,2026,-0.88,1.67,-0.0562429350496288,2.8006720705880244,,,,1,3,Bot,,,,,,,8.283225606804052,-142.0795847324016,-6.578429358942491,-13.925920245263391,35.11807952937926,-8.232463279151336,3.189288058,1.609547244,195,84.5,66,97.1,2371,6.2,849835,669224,671277,665862,641857,806146,641355,663757,682987,54.32,,,,,,,,22,3,4-Seam Fastball,0,0,0,0,0,0,0,0,Infield shade,Standard,215,-0.004,-0.07,68.0,6.8,,,0.07,88.0,0,0,0.529,0.529,35,28,36,28,2,1,10,6,,,0.74,0.88,-0.88,42.2,12.331667255260513,8.262331246167271,34.19390427239504,37.39192117407581,25.18284711284377,10,3
FF,2026-10-03,96.9,-2.61,5.88,"Cole, Gerrit",666018,543037,,ball,,,,,11,,D,L,R,TB,NYY,B,,,0,1,2026,-0.99,1.56,-1.3578270227158755,3.970470751694262,,,,1,3,Bot,,,,,,,5.574804099632808,-140.9645861555782,-2.951926732827906,-14.43876917331896,34.67052951450384,-11.01497154937193,3.189288058,1.609547244,,,,96.2,2372,6.1,849835,669224,671277,665862,641857,806146,641355,663757,682987,54.41,,,,,,,,22,2,4-Seam Fastball,0,0,0,0,0,0,0,0,Infield shade,Standard,223,0.002,0.032,,,,,-0.032,,0,0,0.527,0.527,35,28,36,28,2,1,10,6,,,0.89,0.99,-0.99,38.4,,,,,,10,3
SL,2026-10-03,90.5,-2.64,5.8,"Cole, Gerrit",666018,543037,,foul,,,,,14,,D,L,R,TB,NYY,S,,,0,0,2026,0.42,0.42,0.5005430410813267,1.1639263866872882,,,,1,3,Bot,,,,,,,6.779511981004247,-131.61346584932323,-6.273835054807394,3.480999892708393,27.58307404182653,-26.09707233857233,3.189288058,1.609547244,3,62.7,-25,90.2,2529,6.1,849835,669224,671277,665862,641857,806146,641355,663757,682987,54.39,,,,,,,,22,1,Slider,0,0,0,0,0,0,0,0,Infield shade,Standard,177,-0.003,-0.041,70.6,7.9,,,0.041,88.0,0,0,0.53,0.53,35,28,36,28,2,1,10,6,,,2.36,-0.42,0.42,38.2,15.40549030183387,-6.98173300323387,42.64219738131414,30.70060178991206,32.33407332684504,10,3
SI,2026-10-03,94.6,-2.46,5.9,"Cole, Gerrit",650490,543037,field_out,hit_into_play,,,,,7,Yandy Díaz flies out to right fielder Spencer Jones in foul territory.,D,R,R,TB,NYY,X,9,fly_ball,1,2,2026,-1.39,1.17,-0.4209790553723227,2.072652908409928,,,,0,3,Bot,207.66,126.1,,,,,8.361234806884163,-137.4362808498761,-6.659782337141071,-19.50880472909999,31.584787020698933,-16.034085654075522,3.227903543,1.629035433,271,82.4,30,94.1,2253,6.2,849835,669224,671277,665862,641857,806146,641355,663757,682987,54.35,0.097,0.12,0.0,1,0,0,3,21,4,Sinker,0,0,0,0,0,0,0,0,Standard,Strategic,215,-0.017,-0.186,73.8,7.5,,0.184,0.186,88.0,0,0,0.547,0.547,35,34,36,35,2,1,10,7,,,1.39,1.39,1.39,38.5,-3.250913949680996,12.429375592793118,32.85518170719698,33.714331630911644,24.791893554531665,10,3
FF,2026-10-03,95.3,-2.38,5.96,"Cole, Gerrit",650490,543037,,ball,,,,,11,,D,R,R,TB,NYY,B,,,0,2,2026,-0.79,1.53,-0.6967746167872542,3.936795199080825,,,,0,3,Bot,,,,,,,6.156355626182481,-138.61795071100607,-2.9568946474884643,-11.643990268424766,33.550277878370274,-12.02841963412368,3.227903543,1.629035433,,,,94.6,2304,6.1,849835,669224,671277,665862,641857,806146,641355,663757,682987,54.39,,,,,,,,21,3,4-Seam Fastball,0,0,0,0,0,0,0,0,Standard,Strategic,220,0.002,0.022,,,,,-0.022,,0,0,0.545,0.545,35,34,36,35,2,1,10,7,,,1.0,0.79,0.79,40.8,,,,,,10,3
SI,2026-10-03,95.8,-2.52,5.8,"Cole, Gerrit",650490,543037,,foul,,,,,5,,D,R,R,TB,NYY,S,,,0,1,2026,-1.42,1.08,-0.2125890271995547,2.282828284585166,,,,0,3,Bot,,,,,,,9.227267308069251,-139.1492272795193,-5.9177513288416375,-20.48322097266468,31.44634247258796,-16.930271969632177,3.227903543,1.629035433,298,95.8,20,95.4,2206,6.2,849835,669224,671277,665862,641857,806146,641355,663757,682987,54.3,,,,,,,,21,2,Sinker,0,0,0,0,0,0,0,0,Standard,Strategic,217,-0.006,-0.053,71.9,7.2,,,0.053,95.8,0,0,0.551,0.551,35,34,36,35,2,1,10,7,,,1.41,1.42,1.42,38.3,-10.508549764751423,23.998029794680797,29.67977696598236,37.06784757910219,16.629240816314095,10,3
FF,2026-10-03,95.2,-2.38,5.88,"Cole, Gerrit",650490,543037,,foul,,,,,5,,D,R,R,TB,NYY,S,,,0,0,2026,-0.78,1.66,-0.2600265278320364,2.430001405852768,,,,0,3,Bot,,,,,,,7.241754249735983,-138.3201981420003,-6.917585503364237,-11.66577889556952,32.80950483185447,-9.515741111706449,3.227903543,1.629035433,240,73.8,35,94.6,2261,6.2,849835,669224,671277,665862,641857,806146,641355,663757,682987,54.35,,,,,,,,21,1,4-Seam Fastball,0,0,0,0,0,0,0,0,Standard,Strategic,218,-0.004,-0.041,74.7,7.6,,,0.041,88.0,0,0,0.555,0.555,35,34,36,35,2,1,10,7,,,0.88,0.78,0.78,40.2,-1.388489472456876,3.826817650614599,28.99568623393672,36.15366248638301,26.77322471728792,10,3
FF,2026-10-03,96.7,-1.68,6.08,"Rasmussen, Drew",641355,656876,strikeout,swinging_strike,,,,,12,Cody Bellinger strikes out swinging.,D,L,R,TB,NYY,S,2,,1,2,2026,-0.17,1.59,0.3716154317497925,4.317256866099717,,,700250,2,3,Top,,,,,,,5.817155134907934,-140.75874670033846,-2.6605004131763943,-3.667751213348694,33.35706192850023,-10.746531316511364,3.344627625,1.687942913,,,,96.8,2547,6.5,849835,689414,666018,680700,691406,670764,802415,676356,683748,54.05,,0.0,0.0,1,0,0,,20,4,4-Seam Fastball,0,0,0,0,0,0,0,0,Infield shade,Standard,196,0.018,-0.193,65.4,6.6,1.064368716,,0.193,,0,0,0.537,0.463,30,30,31,31,2,1,11,3,,,0.86,0.17,-0.17,56.1,11.377027088410252,9.005777076316862,22.724315517585243,25.209980627903136,19.775559161575615,10,3
CH,2026-10-03,88.8,-1.91,5.81,"Rasmussen, Drew",641355,656876,,foul,,,,,8,,D,L,R,TB,NYY,S,,,1,1,2026,-0.76,0.14,-0.2629119492930172,2.1824810609945877,,,700250,2,3,Top,,,,,,,5.605393112525006,-129.16404424278676,-2.8653433340175285,-9.709456631257348,28.69530463309478,-30.24387132246397,3.344627625,1.687942913,,,,88.7,1267,6.4,849835,689414,666018,680700,691406,670764,802415,676356,683748,54.07,,,,,,,,20,3,Changeup,0,0,0,0,0,0,0,0,Infield shade,Standard,253,0.006,-0.067,74.4,8.1,,,0.067,,0,0,0.531,0.469,30,30,31,31,2,1,11,3,,,2.77,0.76,-0.76,46.5,11.052420623865032,-4.06442355491892,30.87373276370499,32.47081773657978,30.9603637135654,10,3
FC,2026-10-03,89.5,-2.07,5.92,"Rasmussen, Drew",641355,656876,,swinging_strike,,,,,11,,D,L,R,TB,NYY,S,,,1,0,2026,0.32,0.37,-0.1466669902309188,3.5706738526684174,,,700250,2,3,Top,,,,,,,4.022670506308681,-130.34848963360997,-0.3796541566790025,2.6983443639710942,28.656423174841965,-28.13777879114165,3.344627625,1.687942913,,,,89.6,2680,6.4,849835,689414,666018,680700,691406,670764,802415,676356,683748,54.12,,,,,,,,20,2,Cutter,0,0,0,0,0,0,0,0,Standard,Strategic,165,0.003,-0.051,72.2,7.9,0.723590892,,0.051,,0,0,0.528,0.472,30,30,31,31,2,1,11,3,,,2.48,-0.32,0.32,51.9,17.53565550076919,-2.51204140892956,24.909173578475723,32.80530941828735,27.858997472237952,10,3
SI,2026-10-03,94.4,-1.85,5.73,"Rasmussen, Drew",641355,656876,,ball,,,,,14,,D,L,R,TB,NYY,B,,,0,0,2026,-1.45,0.92,1.220976253423339,1.720098684922684,,,700250,2,3,Top,,,,,,,11.184637535595982,-136.79268819755606,-6.5304082493918045,-20.719379588589884,33.074477207967384,-19.23345497435393,3.344627625,1.687942913,,,,94.1,2458,6.6,849835,689414,666018,680700,691406,670764,802415,676356,683748,53.91,,,,,,,,20,1,Sinker,0,0,0,0,0,0,0,0,Standard,Strategic,213,-0.002,0.037,,,,,-0.037,,0,0,0.53,0.47,30,30,31,31,2,1,11,3,,,1.68,1.45,-1.45,49.0,,,,,,10,3
FF,2026-10-03,95.6,-1.6,6.08,"Rasmussen, Drew",700250,656876,walk,ball,,,,,12,Ben Rice walks.,D,L,R,TB,NYY,B,,,3,0,2026,-0.21,1.5,1.418857876588279,2.925545740578934,,,,2,3,Top,,,,,,,8.328593186736443,-138.90263911326625,-5.888724431997044,-4.649414953677545,32.294476630491744,-11.607954446070588,3.280561024,1.655610236,,,,95.4,2486,6.4,849835,689414,666018,680700,691406,670764,802415,676356,683748,54.14,,0.69822,0.7,1,0,0,,19,4,4-Seam Fastball,0,0,0,0,0,0,0,0,Infield shade,Strategic,199,-0.005,0.123,,,,,-0.123,,0,0,0.535,0.465,30,27,31,27,2,1,11,3,,,1.01,0.21,-0.21,58.4,,,,,,10,3
FC,2026-10-03,87.6,-1.94,5.9,"Rasmussen, Drew",700250,656876,,ball,,,,,14,,D,L,R,TB,NYY,B,,,2,0,2026,0.45,-0.09,0.5268559351793262,0.9334092366430996,,,,2,3,Top,,,,,,,4.943679458881287,-127.46768403169143,-5.396827254318367,3.836142500541573,26.671670722801263,-32.27162664693968,3.280561024,1.655610236,,,,87.8,2763,6.5,849835,689414,666018,680700,691406,670764,802415,676356,683748,54.03,,,,,,,,19,3,Cutter,0,0,0,0,0,0,0,0,Infield shade,Standard,79,-0.004,0.101,,,,,-0.101,,0,0,0.539,0.461,30,27,31,27,2,1,11,3,,,3.07,-0.45,0.45,51.3,,,,,,10,3
FC,2026-10-03,88.5,-2.03,5.93,"Rasmussen, Drew",700250,656876,,ball,,,,,14,,D,L,R,TB,NYY,B,,,1,0,2026,0.54,0.14,1.0271953440590498,1.8305890997333705,,,,2,3,Top,,,,,,,6.221592806535148,-128.65732592406076,-3.949178142868859,4.574815761728529,27.92096329865668,-29.95249448872345,3.280561024,1.655610236,,,,88.3,2637,6.3,849835,689414,666018,680700,691406,670764,802415,676356,683748,54.16,,,,,,,,19,2,Cutter,0,0,0,0,0,0,0,0,Infield shade,Strategic,129,-0.003,0.065,,,,,-0.065,,0,0,0.542,0.458,30,27,31,27,2,1,11,3,,,2.78,-0.54,0.54,54.2,,,,,,10,3
SI,2026-10-03,95.1,-1.95,5.77,"Rasmussen, Drew",700250,656876,,ball,,,,,14,,D,L,R,TB,NYY,B,,,0,0,2026,-1.49,0.82,0.9305477034503222,2.198918372284494,,,,2,3,Top,,,,,,,10.903840731578011,-137.90255873488329,-5.295417813403289,-21.56454827969399,33.57987633302313,-20.62612417874767,3.280561024,1.655610236,,,,95.0,2309,6.6,849835,689414,666018,680700,691406,670764,802415,676356,683748,53.87,,,,,,,,19,1,Sinker,0,0,0,0,0,0,0,0,Infield shade,Strategic,212,-0.001,0.042,,,,,-0.042,,0,0,0.543,0.457,30,27,31,27,2,1,11,3,,,1.74,1.49,-1.49,50.6,,,,,,10,3
SI,2026-10-03,94.0,-1.99,5.7,"Rasmussen, Drew",641857,656876,field_out,hit_into_play,,,,,2,"Ryan McMahon grounds out, shortstop Taylor Walls to first baseman Jonathan Aranda.",D,L,R,TB,NYY,X,6,ground_ball,3,2,2026,-1.5,0.64,0.2522684021291368,3.117373514112707,,,,1,3,Top,114.65,133.35,,,,,9.139253692469536,-136.55940294575808,-2.216395765269891,-20.7896034351806,30.18413916739196,-23.913550859886985,3.31742126,1.674212598,109,88.6,6,94.2,2294,6.5,849835,689414,666018,680700,691406,670764,802415,676356,683748,54.0,0.449,0.414,0.0,1,0,0,4,18,6,Sinker,0,0,0,0,0,0,0,0,Infield shade,Standard,215,0.022,-0.344,65.7,6.1,,0.504,0.344,88.6,0,0,0.521,0.479,30,31,31,32,1,0,11,3,,,1.95,1.5,-1.5,48.3,3.191174927161533,18.89798944966101,31.589265772808503,35.0702920484716,14.36748871407589,10,3
FC,2026-10-03,89.6,-1.97,5.9,"Rasmussen, Drew",641857,656876,,ball,,,,,14,,D,L,R,TB,NYY,B,,,2,2,2026,0.38,0.43,1.0384738644601634,2.3509872373855347,,,,1,3,Top,,,,,,,6.550032597800411,-130.36258846396268,-3.494578900421566,2.962525759825566,26.502408677894824,-26.753310397412807,3.31742126,1.674212598,,,,90.0,2589,6.5,849835,689414,666018,680700,691406,670764,802415,676356,683748,54.03,,,,,,,,18,5,Cutter,0,0,0,0,0,0,0,0,Infield shade,Standard,148,-0.007,0.111,,,,,-0.111,,0,0,0.528,0.472,30,31,31,32,1,0,11,3,,,2.4,-0.38,0.38,49.3,,,,,,10,3
FC,2026-10-03,89.1,-1.94,5.89,"Rasmussen, Drew",641857,656876,,ball,,,,,14,,D,L,R,TB,NYY,B,,,1,2,2026,0.5,-0.09,1.316997397664642,2.086727364699825,,,,1,3,Top,,,,,,,6.847229716980494,-129.54091119055386,-2.8552695460982163,4.020356671462113,28.950710465379764,-32.71350493221934,3.31742126,1.674212598,,,,89.1,2621,6.5,849835,689414,666018,680700,691406,670764,802415,676356,683748,54.0,,,,,,,,18,4,Cutter,0,0,0,0,0,0,0,0,Infield shade,Standard,125,-0.002,0.051,,,,,-0.051,,0,0,0.53,0.47,30,31,31,32,1,0,11,3,,,2.98,-0.5,0.5,52.6,,,,,,10,3
CH,2026-10-03,89.2,-1.99,5.71,"Rasmussen, Drew",641857,656876,,ball,,,,,13,,D,L,R,TB,NYY,B,,,0,2,2026,-1.03,0.2,-0.0547347860874376,0.6120671760926535,,,,1,3,Top,,,,,,,6.902123987357398,-129.59775281568227,-6.6644084790505165,-13.04277809803831,27.347031630947303,-28.73426291245468,3.31742126,1.674212598,,,,89.3,921,6.5,849835,689414,666018,680700,691406,670764,802415,676356,683748,54.03,,,,,,,,18,3,Changeup,0,0,0,0,0,0,0,0,Infield shade,Standard,238,-0.002,0.019,,,,,-0.019,,0,0,0.532,0.468,30,31,31,32,1,0,11,3,,,2.68,1.03,-1.03,46.3,,,,,,10,3
CH,2026-10-03,88.0,-1.87,5.84,"Rasmussen, Drew",641857,656876,,called_strike,,,,,6,,D,L,R,TB,NYY,S,,,0,1,2026,-0.62,0.54,0.7196977212067457,2.663862735376067,,,,1,3,Top,,,,,,,7.541983036571607,-127.97294649598616,-2.515009934226693,-8.427448641966468,26.61159399236445,-25.94690649029241,3.31742126,1.674212598,,,,88.3,803,6.5,849835,689414,666018,680700,691406,670764,802415,676356,683748,53.98,,,,,,,,18,2,Changeup,0,0,0,0,0,0,0,0,Standard,Standard,232,0.004,-0.057,,,,,0.057,,0,0,0.528,0.472,30,31,31,32,1,0,11,3,,,2.41,0.62,-0.62,53.3,,,,,,10,3
FF,2026-10-03,95.2,-1.7,6.01,"Rasmussen, Drew",641857,656876,,foul,,,,,2,,D,L,R,TB,NYY,S,,,0,0,2026,-0.61,1.33,-0.0167910718865205,3.1238011958677068,,,,1,3,Top,,,,,,,5.787923485503717,-138.46428254584114,-4.798592726268985,-9.154106249118447,29.96424769256956,-14.159140519767195,3.31742126,1.674212598,,,,95.7,2405,6.6,849835,689414,666018,680700,691406,670764,802415,676356,683748,53.94,,,,,,,,18,1,4-Seam Fastball,0,0,0,0,0,0,0,0,Standard,Standard,202,0.003,-0.041,70.4,6.2,,,0.041,,0,0,0.525,0.475,30,31,31,32,1,0,11,3,,,1.18,0.61,-0.61,57.4,0.0633593443208757,19.623075711523636,31.07153086378879,38.86865258553166,15.525576355646091,10,3
CH,2026-10-03,88.4,-1.99,5.82,"Rasmussen, Drew",669224,656876,strikeout,swinging_strike,,,,,14,Austin Wells strikes out swinging.,D,L,R,TB,NYY,S,2,,2,2,2026,-0.76,0.02,0.8212373556502295,1.456505236019856,,,,0,3,Top,,,,,,,8.374149660506518,-128.40105674646026,-4.348656487170385,-10.162140075849782,26.32062982848216,-31.21536423895374,3.254232283,1.642322835,,,,88.5,1288,6.4,849835,689414,666018,680700,691406,670764,802415,676356,683748,54.1,,0.0,0.0,1,0,0,,17,5,Changeup,0,0,0,0,0,0,0,0,Infield shade,Standard,243,0.021,-0.232,73.2,8.4,1.398571068,,0.232,,0,0,0.504,0.496,30,26,31,27,1,0,11,3,,,2.9,0.76,-0.76,53.2,30.64399238537543,-29.329454224036205,39.11810994848036,24.913742505362976,45.49994745902886,10,3
FF,2026-10-03,94.9,-1.65,6.01,"Rasmussen, Drew",669224,656876,,foul,,,,,3,,D,L,R,TB,NYY,S,,,2,1,2026,-0.41,1.41,0.4943087810597962,3.1584533643588477,,,,0,3,Top,,,,,,,6.490646957342847,-137.95358629645708,-4.785824630431894,-6.719445217621876,31.59879379904847,-13.357155073118566,3.254232283,1.642322835,145,75.9,19,95.0,2545,6.5,849835,689414,666018,680700,691406,670764,802415,676356,683748,54.03,,,,,,,,17,4,4-Seam Fastball,0,0,0,0,0,0,0,0,Standard,Standard,196,0.008,-0.077,74.6,6.7,,,0.077,88.0,0,0,0.496,0.504,30,26,31,27,1,0,11,3,,,1.14,0.41,-0.41,55.7,12.914443899673884,3.647607327426873,32.1359052011714,26.945772934218574,27.88974426870916,10,3
SI,2026-10-03,94.0,-1.91,5.82,"Rasmussen, Drew",669224,656876,,ball,,,,,12,,D,L,R,TB,NYY,B,,,1,1,2026,-1.53,0.91,0.1611307068298424,3.4795821332635586,,,,0,3,Top,,,,,,,8.78998520112074,-136.593955068922,-2.1681809983318656,-21.173948366592896,32.34603300687806,-20.5217204079634,3.254232283,1.642322835,,,,94.0,2350,6.5,849835,689414,666018,680700,691406,670764,802415,676356,683748,53.97,,,,,,,,17,3,Sinker,0,0,0,0,0,0,0,0,Standard,Standard,212,-0.005,0.063,,,,,-0.063,,0,0,0.501,0.499,30,26,31,27,1,0,11,3,,,1.69,1.53,-1.53,46.5,,,,,,10,3
FC,2026-10-03,89.2,-2.11,5.89,"Rasmussen, Drew",669224,656876,,swinging_strike,,,,,3,,D,L,R,TB,NYY,S,,,1,0,2026,0.33,0.65,0.8070933240693536,2.851307066671468,,,,0,3,Top,,,,,,,6.407739647453104,-129.85642087901775,-2.688404285093589,2.4412266054045246,25.48174738462131,-24.42099106404469,3.254232283,1.642322835,,,,89.8,2711,6.5,849835,689414,666018,680700,691406,670764,802415,676356,683748,54.0,,,,,,,,17,2,Cutter,0,0,0,0,0,0,0,0,Standard,Standard,166,0.005,-0.055,74.0,7.5,0.416938944,,0.055,,0,0,0.496,0.504,30,26,31,27,1,0,11,3,,,2.2,-0.33,0.33,52.7,23.755364521184926,-6.229311468776505,37.052420358928295,24.17156077483201,30.848144527995164,10,3
FF,2026-10-03,95.2,-1.74,6.05,"Rasmussen, Drew",669224,656876,,ball,,,,,1,,D,L,R,TB,NYY,B,,,0,0,2026,-0.5,1.55,-0.580678303131785,3.1898404358211896,,,,0,3,Top,,,,,,,4.157398602036696,-138.4531703673883,-5.175739323559467,-7.3343486356350684,33.5084805143591,-11.33929066243948,3.254232283,1.642322835,,,,95.5,2363,6.7,849835,689414,666018,680700,691406,670764,802415,676356,683748,53.84,,,,,,,,17,1,4-Seam Fastball,0,0,0,0,0,0,0,0,Standard,Standard,202,-0.004,0.042,,,,,-0.042,,0,0,0.5,0.5,30,26,31,27,1,0,11,3,,,0.99,0.5,-0.5,56.8,,,,,,10,3
FF,2026-10-03,98.2,-2.42,5.9,"Cole, Gerrit",670764,543037,field_out,hit_into_play,,,,,6,"Taylor Walls grounds out, third baseman Ryan McMahon to first baseman Luis García Jr.",D,L,R,TB,NYY,X,5,ground_ball,2,2,2026,-0.72,1.36,0.3928634443652375,2.349339813338939,,680700,,2,2,Bot,112.64,165.49,,,,,9.174442922884522,-142.47912439602734,-7.031464421717196,-12.001095140033527,35.65821876269876,-12.158540295068292,3.055889108,1.542224409,13,85.6,-10,97.5,2280,6.2,849835,669224,671277,665862,641857,806146,641355,663757,682987,54.26,0.124,0.119,0.0,1,0,0,2,16,5,4-Seam Fastball,0,0,0,0,0,0,0,0,Standard,Standard,216,-0.03,-0.221,60.0,5.4,,0.153,0.221,88.0,0,0,0.53,0.53,35,29,36,30,1,0,10,7,,,1.03,0.72,-0.72,40.3,-15.148785286791512,28.38514675127948,38.2144557752798,29.67347508933659,13.964493930894308,10,3
FF,2026-10-03,96.9,-2.38,5.98,"Cole, Gerrit",670764,543037,,ball,,,,,12,,D,L,R,TB,NYY,B,,,1,2,2026,-0.59,1.39,1.7936923682213437,2.8339512682745016,,680700,,2,2,Bot,,,,,,,12.288870161462125,-140.4618793652037,-5.784904463537312,-10.723688519710404,33.53181778683223,-12.606789111271272,3.055889108,1.542224409,,,,96.1,2272,6.2,849835,669224,671277,665862,641857,806146,641355,663757,682987,54.34,,,,,,,,16,4,4-Seam Fastball,0,0,0,0,0,0,0,0,Standard,Standard,212,0.006,0.027,,,,,-0.027,,0,0,0.524,0.524,35,29,36,30,1,0,10,7,,,1.07,0.59,-0.59,40.6,,,,,,10,3
KC,2026-10-03,83.5,-2.65,5.77,"Cole, Gerrit",670764,543037,,swinging_strike,,,,,14,,D,L,R,TB,NYY,S,,,1,1,2026,1.05,-1.25,1.297454639224489,1.937429008142388,,680700,,2,2,Bot,,,,,,,6.849578029506926,-121.32924733297678,0.474180833967406,8.667782881572782,27.326038701167292,-44.73600751417589,3.055889108,1.542224409,,,,82.7,2713,6.2,849835,669224,671277,665862,641857,806146,641355,663757,682987,54.3,,,,,,,,16,3,Knuckle Curve,0,0,0,0,0,0,0,0,Standard,Standard,47,-0.009,-0.068,30.4,5.3,7.651315836,,0.068,,0,0,0.533,0.533,35,29,36,30,1,0,10,7,,,4.57,-1.05,1.05,36.5,-0.3251381824125897,32.277067774398084,28.378873966429964,19.1832289539888,19.875456621866217,10,3
KC,2026-10-03,82.0,-2.55,5.9,"Cole, Gerrit",670764,543037,,called_strike,,,,,2,,D,L,R,TB,NYY,S,,,1,0,2026,1.01,-1.18,0.0354676488096653,2.8364811006417803,,680700,,2,2,Bot,,,,,,,3.777608433073573,-119.22985690699625,2.263736768935924,8.670109477059455,26.09037913434917,-44.10542545538733,3.055889108,1.542224409,,,,81.2,2673,6.1,849835,669224,671277,665862,641857,806146,641355,663757,682987,54.37,,,,,,,,16,2,Knuckle Curve,0,0,0,0,0,0,0,0,Standard,Standard,43,-0.003,-0.045,,,,,0.045,,0,0,0.536,0.536,35,29,36,30,1,0,10,7,,,4.62,-1.01,1.01,39.8,,,,,,10,3
FF,2026-10-03,96.0,-2.43,5.94,"Cole, Gerrit",670764,543037,,ball,,,,,12,,D,L,R,TB,NYY,B,,,0,0,2026,-0.64,1.49,0.2055854056199548,3.817991245606665,,680700,,2,2,Bot,,,,,,,8.317904338665274,-139.492146401022,-3.2217272516910915,-10.263334536629095,33.749856268382324,-12.27895862756084,3.055889108,1.542224409,,,,95.5,2286,6.2,849835,669224,671277,665862,641857,806146,641355,663757,682987,54.26,,,,,,,,16,1,4-Seam Fastball,0,0,0,0,0,0,0,0,Standard,Standard,220,0.001,0.02,,,,,-0.02,,0,0,0.535,0.535,35,29,36,30,1,0,10,7,,,1.01,0.64,-0.64,41.1,,,,,,10,3
CH,2026-10-03,84.6,-2.55,5.76,"Cole, Gerrit",680700,543037,double,hit_into_play,,,,,4,Richie Palacios doubles (1) on a fly ball to right fielder Spencer Jones.,D,L,R,TB,NYY,X,9,fly_ball,0,1,2026,-1.41,0.64,-0.7957170605323569,2.192928089675927,,,,2,2,Bot,184.92,54.96,,,,,6.908618312159501,-123.06628767942549,-3.034325061437509,-15.744252116084107,24.678318863970755,-25.229155203130876,3.040091864,1.534251969,384,99.4,23,84.5,1638,6.3,849835,669224,671277,665862,641857,806146,641355,663757,682987,54.21,0.357,0.487,1.25,1,1,1,5,15,2,Changeup,0,0,0,0,0,0,0,0,Standard,Standard,233,0.026,0.614,73.3,7.9,,0.813,-0.614,99.4,0,0,0.509,0.509,35,29,36,29,1,0,10,6,,,2.55,1.41,-1.41,40.9,16.73335805576782,-10.570936443584449,28.37928529957308,39.580828188671646,34.28814757606032,10,3
KC,2026-10-03,83.0,-2.55,5.91,"Cole, Gerrit",680700,543037,,called_strike,,,,,7,,D,L,R,TB,NYY,S,,,0,0,2026,0.95,-1.31,-0.3910471026511606,1.737332870939447,,,,2,2,Bot,,,,,,,2.9595042041395345,-120.77590586382745,-0.1213121589347809,8.55586172991661,26.96309139104489,-45.09957670927471,3.040091864,1.534251969,,,,82.1,2708,6.0,849835,669224,671277,665862,641857,806146,641355,663757,682987,54.47,,,,,,,,15,1,Knuckle Curve,0,0,0,0,0,0,0,0,Standard,Standard,39,-0.002,-0.046,,,,,0.046,,0,0,0.511,0.511,35,29,36,29,1,0,10,6,,,4.66,-0.95,0.95,40.0,,,,,,10,3
KC,2026-10-03,82.4,-2.45,5.93,"Cole, Gerrit",676356,543037,field_out,hit_into_play,,,,,5,"Jonny DeLuca grounds out, second baseman Jazz Chisholm Jr. to first baseman Luis García Jr.",D,R,R,TB,NYY,X,4,ground_ball,1,1,2026,0.89,-1.23,-0.2359519235762676,2.5044230897689594,,,,1,2,Bot,124.79,139.18,,,,,3.171153493705293,-119.79825919712444,1.4920773590880676,7.787276207868574,26.763922937160864,-44.45588876281736,3.133120079,1.581200787,74,95.4,2,81.5,2833,6.1,849835,669224,671277,665862,641857,806146,641355,663757,682987,54.43,0.429,0.415,0.0,1,0,0,4,14,3,Knuckle Curve,0,0,0,0,0,0,0,0,Standard,Standard,43,-0.016,-0.252,70.8,6.5,,0.507,0.252,95.4,0,0,0.527,0.527,35,27,36,28,1,0,10,6,,,4.64,-0.89,-0.89,41.9,-0.6005371246487449,8.333833701921959,17.23944178396549,33.15149543564097,26.907604754600086,10,3
FF,2026-10-03,96.5,-2.44,5.87,"Cole, Gerrit",676356,543037,,ball,,,,,12,,D,R,R,TB,NYY,B,,,0,1,2026,-0.64,1.32,0.2328665830553801,4.000636307569581,,,,1,2,Bot,,,,,,,8.457455409694656,-140.26605357459508,-2.264898154737021,-10.462220119579912,33.304635592864706,-14.441170709537191,3.133120079,1.581200787,,,,95.9,2240,6.1,849835,669224,671277,665862,641857,806146,641355,663757,682987,54.4,,,,,,,,14,2,4-Seam Fastball,0,0,0,0,0,0,0,0,Standard,Standard,218,0.002,0.032,,,,,-0.032,,0,0,0.525,0.525,35,27,36,28,1,0,10,6,,,1.14,0.64,0.64,38.7,,,,,,10,3
KC,2026-10-03,81.9,-2.51,6.04,"Cole, Gerrit",676356,543037,,called_strike,,,,,4,,D,R,R,TB,NYY,S,,,0,0,2026,0.84,-1.07,-0.4061206875635135,2.482627243452922,,,,1,2,Bot,,,,,,,3.025225879898517,-119.14283656440364,0.930807196868842,7.2756925156656544,25.3998684166384,-42.7657569200293,3.133120079,1.581200787,,,,81.0,2779,6.0,849835,669224,671277,665862,641857,806146,641355,663757,682987,54.54,,,,,,,,14,1,Knuckle Curve,0,0,0,0,0,0,0,0,Standard,Standard,40,-0.003,-0.041,,,,,0.041,,0,0,0.528,0.528,35,27,36,28,1,0,10,6,,,4.51,-0.84,-0.84,42.5,,,,,,10,3
FF,2026-10-03,95.7,-2.61,5.81,"Cole, Gerrit",683748,543037,strikeout,swinging_strike,,,,,11,Victor Mesa Jr. strikes out swinging.,D,L,R,TB,NYY,S,2,,1,2,2026,-0.7,1.55,-0.5332263454722721,3.5721427320841865,,,,0,2,Bot,,,,,,,6.997357293343272,-139.13198222845722,-3.628930592002222,-10.666113791993114,32.589167177776154,-11.463463944183149,3.15769357,1.593602362,,,,95.3,2319,6.2,849835,669224,671277,665862,641857,806146,641355,663757,682987,54.32,,0.0,0.0,1,0,0,,13,6,4-Seam Fastball,0,0,0,0,0,0,0,0,Infield shade,Standard,219,-0.016,-0.186,73.3,7.2,0.13014996,,0.186,,0,0,0.544,0.544,35,24,36,25,1,0,10,6,,,0.95,0.7,-0.7,37.6,6.246332822025516,21.72936506673404,18.539627665493764,42.41003495969388,11.351341879597012,10,3
FF,2026-10-03,97.0,-2.41,5.96,"Cole, Gerrit",683748,543037,,foul,,,,,3,,D,L,R,TB,NYY,S,,,1,2,2026,-0.98,1.41,0.7255941824186471,3.0109644928539665,,,,0,2,Bot,,,,,,,10.46786244683078,-140.82334785137633,-5.349369124758452,-15.460333620016014,33.580620992474664,-12.412871438540186,3.15769357,1.593602362,1,47.1,-67,96.1,2297,6.0,849835,669224,671277,665862,641857,806146,641355,663757,682987,54.46,,,,,,,,13,5,4-Seam Fastball,0,0,0,0,0,0,0,0,Infield shade,Standard,221,0.0,0.0,41.7,5.6,,,0.0,88.0,0,0,0.544,0.544,35,24,36,25,1,0,10,6,,,1.04,0.98,-0.98,39.5,-16.333459110084277,36.64977200674589,31.663029842547303,26.156478312071425,9.598603694540545,10,3
KC,2026-10-03,83.5,-2.62,5.87,"Cole, Gerrit",683748,543037,,foul,,,,,14,,D,L,R,TB,NYY,S,,,1,2,2026,1.01,-1.4,0.4391658565721099,1.0879902300625224,,,,0,2,Bot,,,,,,,4.894297943289111,-121.3845775264057,-1.3635588042151667,8.712623567440883,28.34124364003454,-45.75136475760776,3.15769357,1.593602362,2,67.8,-28,82.4,2776,6.1,849835,669224,671277,665862,641857,806146,641355,663757,682987,54.42,,,,,,,,13,4,Knuckle Curve,0,0,0,0,0,0,0,0,Infield shade,Standard,42,0.0,0.0,,,,,0.0,88.0,0,0,0.544,0.544,35,24,36,25,1,0,10,6,,,4.73,-1.01,1.01,37.8,,,,,,10,3
KC,2026-10-03,82.5,-2.38,5.91,"Cole, Gerrit",683748,543037,,ball,,,,,14,,D,L,R,TB,NYY,B,,,0,2,2026,1.05,-1.54,0.8863495344138038,-1.0655058254942076,,,,0,2,Bot,,,,,,,5.219927479279198,-119.86895025246352,-5.734530531216709,8.605491708294387,29.7387228750812,-45.54720072686327,3.15769357,1.593602362,,,,81.1,2904,6.1,849835,669224,671277,665862,641857,806146,641355,663757,682987,54.43,,,,,,,,13,3,Knuckle Curve,0,0,0,0,0,0,0,0,Infield shade,Standard,36,0.002,0.022,,,,,-0.022,,0,0,0.542,0.542,35,24,36,25,1,0,10,6,,,4.98,-1.05,1.05,42.7,,,,,,10,3
FF,2026-10-03,96.3,-2.25,6.05,"Cole, Gerrit",683748,543037,,foul,,,,,2,,D,L,R,TB,NYY,S,,,0,1,2026,-0.67,1.42,0.0944685637100642,2.8709825946433383,,,,0,2,Bot,,,,,,,7.651249673973567,-140.01620302530986,-5.895056723539675,-10.537685550580983,32.39193447079855,-12.374138071132313,3.15769357,1.593602362,189,72.1,47,95.9,2322,6.1,849835,669224,671277,665862,641857,806146,641355,663757,682987,54.36,,,,,,,,13,2,4-Seam Fastball,0,0,0,0,0,0,0,0,Standard,Standard,215,-0.006,-0.053,75.5,7.0,,,0.053,88.0,0,0,0.548,0.548,35,24,36,25,1,0,10,6,,,1.05,0.67,-0.67,42.2,2.066818611477608,13.650794839605563,29.22987300782132,34.52367286358451,22.40326678709082,10,3
FF,2026-10-03,95.8,-2.32,6.03,"Cole, Gerrit",683748,543037,,foul,,,,,2,,D,L,R,TB,NYY,S,,,0,0,2026,-0.81,1.47,-0.1212568896542256,2.87096605617188,,,,0,2,Bot,,,,,,,7.544637558676888,-139.11074038552155,-5.790218120741044,-12.272490956373735,34.34321534668668,-12.04362376117389,3.15769357,1.593602362,300,87.2,40,94.9,2289,6.1,849835,669224,671277,665862,641857,806146,641355,663757,682987,54.39,,,,,,,,13,1,4-Seam Fastball,0,0,0,0,0,0,0,0,Standard,Standard,211,-0.003,-0.041,,,,,0.041,88.0,0,0,0.551,0.551,35,24,36,25,1,0,10,6,,,1.05,0.81,-0.81,43.9,,,,,,10,3
CH,2026-10-03,88.9,-2.03,5.74,"Rasmussen, Drew",663757,656876,strikeout,called_strike,,,,,1,Trent Grisham called out on strikes.,D,L,R,TB,NYY,S,2,,2,2,2026,-0.76,0.29,-0.2936867843010711,3.0306471520427776,,665862,,2,2,Top,,,,,,,5.828054649700949,-129.42230929842347,-1.07280765656607,-9.739077143565856,25.198882922002625,-28.84979900551537,3.138385827,1.583858268,,,,89.3,1194,6.4,849835,689414,666018,680700,691406,670764,802415,676356,683748,54.12,,0.0,0.0,1,0,0,,12,5,Changeup,0,0,0,0,0,0,0,0,Standard,Standard,233,0.029,-0.219,,,,,0.219,,0,0,0.522,0.478,30,29,31,30,1,0,11,3,,,2.57,0.76,-0.76,50.1,,,,,,10,3
FC,2026-10-03,89.1,-2.22,5.76,"Rasmussen, Drew",663757,656876,,swinging_strike,,,,,9,,D,L,R,TB,NYY,S,,,2,1,2026,0.28,0.07,0.6843258332964506,1.6287736551878351,,665862,,2,2,Top,,,,,,,6.4590125820383015,-129.62822871654393,-4.062130703805007,1.8464373902206328,26.312226595813616,-30.73022717848073,3.138385827,1.583858268,,,,89.6,2587,6.5,849835,689414,666018,680700,691406,670764,802415,676356,683748,53.98,,,,,,,,12,4,Cutter,0,0,0,0,0,0,0,0,Standard,Standard,137,0.006,-0.072,64.7,8.6,0.364675968,,0.072,,0,0,0.516,0.484,30,29,31,30,1,0,11,3,,,2.79,-0.28,0.28,46.3,19.25583701909492,-38.40944128487116,28.832089010910217,32.955561045500104,40.55701508510722,10,3
SI,2026-10-03,94.4,-1.94,5.78,"Rasmussen, Drew",663757,656876,,called_strike,,,,,1,,D,L,R,TB,NYY,S,,,2,0,2026,-1.54,1.0,-0.3031489653767247,2.906558035092462,,,665862,2,2,Top,,,,,,,7.732161661796748,-137.12305672901763,-3.810967468371176,-21.179355854845035,32.17817744251454,-18.87879648476308,3.138385827,1.583858268,,,,94.5,2407,6.6,849835,689414,666018,680700,691406,670764,802415,676356,683748,53.9,,,,,,,,12,3,Sinker,0,0,0,0,0,0,0,0,Standard,Standard,215,-0.005,-0.056,,,,,0.056,,0,0,0.521,0.479,30,29,31,30,1,0,11,3,,,1.58,1.54,-1.54,49.9,,,,,,10,3
FF,2026-10-03,96.4,-1.66,6.0,"Rasmussen, Drew",663757,656876,,ball,,,,,14,,D,L,R,TB,NYY,B,,,1,0,2026,-0.34,1.5,1.0809379102743384,1.676467072521445,,,665862,2,2,Top,,,,,,,8.008587030741566,-139.9766826341679,-9.174066186610585,-6.308279113389514,31.63684694051999,-10.470297254843642,3.138385827,1.583858268,,,,96.9,2529,6.7,849835,689414,666018,680700,691406,670764,802415,676356,683748,53.82,,,,,,,,12,2,4-Seam Fastball,0,0,0,0,0,0,0,0,Standard,Standard,203,-0.005,0.06,,,,,-0.06,,0,0,0.526,0.474,30,29,31,30,1,0,11,3,,,0.96,0.34,-0.34,56.6,,,,,,10,3
FC,2026-10-03,88.4,-2.13,5.95,"Rasmussen, Drew",663757,656876,,ball,,,,,12,,D,L,R,TB,NYY,B,,,0,0,2026,0.32,0.32,0.6298935034548118,3.3500782953116044,,,665862,2,2,Top,,,,,,,5.994380993214038,-128.73544671433783,-0.7704326099372002,2.325935120542488,25.575638101915963,-28.704562936596005,3.138385827,1.583858268,,,,88.9,2482,6.5,849835,689414,666018,680700,691406,670764,802415,676356,683748,54.02,,,,,,,,12,1,Cutter,0,0,0,0,0,0,0,0,Standard,Standard,133,-0.002,0.037,,,,,-0.037,,0,0,0.528,0.472,30,29,31,30,1,0,11,3,,,2.59,-0.32,0.32,50.5,,,,,,10,3
FF,2026-10-03,96.4,-1.61,6.0,"Rasmussen, Drew",665862,656876,walk,ball,,,,,12,Jazz Chisholm Jr. walks.,D,L,R,TB,NYY,B,,,3,2,2026,-0.39,1.52,0.9628170164712178,2.390440956930228,,,,2,2,Top,,,,,,,7.713450113958323,-140.0793095185069,-7.361374471271572,-6.819312505854522,31.224696894698983,-10.701222083019374,3.15593832,1.592716535,,,,97.2,2495,6.8,849835,689414,666018,680700,691406,670764,802415,676356,683748,53.72,,0.69822,0.7,1,0,0,,11,9,4-Seam Fastball,0,0,0,0,0,0,0,0,Infield shade,Standard,201,-0.01,0.286,,,,,-0.286,,0,0,0.538,0.462,30,28,31,28,1,0,11,3,,,0.94,0.39,-0.39,58.7,,,,,,10,3
FC,2026-10-03,91.1,-2.09,5.88,"Rasmussen, Drew",665862,656876,,foul,,,,,6,,D,L,R,TB,NYY,S,,,3,2,2026,0.12,0.22,0.5811239793965723,2.301755600501836,,,,2,2,Top,,,,,,,6.382303701945571,-132.5390586721859,-3.3223228792523227,-0.0195525850895203,29.541762811846716,-29.080366468651945,3.15593832,1.592716535,6,92.1,-22,91.1,2712,6.4,849835,689414,666018,680700,691406,670764,802415,676356,683748,54.08,,,,,,,,11,8,Cutter,0,0,0,0,0,0,0,0,Infield shade,Standard,190,0.0,0.0,74.9,7.6,,,0.0,92.1,0,0,0.538,0.462,30,28,31,28,1,0,11,3,,,2.54,-0.12,0.12,51.5,16.883176313013124,-23.24559172121112,31.0518424924568,30.38049578974874,39.85117836400328,10,3
SI,2026-10-03,94.6,-1.97,5.81,"Rasmussen, Drew",665862,656876,,foul,,,,,4,,D,L,R,TB,NYY,S,,,3,2,2026,-1.45,0.98,-0.5709289926924983,2.149375077070422,,,,2,2,Top,,,,,,,6.914633053243373,-137.530035960775,-5.852014879270293,-19.905518054125945,31.381583371437348,-18.5975502730927,3.15593832,1.592716535,151,77.4,71,94.8,2390,6.5,849835,689414,666018,680700,691406,670764,802415,676356,683748,53.99,,,,,,,,11,7,Sinker,0,0,0,0,0,0,0,0,Infield shade,Standard,215,0.0,0.0,68.7,7.5,,,0.0,88.0,0,0,0.538,0.462,30,28,31,28,1,0,11,3,,,1.58,1.45,-1.45,46.8,11.706927330506034,3.534258789094649,29.421789927712403,42.82818869672839,25.679684475832158,10,3
FF,2026-10-03,97.1,-1.59,6.06,"Rasmussen, Drew",665862,656876,,foul,,,,,12,,D,L,R,TB,NYY,S,,,3,2,2026,-0.3,1.8,0.2404297793459744,3.556937565861722,,,,2,2,Top,,,,,,,5.559488905576836,-141.11992214573706,-5.146333301316608,-5.389025893298485,35.10183354952221,-7.23077353637178,3.15593832,1.592716535,6,82.1,-31,97.2,2619,6.6,849835,689414,666018,680700,691406,670764,802415,676356,683748,53.88,,,,,,,,11,6,4-Seam Fastball,0,0,0,0,0,0,0,0,Infield shade,Standard,201,0.0,0.0,78.6,7.6,,,0.0,88.0,0,0,0.538,0.462,30,28,31,28,1,0,11,3,,,0.64,0.3,-0.3,56.8,21.028182292164075,-21.72981637966077,22.63175398747684,33.454924997311345,33.58240954284517,10,3
CH,2026-10-03,90.0,-1.97,5.81,"Rasmussen, Drew",665862,656876,,ball,,,,,13,,D,L,R,TB,NYY,B,,,2,2,2026,-0.94,0.2,-0.933484386094472,1.4926661805015842,,,,2,2,Top,,,,,,,4.5930421282671245,-130.91379238635665,-4.899814260577575,-11.838043362297,28.627836479544342,-29.03316436968461,3.15593832,1.592716535,,,,90.0,1233,6.4,849835,689414,666018,680700,691406,670764,802415,676356,683748,54.09,,,,,,,,11,5,Changeup,0,0,0,0,0,0,0,0,Infield shade,Standard,236,-0.004,0.085,,,,,-0.085,,0,0,0.542,0.458,30,28,31,28,1,0,11,3,,,2.63,0.94,-0.94,46.6,,,,,,10,3
FC,2026-10-03,89.8,-2.13,5.92,"Rasmussen, Drew",665862,656876,,called_strike,,,,,1,,D,L,R,TB,NYY,S,,,2,1,2026,0.34,0.32,-0.4980501977044297,2.929081765328932,,,,2,2,Top,,,,,,,3.2736070636727783,-130.85738156215544,-1.95706375108838,3.2140870770432373,26.114334455975865,-28.33654097984619,3.15593832,1.592716535,,,,90.2,2695,6.3,849835,689414,666018,680700,691406,670764,802415,676356,683748,54.18,,,,,,,,11,4,Cutter,0,0,0,0,0,0,0,0,Standard,Standard,161,0.003,-0.079,,,,,0.079,,0,0,0.539,0.461,30,28,31,28,1,0,11,3,,,2.49,-0.34,0.34,49.2,,,,,,10,3
FC,2026-10-03,91.0,-1.97,5.86,"Rasmussen, Drew",665862,656876,,ball,,,,,14,,D,L,R,TB,NYY,B,,,1,1,2026,0.32,0.36,1.0578581718381042,1.2828527346548886,,,,2,2,Top,,,,,,,6.808694638798044,-132.44043127575924,-6.19141151129759,2.495518464212898,26.14502117361712,-26.864875569056384,3.15593832,1.592716535,,,,91.7,2674,6.5,849835,689414,666018,680700,691406,670764,802415,676356,683748,53.95,,,,,,,,11,3,Cutter,0,0,0,0,0,0,0,0,Standard,Standard,171,-0.002,0.054,,,,,-0.054,,0,0,0.541,0.459,30,28,31,28,1,0,11,3,,,2.38,-0.32,0.32,52.8,,,,,,10,3
FF,2026-10-03,96.7,-1.62,6.03,"Rasmussen, Drew",665862,656876,,foul_tip,,,,,2,,D,L,R,TB,NYY,S,,,1,0,2026,-0.43,1.78,-0.0911207396670329,3.007802871974777,,,,2,2,Top,,,,,,,5.048317216149252,-140.67542871311042,-6.441897996154749,-6.861697302197144,33.75922310060349,-7.235851717339084,3.15593832,1.592716535,,,,96.9,2537,6.5,849835,689414,666018,680700,691406,670764,802415,676356,683748,53.96,,,,,,,,11,2,4-Seam Fastball,0,0,0,0,0,0,0,0,Standard,Standard,200,0.002,-0.056,73.5,7.2,,,0.056,,0,0,0.539,0.461,30,28,31,28,1,0,11,3,,,0.67,0.43,-0.43,54.8,13.769616826558746,10.169975419541183,30.05396858874951,37.2875929998785,18.872178686319344,10,3
FF,2026-10-03,96.4,-1.73,6.05,"Rasmussen, Drew",665862,656876,,ball,,,,,11,,D,L,R,TB,NYY,B,,,0,0,2026,-0.41,1.8,-0.1261321715291519,5.025850157806966,,,,2,2,Top,,,,,,,5.18091888911777,-140.27145498134985,-1.1595578639620898,-6.6150283505650345,32.492736835475434,-8.428635719671961,3.15593832,1.592716535,,,,96.6,2578,6.5,849835,689414,666018,680700,691406,670764,802415,676356,683748,54.03,,,,,,,,11,1,4-Seam Fastball,0,0,0,0,0,0,0,0,Standard,Standard,199,-0.001,0.042,,,,,-0.042,,0,0,0.54,0.46,30,28,31,28,1,0,11,3,,,0.66,0.41,-0.41,56.8,,,,,,10,3
SI,2026-10-03,95.6,-1.86,5.75,"Rasmussen, Drew",806146,656876,field_out,hit_into_play,,,,,5,George Lombard Jr. lines out sharply to right fielder Victor Mesa Jr.,D,R,R,TB,NYY,X,9,line_drive,1,1,2026,-1.33,1.1,-0.0453659661691239,2.3400607060945475,,,,1,2,Top,207.0,84.97,,,,,7.807187367324566,-138.91980620318498,-5.658864216530981,-18.992184908274545,32.466335170446,-16.87568277064804,3.298991142,1.664911417,345,102.0,22,95.7,2417,6.5,849835,689414,666018,680700,691406,670764,802415,676356,683748,53.97,0.534,0.758,0.0,1,0,0,6,10,3,Sinker,0,0,0,0,0,0,0,0,Standard,Standard,210,0.016,-0.252,73.4,6.7,,1.29,0.252,102.0,0,0,0.524,0.476,30,21,31,21,1,0,11,3,,,1.41,1.33,1.33,49.2,0.1400092699169005,16.25524073933065,32.932075529506506,38.32851511290481,25.599019420229048,10,3
FC,2026-10-03,90.8,-2.05,5.95,"Rasmussen, Drew",806146,656876,,foul,,,,,6,,D,R,R,TB,NYY,S,,,1,0,2026,0.32,0.45,0.6449129837027896,2.676186339947353,,,,1,2,Top,,,,,,,5.9874083922077945,-132.15147373809037,-3.1113889014880067,2.6235575301627945,26.02987883117705,-26.39440770621086,3.298991142,1.664911417,289,93.3,47,91.5,2758,6.5,849835,689414,666018,680700,691406,670764,802415,676356,683748,53.98,,,,,,,,10,2,Cutter,0,0,0,0,0,0,0,0,Standard,Standard,171,0.004,-0.049,72.4,7.5,,,0.049,93.3,0,0,0.52,0.48,30,21,31,21,1,0,11,3,,,2.29,-0.32,-0.32,53.4,10.648073153438716,10.979704114844528,28.082964704458167,46.61061021174121,27.604969126903296,10,3
FC,2026-10-03,89.2,-2.02,5.82,"Rasmussen, Drew",806146,656876,,ball,,,,,14,,D,R,R,TB,NYY,B,,,0,0,2026,0.63,0.38,1.2826307443636225,1.300147477346469,,,,1,2,Top,,,,,,,6.7148111051269215,-129.7321202725571,-5.66695270925547,5.738211889763786,27.12939894681746,-26.9391580296446,3.298991142,1.664911417,,,,89.8,2712,6.7,849835,689414,666018,680700,691406,670764,802415,676356,683748,53.81,,,,,,,,10,1,Cutter,0,0,0,0,0,0,0,0,Standard,Standard,161,-0.003,0.041,,,,,-0.041,,0,0,0.523,0.477,30,21,31,21,1,0,11,3,,,2.49,-0.63,-0.63,53.1,,,,,,10,3
CH,2026-10-03,89.6,-1.92,5.79,"Rasmussen, Drew",682987,656876,field_out,hit_into_play,,,,,8,Spencer Jones grounds out to first baseman Jonathan Aranda.,D,L,R,TB,NYY,X,3,ground_ball,1,2,2026,-0.95,-0.26,-0.232441198791362,1.863865433551008,,,,0,2,Top,158.9,156.09,,,,,6.181703999025632,-130.32610610980987,-2.891101899825112,-12.155159335381702,29.05577981294336,-34.67625054342329,3.499967192,1.766338583,3,69.6,-32,89.6,1397,6.5,849835,689414,666018,680700,691406,670764,802415,676356,683748,54.02,0.078,0.077,0.0,1,0,0,2,9,4,Changeup,0,0,0,0,0,0,0,0,Infield shade,Strategic,243,0.016,-0.186,77.1,7.5,,0.087,0.186,88.0,0,0,0.507,0.493,30,25,31,25,1,0,11,3,,,3.11,0.95,-0.95,47.5,7.050905248151895,11.60285500130044,43.66351101898944,38.23262650999491,14.977308745425706,10,3
CH,2026-10-03,89.6,-1.92,5.74,"Rasmussen, Drew",682987,656876,,swinging_strike,,,,,14,,D,L,R,TB,NYY,S,,,1,1,2026,-0.97,0.09,0.2127154115318531,1.160151190310303,,,,0,2,Top,,,,,,,7.310178673665125,-130.26348070673708,-5.220928917223432,-12.638359223905288,28.87453756593291,-30.16588141343986,3.499967192,1.766338583,,,,89.6,1179,6.5,849835,689414,666018,680700,691406,670764,802415,676356,683748,54.03,,,,,,,,9,3,Changeup,0,0,0,0,0,0,0,0,Infield shade,Strategic,238,0.006,-0.06,79.9,9.2,7.212299436,,0.06,,0,0,0.501,0.499,30,25,31,25,1,0,11,3,,,2.77,0.97,-0.97,47.0,37.98287756304769,-29.41443350177182,47.96890590140889,33.77052954924983,41.00696969770492,10,3
FF,2026-10-03,94.9,-1.77,5.98,"Rasmussen, Drew",682987,656876,,swinging_strike,,,,,5,,D,L,R,TB,NYY,S,,,1,0,2026,-0.63,1.46,0.1383712774341766,2.845389380025757,,,,0,2,Top,,,,,,,6.413276298104153,-138.0282915711615,-5.688374096569471,-9.547081540821813,31.247090690590387,-12.436571249071182,3.499967192,1.766338583,,,,95.6,2455,6.7,849835,689414,666018,680700,691406,670764,802415,676356,683748,53.76,,,,,,,,9,2,4-Seam Fastball,0,0,0,0,0,0,0,0,Infield shade,Strategic,201,0.005,-0.055,73.8,7.2,0.379407852,,0.055,,0,0,0.496,0.504,30,25,31,25,1,0,11,3,,,1.08,0.63,-0.63,52.4,12.01105345058825,12.219862269344423,43.56798941841791,35.92682140672704,12.459864273879958,10,3
FF,2026-10-03,95.5,-1.78,6.04,"Rasmussen, Drew",682987,656876,,ball,,,,,11,,D,L,R,TB,NYY,B,,,0,0,2026,-0.63,1.36,-1.940501025325791,3.0066956878840507,,,,0,2,Top,,,,,,,1.0346090771731409,-138.9923577699564,-5.269386438635723,-8.360174172044506,32.355101237227714,-13.603837692401006,3.499967192,1.766338583,,,,95.9,2304,6.6,849835,689414,666018,680700,691406,670764,802415,676356,683748,53.88,,,,,,,,9,1,4-Seam Fastball,0,0,0,0,0,0,0,0,Infield shade,Strategic,205,-0.004,0.042,,,,,-0.042,,0,0,0.5,0.5,30,25,31,25,1,0,11,3,,,1.15,0.63,-0.63,55.5,,,,,,10,3
FF,2026-10-03,96.7,-2.45,5.85,"Cole, Gerrit",802415,543037,strikeout,called_strike,,,,,9,"Austin Wells challenged (pitch result), call on the field was overturned: Chandler Simpson called out on strikes.",D,L,R,TB,NYY,S,2,,1,2,2026,-0.67,1.49,0.8122834968516692,1.6655691248950406,,650490,691406,2,1,Bot,,,,,,,10.106189447620327,-140.2829002874494,-8.751260477750845,-11.135741849034844,32.25513279612378,-10.645638353454377,3.177878937,1.60378937,,,,96.4,2276,6.3,849835,669224,671277,665862,641857,806146,641355,663757,682987,54.16,,0.0,0.0,1,0,0,,8,4,4-Seam Fastball,0,0,0,0,0,0,0,0,Standard,Standard,217,-0.03,-0.204,,,,,0.204,,0,0,0.53,0.53,35,25,36,26,1,0,10,8,,,0.97,0.67,-0.67,38.7,,,,,,10,3
FF,2026-10-03,97.6,-2.41,5.96,"Cole, Gerrit",802415,543037,,ball,,,,,12,,D,L,R,TB,NYY,B,,,0,2,2026,-0.72,1.41,1.3255704322204371,4.16908724856142,,650490,691406,2,1,Bot,,,,,,,11.543433143746777,-141.62714872617846,-2.3594572567818446,-12.57699057724447,36.32451028069358,-13.019254607473664,3.177878937,1.60378937,,,,96.7,2337,6.2,849835,669224,671277,665862,641857,806146,641355,663757,682987,54.31,,,,,,,,8,3,4-Seam Fastball,0,0,0,0,0,0,0,0,Standard,Standard,216,0.004,0.013,,,,,-0.013,,0,0,0.526,0.526,35,25,36,26,1,0,10,8,,,1.02,0.72,-0.72,38.1,,,,,,10,3
CH,2026-10-03,84.3,-2.47,5.89,"Cole, Gerrit",802415,543037,,swinging_strike,,,,,4,,D,L,R,TB,NYY,S,,,0,1,2026,-1.24,0.91,-0.3398500136901687,2.416938220881266,,650490,691406,2,1,Bot,,,,,,,7.406467509338235,-122.58316919073869,-3.285941807456454,-14.014507021360826,25.37814342602329,-22.56436512566752,3.177878937,1.60378937,,,,84.2,1796,6.4,849835,669224,671277,665862,641857,806146,641355,663757,682987,54.12,,,,,,,,8,2,Changeup,0,0,0,0,0,0,0,0,Standard,Standard,233,-0.011,-0.057,67.7,7.8,5.71055178,,0.057,,0,0,0.537,0.537,35,25,36,26,1,0,10,8,,,2.32,1.24,-1.24,42.8,17.32365017651841,-35.77870097701005,19.842044572703617,42.24859370364845,48.187390706763935,10,3
FF,2026-10-03,97.5,-2.6,5.97,"Cole, Gerrit",802415,543037,,swinging_strike,,,,,13,,D,L,R,TB,NYY,S,,,0,0,2026,-0.92,1.35,-0.8722417445930465,2.0142257976754068,,650490,691406,2,1,Bot,,,,,,,6.699916831553545,-141.59879431944853,-7.955782077031054,-13.965234180625336,34.822476675937594,-12.3642842131031,3.177878937,1.60378937,,,,96.8,2244,6.2,849835,669224,671277,665862,641857,806146,641355,663757,682987,54.33,,,,,,,,8,1,4-Seam Fastball,0,0,0,0,0,0,0,0,Standard,Standard,220,-0.006,-0.035,57.0,6.5,0.93124578,,0.035,,0,0,0.543,0.543,35,25,36,26,1,0,10,8,,,1.07,0.92,-0.92,41.7,-7.476729368059207,19.86701245784972,36.27994600125945,48.9655772563907,7.629101909805222,10,3
FF,2026-10-03,97.6,-2.52,5.86,"Cole, Gerrit",689414,543037,field_out,hit_into_play,,,,,2,Liam Hicks flies out to left fielder Cody Bellinger.,D,L,R,TB,NYY,X,7,fly_ball,0,1,2026,-0.76,1.39,0.2669785473792989,2.855072967004162,,650490,691406,1,1,Bot,104.89,105.1,,,,,9.145428886529473,-141.60949837685504,-5.500854439074714,-12.51017428695202,36.33549011319195,-12.480361270544256,3.085728346,1.557283465,242,83.0,52,96.8,2223,6.3,849835,669224,671277,665862,641857,806146,641355,663757,682987,54.25,0.014,0.013,0.0,1,0,0,3,7,2,4-Seam Fastball,0,0,0,0,0,0,0,0,Standard,Standard,216,-0.037,-0.201,,,,0.014,0.201,88.0,0,0,0.58,0.58,35,27,36,27,1,0,10,6,,,1.05,0.76,-0.76,36.0,,,,,,10,3
KC,2026-10-03,84.4,-2.59,5.96,"Cole, Gerrit",689414,543037,,called_strike,,,,,8,,D,L,R,TB,NYY,S,,,0,0,2026,0.97,-1.15,0.0546877597737718,1.8454014146862203,,650490,691406,1,1,Bot,,,,,,,4.069958449201865,-122.73944784544352,-0.5256642192173082,8.756566283676374,28.185190284286293,-43.75710320477065,3.085728346,1.557283465,,,,83.4,2750,6.0,849835,669224,671277,665862,641857,806146,641355,663757,682987,54.5,,,,,,,,7,1,Knuckle Curve,0,0,0,0,0,0,0,0,Standard,Standard,46,-0.007,-0.041,,,,,0.041,,0,0,0.587,0.587,35,27,36,27,1,0,10,6,,,4.39,-0.97,0.97,37.7,,,,,,10,3
FF,2026-10-03,97.7,-2.36,5.94,"Cole, Gerrit",691406,543037,walk,ball,,,,,14,Junior Caminero walks. Yandy Díaz to 2nd.,D,R,R,TB,NYY,B,,,3,2,2026,-0.41,1.51,2.196400961489612,2.2346881987569605,,,650490,1,1,Bot,,,,,,,12.999446680451062,-141.42039712228657,-7.677719276610258,-8.67490965723622,34.88137351287673,-10.163881298867537,3.243700787,1.637007874,,,,96.8,2337,6.3,849835,669224,671277,665862,641857,806146,641355,663757,682987,54.25,,0.69822,0.7,1,0,0,,6,6,4-Seam Fastball,0,0,0,0,0,0,0,0,Strategic,Standard,214,0.031,0.267,,,,,-0.267,,0,0,0.556,0.556,35,22,36,23,1,0,10,6,,,0.92,0.41,0.41,43.8,,,,,,10,3
KC,2026-10-03,83.9,-2.48,5.85,"Cole, Gerrit",691406,543037,,ball,,,,,14,,D,R,R,TB,NYY,B,,,2,2,2026,1.13,-1.23,2.046801699153898,1.0680078349841766,,,650490,1,1,Bot,,,,,,,7.999419062156901,-121.7922794162357,-1.7502634046475445,9.208552086482875,28.95042118320325,-44.07536447514239,3.243700787,1.637007874,,,,82.8,2891,6.1,849835,669224,671277,665862,641857,806146,641355,663757,682987,54.36,,,,,,,,6,5,Knuckle Curve,0,0,0,0,0,0,0,0,Strategic,Standard,41,0.009,0.073,,,,,-0.073,,0,0,0.547,0.547,35,22,36,23,1,0,10,6,,,4.54,-1.13,-1.13,39.9,,,,,,10,3
KC,2026-10-03,82.4,-2.56,5.82,"Cole, Gerrit",691406,543037,,blocked_ball,,,,,14,,D,R,R,TB,NYY,B,,,1,2,2026,1.02,-1.35,1.7694990554628882,-0.1125573960331935,,,650490,1,1,Bot,,,,,,,7.661152094113931,-119.63034906248252,-3.784627225388073,7.790517097866168,28.702784607474623,-44.20285160265504,3.243700787,1.637007874,,,,81.3,2847,6.2,849835,669224,671277,665862,641857,806146,641355,663757,682987,54.27,,,,,,,,6,4,Knuckle Curve,0,0,0,0,0,0,0,0,Strategic,Standard,38,0.005,0.051,,,,,-0.051,,0,0,0.542,0.542,35,22,36,23,1,0,10,6,,,4.79,-1.02,-1.02,40.0,,,,,,10,3
FF,2026-10-03,96.7,-2.42,5.89,"Cole, Gerrit",691406,543037,,ball,,,,,12,,D,R,R,TB,NYY,B,,,0,2,2026,-0.66,1.48,1.441982855659445,2.9901421804261568,,,650490,1,1,Bot,,,,,,,11.622009395858688,-140.30606517364308,-5.340779455939633,-11.4490523327979,34.07255820845466,-11.510219963003706,3.243700787,1.637007874,,,,95.9,2231,6.2,849835,669224,671277,665862,641857,806146,641355,663757,682987,54.34,,,,,,,,6,3,4-Seam Fastball,0,0,0,0,0,0,0,0,Strategic,Standard,218,0.003,0.019,,,,,-0.019,,0,0,0.539,0.539,35,22,36,23,1,0,10,6,,,0.98,0.66,0.66,40.6,,,,,,10,3
FF,2026-10-03,96.8,-2.45,5.93,"Cole, Gerrit",691406,543037,,swinging_strike,,,,,2,,D,R,R,TB,NYY,S,,,0,1,2026,-0.81,1.42,0.2743565706950527,3.3433645522701734,,,650490,1,1,Bot,,,,,,,9.025057661983595,-140.61734664483242,-4.407435813495819,-12.861786661182585,32.88530243492648,-12.54714232248758,3.243700787,1.637007874,,,,96.3,2267,6.2,849835,669224,671277,665862,641857,806146,641355,663757,682987,54.31,,,,,,,,6,2,4-Seam Fastball,0,0,0,0,0,0,0,0,Strategic,Standard,218,-0.008,-0.059,80.4,7.9,0.903035916,,0.059,,0,0,0.547,0.547,35,22,36,23,1,0,10,6,,,1.03,0.81,0.81,37.4,0.6937453642123392,14.827987266043351,22.362653949541127,41.10612800347017,20.818820509450337,10,3
FF,2026-10-03,96.1,-2.62,5.76,"Cole, Gerrit",691406,543037,,called_strike,,,,,9,,D,R,R,TB,NYY,S,,,0,0,2026,-0.87,1.4,0.7709455365248449,1.862446521319664,,,650490,1,1,Bot,,,,,,,10.820171354857017,-139.36594075920812,-7.633320039611564,-13.880562440110628,33.60031251275549,-12.283256125810254,3.243700787,1.637007874,,,,95.4,2345,6.3,849835,669224,671277,665862,641857,806146,641355,663757,682987,54.24,,,,,,,,6,1,4-Seam Fastball,0,0,0,0,0,0,0,0,Strategic,Standard,218,-0.004,-0.037,,,,,0.037,,0,0,0.551,0.551,35,22,36,23,1,0,10,6,,,1.1,0.87,0.87,33.8,,,,,,10,3
SL,2026-10-03,88.5,-2.68,5.91,"Cole, Gerrit",666018,543037,field_out,hit_into_play,,,,,5,Jonathan Aranda flies out to center fielder Trent Grisham.,D,L,R,TB,NYY,X,8,fly_ball,1,2,2026,0.5,0.02,0.1212980420321945,2.331501964440898,,,650490,0,1,Bot,134.51,55.9,,,,,5.668790187864021,-128.74640963797486,-2.4701733594170334,4.423695314268028,26.96474804471933,-31.61235527613885,3.189288058,1.609547244,355,92.2,32,88.3,2511,6.2,849835,669224,671277,665862,641857,806146,641355,663757,682987,54.32,0.054,0.08,0.0,1,0,0,3,5,4,Slider,0,0,0,0,0,0,0,0,Infield shade,Standard,101,-0.022,-0.177,75.4,7.4,,0.151,0.177,92.2,0,0,0.573,0.573,35,28,36,28,1,0,10,6,,,2.89,-0.5,0.5,38.1,9.806735080241932,-4.708253970138667,35.73011449297629,34.06243972514228,30.581058323188504,10,3
FF,2026-10-03,96.2,-2.46,5.97,"Cole, Gerrit",666018,543037,,foul_tip,,,,,12,,D,L,R,TB,NYY,S,,,1,1,2026,-0.71,1.37,0.5948259066046979,3.470785568390822,,,650490,0,1,Bot,,,,,,,9.599961084146935,-139.75645405302083,-3.957144983432052,-11.614722668302813,33.53591284628408,-13.588910829339056,3.189288058,1.609547244,,,,95.6,2324,6.2,849835,669224,671277,665862,641857,806146,641355,663757,682987,54.32,,,,,,,,5,3,4-Seam Fastball,0,0,0,0,0,0,0,0,Infield shade,Standard,217,-0.008,-0.053,63.3,5.6,,,0.053,,0,0,0.581,0.581,35,28,36,28,1,0,10,6,,,1.12,0.71,-0.71,39.2,3.9183992324491994,24.555092649466665,31.539789956131152,28.963107345119504,17.094395266399953,10,3
FF,2026-10-03,95.5,-2.45,6.09,"Cole, Gerrit",666018,543037,,ball,,,,,12,,D,L,R,TB,NYY,B,,,0,1,2026,-0.74,1.5,0.8147694698791558,3.990255276517564,,,650490,0,1,Bot,,,,,,,10.118881268617509,-138.7066908221346,-3.1119239108359387,-11.825715237583216,32.233771501442035,-12.36985313017937,3.189288058,1.609547244,,,,94.8,2299,6.1,849835,669224,671277,665862,641857,806146,641355,663757,682987,54.42,,,,,,,,5,2,4-Seam Fastball,0,0,0,0,0,0,0,0,Infield shade,Standard,215,0.003,0.026,,,,,-0.026,,0,0,0.578,0.578,35,28,36,28,1,0,10,6,,,1.02,0.74,-0.74,41.9,,,,,,10,3
FF,2026-10-03,95.7,-2.49,5.97,"Cole, Gerrit",666018,543037,,foul,,,,,4,,D,L,R,TB,NYY,S,,,0,0,2026,-1.1,1.59,-0.320564309267656,2.1507087794389106,,,650490,0,1,Bot,,,,,,,8.152732043905807,-138.8249072110717,-7.76813847737565,-16.186731861966837,34.57944142047312,-9.971141382476006,3.189288058,1.609547244,266,84.7,46,94.9,2358,6.3,849835,669224,671277,665862,641857,806146,641355,663757,682987,54.24,,,,,,,,5,1,4-Seam Fastball,0,0,0,0,0,0,0,0,Infield shade,Standard,216,-0.005,-0.041,77.7,7.3,,,0.041,88.0,0,0,0.583,0.583,35,28,36,28,1,0,10,6,,,0.93,1.1,-1.1,43.4,6.20241975331685,13.336848556370107,37.63018559205717,39.18800607956368,20.10232837231915,10,3
SL,2026-10-03,88.8,-2.42,6.01,"Cole, Gerrit",650490,543037,single,hit_into_play,,,,,14,Yandy Díaz singles on a fly ball to right fielder Spencer Jones.,D,R,R,TB,NYY,X,9,fly_ball,1,2,2026,0.61,0.16,1.610521698520602,2.2135883276938406,,,,0,1,Bot,151.39,106.56,,,,,8.35904339006611,-129.05255928017706,-3.3006368228975558,5.04476748877084,27.121678790894933,-29.921330734279643,3.227903543,1.629035433,211,66.3,26,88.1,2386,5.9,849835,669224,671277,665862,641857,806146,641355,663757,682987,54.59,0.94,0.854,0.9,1,1,0,4,4,5,Slider,0,0,0,0,0,0,0,0,Standard,Standard,128,0.042,0.516,63.0,8.2,,0.99,-0.516,88.0,0,0,0.541,0.541,35,34,36,35,1,0,10,7,,,2.74,-0.61,-0.61,38.1,-2.5466589901839947,4.999648456065539,18.301882943241942,55.88732980510751,33.01135858014862,10,3
FF,2026-10-03,97.5,-2.45,5.94,"Cole, Gerrit",650490,543037,,foul,,,,,3,,D,R,R,TB,NYY,S,,,1,2,2026,-0.84,1.47,0.4077754896352166,3.348259524824571,,,,0,1,Bot,,,,,,,9.49001558005066,-141.49352550059044,-4.60598525974746,-13.609581121923124,35.64946874206535,-11.629361280043591,3.227903543,1.629035433,212,84.4,59,96.5,2337,6.1,849835,669224,671277,665862,641857,806146,641355,663757,682987,54.42,,,,,,,,4,4,4-Seam Fastball,0,0,0,0,0,0,0,0,Standard,Standard,213,0.0,0.0,68.3,7.4,,,0.0,88.0,0,0,0.541,0.541,35,34,36,35,1,0,10,7,,,0.96,0.84,0.84,40.3,4.161459947419254,22.251172947690243,16.437855935068246,43.652698491078105,21.176276150690427,10,3
FF,2026-10-03,94.7,-2.31,6.16,"Cole, Gerrit",650490,543037,,ball,,,,,11,,D,R,R,TB,NYY,B,,,0,2,2026,-0.82,1.48,-0.7354760665358865,4.053728322786268,,,,0,1,Bot,,,,,,,5.871281498845949,-137.74445564486746,-2.943416470263066,-11.77313198068556,33.11129938960183,-12.991855211452208,3.227903543,1.629035433,,,,93.7,2334,5.9,849835,669224,671277,665862,641857,806146,641355,663757,682987,54.56,,,,,,,,4,3,4-Seam Fastball,0,0,0,0,0,0,0,0,Standard,Standard,212,0.002,0.022,,,,,-0.022,,0,0,0.539,0.539,35,34,36,35,1,0,10,7,,,1.08,0.82,0.82,43.2,,,,,,10,3
FF,2026-10-03,95.8,-2.33,6.18,"Cole, Gerrit",650490,543037,,swinging_strike,,,,,3,,D,R,R,TB,NYY,S,,,0,1,2026,-0.88,1.54,0.3538182353749779,2.8347832609033814,,,,0,1,Bot,,,,,,,8.963340329993214,-139.10516396481327,-6.448346432543205,-13.524346837633194,33.39415854534872,-10.914329671031398,3.227903543,1.629035433,,,,94.9,2333,6.0,849835,669224,671277,665862,641857,806146,641355,663757,682987,54.45,,,,,,,,4,2,4-Seam Fastball,0,0,0,0,0,0,0,0,Standard,Standard,215,-0.006,-0.053,76.6,7.5,0.285249324,,0.053,,0,0,0.545,0.545,35,34,36,35,1,0,10,7,,,0.97,0.88,0.88,44.4,0.7104119261898473,20.35656365691786,22.8479405231262,41.03362917585551,23.399914053109672,10,3
FF,2026-10-03,96.2,-2.33,6.11,"Cole, Gerrit",650490,543037,,called_strike,,,,,6,,D,R,R,TB,NYY,S,,,0,0,2026,-0.78,1.66,0.3129692299847203,2.536434771522562,,,,0,1,Bot,,,,,,,8.636347443314778,-139.6183000653056,-7.408717782042346,-12.19869668416436,34.29659277878891,-8.897875111907565,3.227903543,1.629035433,,,,95.2,2372,6.1,849835,669224,671277,665862,641857,806146,641355,663757,682987,54.42,,,,,,,,4,1,4-Seam Fastball,0,0,0,0,0,0,0,0,Standard,Standard,212,-0.003,-0.041,,,,,0.041,,0,0,0.548,0.548,35,34,36,35,1,0,10,7,,,0.83,0.78,0.78,42.1,,,,,,10,3
CH,2026-10-03,89.5,-2.02,5.77,"Rasmussen, Drew",671277,656876,field_out,hit_into_play,,,,,11,Luis García Jr. flies out to center fielder Jonny DeLuca.,D,L,R,TB,NYY,X,8,fly_ball,0,1,2026,-1.06,0.03,-0.9401202524493572,2.910500613129656,,,,2,1,Top,123.47,69.66,,,,,4.905690886260742,-130.20529758065297,-0.8371720720320119,-13.086062383329608,30.214653063806985,-31.91894177601147,3.248088911,1.639222441,321,93.6,39,89.2,1145,6.3,849835,689414,666018,680700,691406,670764,802415,676356,683748,54.16,0.06,0.093,0.0,1,0,0,3,3,2,Changeup,0,0,0,0,0,0,0,0,Infield shade,Standard,249,0.008,-0.217,77.9,7.8,,0.165,0.217,93.6,0,0,0.54,0.46,30,26,31,26,1,0,11,3,,,2.85,1.06,-1.06,45.0,19.836429427523388,-2.296890429322412,19.565817156530446,44.437416906864215,33.73154896703868,10,3
SI,2026-10-03,95.2,-2.0,5.76,"Rasmussen, Drew",671277,656876,,foul,,,,,2,,D,L,R,TB,NYY,S,,,0,0,2026,-1.57,0.81,-0.0153426361008393,2.8820655328232245,,,,2,1,Top,,,,,,,8.75786527374821,-138.3230905372799,-3.5312704446557857,-22.10339075772452,32.25970718388388,-21.237531763938694,3.248088911,1.639222441,140,78.8,76,95.4,2224,6.6,849835,689414,666018,680700,691406,670764,802415,676356,683748,53.89,,,,,,,,3,1,Sinker,0,0,0,0,0,0,0,0,Standard,Standard,218,0.002,-0.046,78.8,7.2,,,0.046,88.0,0,0,0.538,0.462,30,26,31,26,1,0,11,3,,,1.73,1.57,-1.57,46.8,12.136578537208171,-7.097244213544056,27.81144652543216,33.17752317910966,33.82222485857946,10,3
FF,2026-10-03,96.1,-1.65,6.04,"Rasmussen, Drew",641355,656876,field_out,hit_into_play,,,,,12,Cody Bellinger flies out to right fielder Victor Mesa Jr.,D,L,R,TB,NYY,X,9,fly_ball,3,2,2026,-0.23,1.69,0.364727758007178,3.532609629302338,,,,1,1,Top,172.53,89.21,,,,,5.806945037534491,-139.79255493154392,-4.762352417596543,-4.362473022798502,33.67891036880483,-9.158374665901531,3.344627625,1.687942913,297,79.9,34,96.2,2416,6.5,849835,689414,666018,680700,691406,670764,802415,676356,683748,53.97,0.04,0.049,0.0,1,0,0,3,2,6,4-Seam Fastball,0,0,0,0,0,0,0,0,Infield shade,Standard,202,0.02,-0.344,70.6,7.1,,0.073,0.344,88.0,0,0,0.518,0.482,30,30,31,31,1,0,11,3,,,0.79,0.23,-0.23,58.0,12.672096632166246,1.2619301393770628,25.73191104614056,24.27097743601232,27.64589362996842,10,3
CH,2026-10-03,90.1,-2.1,5.69,"Rasmussen, Drew",641355,656876,,ball,,,,,14,,D,L,R,TB,NYY,B,,,2,2,2026,-1.26,0.19,0.4639150968103804,0.5567317113358392,,,,1,1,Top,,,,,,,9.026512857053978,-130.82967646990875,-6.926254770533368,-16.36341727392896,28.34458283327148,-28.58935145614401,3.344627625,1.687942913,,,,90.3,1110,6.6,849835,689414,666018,680700,691406,670764,802415,676356,683748,53.9,,,,,,,,2,5,Changeup,0,0,0,0,0,0,0,0,Infield shade,Standard,232,-0.006,0.111,,,,,-0.111,,0,0,0.524,0.476,30,30,31,31,1,0,11,3,,,2.63,1.26,-1.26,45.7,,,,,,10,3
SI,2026-10-03,94.7,-2.02,5.77,"Rasmussen, Drew",641355,656876,,foul,,,,,1,,D,L,R,TB,NYY,S,,,2,1,2026,-1.43,1.04,-0.3104062933183114,3.4357372741362813,,,,1,1,Top,,,,,,,7.693783708878311,-137.67763335970162,-2.5755380860761528,-19.96445568945502,32.1065197883886,-18.615308073965053,3.344627625,1.687942913,183,77.8,65,94.8,2426,6.5,849835,689414,666018,680700,691406,670764,802415,676356,683748,54.0,,,,,,,,2,4,Sinker,0,0,0,0,0,0,0,0,Infield shade,Standard,210,0.004,-0.075,67.4,7.1,,,0.075,88.0,0,0,0.52,0.48,30,30,31,31,1,0,11,3,,,1.52,1.43,-1.43,45.2,12.593374595955162,9.718858814810494,26.949007637642744,33.06476800210184,24.00523672238189,10,3
FF,2026-10-03,96.0,-1.83,6.0,"Rasmussen, Drew",641355,656876,,foul,,,,,3,,D,L,R,TB,NYY,S,,,2,0,2026,-0.27,1.72,0.374361678496999,3.131013873890195,,,,1,1,Top,,,,,,,6.406880040630923,-139.62568713851903,-5.780500250652493,-4.988302356569824,32.91625660306537,-8.581227132244942,3.344627625,1.687942913,168,67.3,58,96.5,2525,6.7,849835,689414,666018,680700,691406,670764,802415,676356,683748,53.82,,,,,,,,2,3,4-Seam Fastball,0,0,0,0,0,0,0,0,Standard,Standard,206,0.005,-0.068,68.6,6.8,,,0.068,88.0,0,0,0.515,0.485,30,30,31,31,1,0,11,3,,,0.77,0.27,-0.27,54.4,3.6816532324340474,15.220814104580825,34.18871723686414,25.009263615899496,24.17041419069216,10,3
FC,2026-10-03,91.2,-2.16,5.87,"Rasmussen, Drew",641355,656876,,ball,,,,,14,,D,L,R,TB,NYY,B,,,1,0,2026,0.62,0.59,1.4957052268126674,1.5977294781846512,,,,1,1,Top,,,,,,,7.736372659602392,-132.55568525858743,-5.908758977301169,5.68602959149572,28.635813343603797,-24.15271382262852,3.344627625,1.687942913,,,,91.7,2702,6.7,849835,689414,666018,680700,691406,670764,802415,676356,683748,53.84,,,,,,,,2,2,Cutter,0,0,0,0,0,0,0,0,Standard,Standard,185,-0.005,0.075,,,,,-0.075,,0,0,0.52,0.48,30,30,31,31,1,0,11,3,,,2.16,-0.62,0.62,49.6,,,,,,10,3
FF,2026-10-03,96.1,-1.75,6.05,"Rasmussen, Drew",641355,656876,,ball,,,,,12,,D,L,R,TB,NYY,B,,,0,0,2026,-0.31,1.66,0.4426036065183493,3.661269913307057,,,,1,1,Top,,,,,,,6.482913792375011,-139.77662933791996,-4.379619185628343,-5.619309256871816,33.03548987115836,-9.66160866152755,3.344627625,1.687942913,,,,96.4,2441,6.6,849835,689414,666018,680700,691406,670764,802415,676356,683748,53.92,,,,,,,,2,1,4-Seam Fastball,0,0,0,0,0,0,0,0,Standard,Standard,202,-0.002,0.041,,,,,-0.041,,0,0,0.522,0.478,30,30,31,31,1,0,11,3,,,0.82,0.31,-0.31,59.3,,,,,,10,3
CH,2026-10-03,89.6,-2.07,5.72,"Rasmussen, Drew",700250,656876,strikeout,swinging_strike,,,,,13,Ben Rice strikes out swinging.,D,L,R,TB,NYY,S,2,,0,2,2026,-0.74,0.02,-0.2505546345097598,1.1410871299482803,,,,0,1,Top,,,,,,,6.038600602361653,-130.31311022829334,-5.125735809581375,-9.684769702075542,27.63045958265168,-31.00402757057048,3.280561024,1.655610236,,,,89.9,1341,6.5,849835,689414,666018,680700,691406,670764,802415,676356,683748,53.98,,0.0,0.0,1,0,0,,1,3,Changeup,0,0,0,0,0,0,0,0,Infield shade,Standard,235,0.013,-0.165,75.3,8.0,1.804264284,,0.165,,0,0,0.509,0.491,30,27,31,27,1,0,11,3,,,2.82,0.74,-0.74,47.2,18.554353374385148,-5.983340082187733,39.14124383942006,40.83721605001952,29.50775967556083,10,3
CH,2026-10-03,89.4,-1.95,5.83,"Rasmussen, Drew",700250,656876,,swinging_strike,,,,,14,,D,L,R,TB,NYY,S,,,0,1,2026,-0.47,-0.04,0.3207712378459394,1.4292987443587366,,,,0,1,Top,,,,,,,6.550411404835266,-130.11717358802656,-4.526550868817967,-6.722736902238287,26.659742991505283,-31.91693451553036,3.280561024,1.655610236,,,,89.8,970,6.5,849835,689414,666018,680700,691406,670764,802415,676356,683748,54.0,,,,,,,,1,2,Changeup,0,0,0,0,0,0,0,0,Infield shade,Standard,230,0.006,-0.053,70.8,8.0,0.541305744,,0.053,,0,0,0.503,0.497,30,27,31,27,1,0,11,3,,,2.89,0.47,-0.47,51.7,15.684757869879066,-14.258500895596525,34.98165075448987,33.400067255462815,30.640781677211088,10,3
FC,2026-10-03,89.8,-2.17,5.92,"Rasmussen, Drew",700250,656876,,called_strike,,,,,6,,D,L,R,TB,NYY,S,,,0,0,2026,0.55,0.39,0.7516461081081107,2.238519210621112,,,,0,1,Top,,,,,,,5.95515052048002,-130.62863060219956,-3.729258147793481,5.007394430407893,27.849755886802747,-27.14186076743644,3.280561024,1.655610236,,,,89.8,2590,6.3,849835,689414,666018,680700,691406,670764,802415,676356,683748,54.15,,,,,,,,1,1,Cutter,0,0,0,0,0,0,0,0,Infield shade,Standard,166,0.003,-0.041,,,,,0.041,,0,0,0.5,0.5,30,27,31,27,1,0,11,3,,,2.44,-0.55,0.55,49.2,,,,,,10,3
FF,2026-10-03,99.1,-0.27,6.46,"Megill, Trevor",701538,656730,field_out,hit_into_play,,,,,9,Jackson Merrill lines out sharply to right fielder Luis Lara.,D,L,R,MIL,SD,X,9,line_drive,0,1,2026,-0.27,1.68,0.5715121324441195,1.6698678512516023,,,687957,2,9,Top,173.76,81.66,,,,,2.927494037417702,-143.86328620031466,-11.373213551426884,-4.537482185609576,36.85277084348054,-6.333823655727743,3.320054134,1.675541339,314,109.4,17,99.1,2609,6.7,849830,661388,641343,668930,687401,806198,694192,669003,800325,53.82,0.649,0.791,0.0,1,0,0,6,77,2,4-Seam Fastball,3,2,2,3,2,3,2,3,Strategic,Standard,201,0.067,-0.234,72.3,7.9,,1.219,0.234,109.4,1,-1,0.933,0.067,32,23,33,23,1,4,8,3,,,0.67,0.27,-0.27,54.4,13.578027762464073,-1.920961898514924,46.30013649389524,29.414339901970173,32.01716747746072,10,3
FF,2026-10-03,98.7,-0.29,6.44,"Megill, Trevor",701538,656730,,called_strike,,,,,7,,D,L,R,MIL,SD,S,,,0,0,2026,-0.23,1.6,-0.732175382330824,1.7360988928980556,,,687957,2,9,Top,,,,,,,-0.6444674379007824,-143.31508570524218,-10.864374027463755,-3.019260276972692,36.38855519389701,-7.737847704603901,3.320054134,1.675541339,,,,98.7,2567,6.6,849830,661388,641343,668930,687401,806198,694192,669003,800325,53.87,,,,,,,,77,1,4-Seam Fastball,3,2,2,3,2,3,2,3,Standard,Standard,198,0.012,-0.041,,,,,0.041,,1,-1,0.921,0.079,32,23,33,23,1,4,8,3,,,0.77,0.23,-0.23,51.7,,,,,,10,3
FF,2026-10-03,98.9,-0.13,6.45,"Megill, Trevor",664034,656730,field_out,hit_into_play,,,,,4,"Padres challenged (fair or foul in outfield), call on the field was upheld: Ty France flies out sharply to left fielder Jackson Chourio.",D,R,R,MIL,SD,X,7,fly_ball,1,0,2026,-0.23,1.56,-0.3326960224860043,2.448288950022924,,,687957,1,9,Top,33.11,105.43,,,,,-0.0098923006731766,-143.84683145525537,-8.951891317506723,-3.1621064252374054,35.47909301620568,-8.699538705208921,3.10328084,1.566141732,323,105.3,49,99.2,2467,6.6,849830,661388,641343,668930,687401,806198,694192,669003,800325,53.87,0.051,0.1,0.0,1,0,0,3,76,2,4-Seam Fastball,3,2,2,3,2,3,2,3,Strategic,Standard,196,0.107,-0.294,75.8,8.3,,0.178,0.294,105.3,1,-1,0.814,0.186,32,31,33,32,1,4,8,3,,,0.79,0.23,0.23,55.1,21.92973200030493,-19.154103752129075,34.422090653331914,31.16752074500369,39.55829780830264,10,3
FF,2026-10-03,99.1,-0.18,6.53,"Megill, Trevor",664034,656730,,ball,,,,,14,,D,R,R,MIL,SD,B,,,0,0,2026,-0.14,1.66,0.9740126674578676,1.795455905629946,,,687957,1,9,Top,,,,,,,3.4521967170238392,-143.95837676198462,-11.19636981669571,-2.7361347350845167,34.9472312978612,-6.656355367945661,3.10328084,1.566141732,,,,99.3,2578,6.6,849830,661388,641343,668930,687401,806198,694192,669003,800325,53.91,,,,,,,,76,1,4-Seam Fastball,3,2,2,3,2,3,2,3,Standard,Standard,198,-0.011,0.034,,,,,-0.034,,1,-1,0.825,0.175,32,31,33,32,1,4,8,3,,,0.68,0.14,0.14,52.5,,,,,,10,3
FF,2026-10-03,99.3,0.02,6.49,"Megill, Trevor",592518,656730,strikeout,swinging_strike,,,,,9,Manny Machado strikes out swinging.,D,R,R,MIL,SD,S,2,,0,2,2026,-0.15,1.69,0.6249385677831424,1.93536376505907,,,687957,0,9,Top,,,,,,,2.004364744445794,-144.2045817387153,-10.800545528566603,-2.6056737883535623,36.05221841566925,-6.222074996048767,3.313910761,1.672440945,,,,99.4,2543,6.6,849830,661388,641343,668930,687401,806198,694192,669003,800325,53.89,,0.0,0.0,1,0,0,,75,3,4-Seam Fastball,3,2,2,3,2,3,2,3,Strategic,Standard,194,0.064,-0.15,72.5,7.8,0.524943996,,0.15,,1,-1,0.761,0.239,32,33,33,34,1,4,8,3,,,0.64,0.15,0.15,53.5,-1.515155390659137,15.471217925344998,31.86330275771968,47.77150906917788,16.302892563146536,10,3
FF,2026-10-03,99.3,-0.09,6.47,"Megill, Trevor",592518,656730,,called_strike,,,,,5,,D,R,R,MIL,SD,S,,,0,1,2026,-0.07,1.62,0.1534335345942293,2.19206843272974,,,687957,0,9,Top,,,,,,,0.8216153783198185,-144.29193803141916,-9.927237373754965,-1.146182355114436,35.14357844356832,-7.405223488281067,3.313910761,1.672440945,,,,99.7,2541,6.7,849830,661388,641343,668930,687401,806198,694192,669003,800325,53.82,,,,,,,,75,2,4-Seam Fastball,3,2,2,3,2,3,2,3,Standard,Standard,194,0.027,-0.05,,,,,0.05,,1,-1,0.734,0.266,32,33,33,34,1,4,8,3,,,0.71,0.07,0.07,53.2,,,,,,10,3
FF,2026-10-03,99.6,-0.21,6.46,"Megill, Trevor",592518,656730,,called_strike,,,,,6,,D,R,R,MIL,SD,S,,,0,0,2026,-0.12,1.71,0.3089373668252323,2.7101766229653306,,,687957,0,9,Top,,,,,,,1.700800353628184,-144.8052269911002,-8.758816958477102,-2.130029460280032,35.46125712323946,-6.334660978559573,3.313910761,1.672440945,,,,99.9,2635,6.6,849830,661388,641343,668930,687401,806198,694192,669003,800325,53.89,,,,,,,,75,1,4-Seam Fastball,3,2,2,3,2,3,2,3,Standard,Standard,197,0.016,-0.041,,,,,0.041,,1,-1,0.718,0.282,32,33,33,34,1,4,8,3,,,0.61,0.12,0.12,51.9,,,,,,10,3
FF,2026-10-03,99.9,-0.11,6.45,"Megill, Trevor",687957,656730,single,hit_into_play,,,,,6,Dustin Harris singles on a ground ball to right fielder Luis Lara.,D,L,R,MIL,SD,X,9,ground_ball,3,2,2026,-0.1,1.54,0.5460629360498958,2.7516583503088734,,,,0,9,Top,189.37,115.93,,,,,2.032853743769215,-145.1271055948289,-8.192364420985829,-1.885508544477742,39.15629964696729,-8.727419448497754,3.31742126,1.674212598,101,81.2,8,99.6,2511,6.6,849830,661388,641343,668930,687401,806198,694192,669003,800325,53.91,0.34,0.306,0.9,1,1,0,4,74,7,4-Seam Fastball,3,2,2,3,2,3,2,3,Strategic,Standard,199,-0.099,0.357,67.1,5.9,,0.367,-0.357,88.0,1,-1,0.817,0.183,32,26,33,27,1,4,8,3,,,0.78,0.1,-0.1,51.7,8.543068041051802,-6.007383551076684,39.055009813446034,25.94973888905871,28.257517455931904,10,3
FF,2026-10-03,99.8,-0.01,6.52,"Megill, Trevor",687957,656730,,foul,,,,,3,,D,L,R,MIL,SD,S,,,3,2,2026,-0.09,1.48,0.6211284177154265,2.934546585847889,,,,0,9,Top,,,,,,,1.9573147744308927,-145.15143313339755,-7.795444620180886,-1.7831470268418856,36.0967885942747,-9.671227138717468,3.31742126,1.674212598,203,86.5,70,100.1,2415,6.6,849830,661388,641343,668930,687401,806198,694192,669003,800325,53.86,,,,,,,,74,6,4-Seam Fastball,3,2,2,3,2,3,2,3,Strategic,Standard,197,0.0,0.0,73.1,6.8,,,0.0,88.0,1,-1,0.817,0.183,32,26,33,27,1,4,8,3,,,0.83,0.09,-0.09,53.9,23.61924460378541,-23.56475596248737,35.954435928070694,25.04955554219304,40.67910505909334,10,3
FF,2026-10-03,98.9,-0.21,6.46,"Megill, Trevor",687957,656730,,called_strike,,,,,8,,D,L,R,MIL,SD,S,,,3,1,2026,-0.23,1.62,-0.2193272617735474,1.5660095090959705,,,,0,9,Top,,,,,,,0.5193356566256787,-143.6587530398025,-11.47323724099277,-3.2322465398740103,35.45426799055331,-7.249640575242757,3.31742126,1.674212598,,,,99.0,2454,6.6,849830,661388,641343,668930,687401,806198,694192,669003,800325,53.9,,,,,,,,74,5,4-Seam Fastball,3,2,2,3,2,3,2,3,Standard,Standard,198,0.029,-0.101,,,,,0.101,,1,-1,0.788,0.212,32,26,33,27,1,4,8,3,,,0.73,0.23,-0.23,50.7,,,,,,10,3
FF,2026-10-03,98.4,-0.28,6.42,"Megill, Trevor",687957,656730,,ball,,,,,14,,D,L,R,MIL,SD,B,,,2,1,2026,-0.28,1.51,0.2622246746609961,1.003458106185097,,,,0,9,Top,,,,,,,2.1210675700717827,-142.73438007365343,-12.487239615574822,-4.343879276989886,34.905215270954336,-8.810900770605466,3.31742126,1.674212598,,,,98.4,2431,6.6,849830,661388,641343,668930,687401,806198,694192,669003,800325,53.87,,,,,,,,74,4,4-Seam Fastball,3,2,2,3,2,3,2,3,Standard,Standard,198,-0.035,0.137,,,,,-0.137,,1,-1,0.823,0.177,32,26,33,27,1,4,8,3,,,0.87,0.28,-0.28,54.0,,,,,,10,3
FF,2026-10-03,98.4,-0.21,6.52,"Megill, Trevor",687957,656730,,called_strike,,,,,4,,D,L,R,MIL,SD,S,,,2,0,2026,-0.26,1.73,-0.473839294521774,2.2565589418584437,,,,0,9,Top,,,,,,,-0.0939406465077632,-143.05196172257658,-9.938881762986645,-3.482993354888009,35.086983599117666,-6.28006370133008,3.31742126,1.674212598,,,,98.5,2480,6.6,849830,661388,641343,668930,687401,806198,694192,669003,800325,53.95,,,,,,,,74,3,4-Seam Fastball,3,2,2,3,2,3,2,3,Standard,Standard,197,0.023,-0.073,,,,,0.073,,1,-1,0.8,0.2,32,26,33,27,1,4,8,3,,,0.64,0.26,-0.26,53.9,,,,,,10,3
KC,2026-10-03,89.1,-0.29,6.5,"Megill, Trevor",687957,656730,,ball,,,,,14,,D,L,R,MIL,SD,B,,,1,0,2026,0.39,0.21,0.3695282546288553,1.3605054140744175,,,,0,9,Top,,,,,,,0.7713645876435653,-129.62586239695463,-6.74118923574276,4.154121935875838,29.541193857296832,-28.5293376866402,3.31742126,1.674212598,,,,89.2,2773,6.6,849830,661388,641343,668930,687401,806198,694192,669003,800325,53.94,,,,,,,,74,2,Knuckle Curve,3,2,2,3,2,3,2,3,Standard,Standard,40,-0.023,0.081,,,,,-0.081,,1,-1,0.823,0.177,32,26,33,27,1,4,8,3,,,2.68,-0.39,0.39,51.6,,,,,,10,3
KC,2026-10-03,88.7,-0.25,6.5,"Megill, Trevor",687957,656730,,ball,,,,,14,,D,L,R,MIL,SD,B,,,0,0,2026,0.29,-0.09,0.6870345252038872,-1.502574165478586,,,,0,9,Top,,,,,,,1.6372094868712808,-128.58682961569852,-12.874638620118326,2.8501006436286693,28.92440323935996,-30.50515474684697,3.31742126,1.674212598,,,,88.5,2860,6.6,849830,661388,641343,668930,687401,806198,694192,669003,800325,53.91,,,,,,,,74,1,Knuckle Curve,3,2,2,3,2,3,2,3,Standard,Standard,13,-0.012,0.042,,,,,-0.042,,1,-1,0.835,0.165,32,26,33,27,1,4,8,3,,,3.03,-0.29,0.29,53.9,,,,,,10,3
FF,2026-10-03,98.8,2.35,6.09,"Morejon, Adrian",687401,670970,strikeout,swinging_strike,,,,,11,Joey Ortiz strikes out swinging.,D,R,L,MIL,SD,S,2,,2,2,2026,0.41,1.32,-0.0346365329929027,3.999669984610092,,,,2,8,Bot,,,,,,,-7.358060562985751,-143.7942909069154,-3.2254819443354315,7.388500295706256,32.75542313102876,-13.241361928038229,3.136630577,1.582972441,,,,98.4,2387,6.0,849830,666023,664034,665487,592518,593428,687957,701538,669392,54.46,,0.0,0.0,1,0,0,,73,6,4-Seam Fastball,3,2,3,2,2,3,3,2,Standard,Standard,148,-0.007,-0.224,73.4,6.6,0.1,,0.224,,1,1,0.842,0.842,27,27,27,28,1,3,3,8,,,1.01,0.41,-0.41,47.0,5.559166653622677,6.351735883156199,15.98378438801672,32.86763975507846,21.071127378805254,10,3
SI,2026-10-03,97.5,2.42,6.01,"Morejon, Adrian",687401,670970,,foul,,,,,2,,D,R,L,MIL,SD,S,,,2,2,2026,1.43,0.88,-0.2750427193093534,2.68006721007119,,,,2,8,Bot,,,,,,,-10.412396417296987,-141.4517226118766,-5.213339715114592,21.56621013434456,34.072600226904434,-19.29160250022303,3.136630577,1.582972441,,,,96.6,2368,6.1,849830,666023,664034,665487,592518,593428,687957,701538,669392,54.42,,,,,,,,73,5,Sinker,3,2,3,2,2,3,3,2,Standard,Standard,145,0.0,0.0,58.2,5.2,,,0.0,,1,1,0.842,0.842,27,27,27,28,1,3,3,8,,,1.54,1.43,-1.43,42.0,-20.23237242077133,46.90134512846053,31.23884211599224,29.142759924961357,-3.0017561979661265,10,3
SI,2026-10-03,97.6,2.47,6.0,"Morejon, Adrian",687401,670970,,swinging_strike,,,,,6,,D,R,L,MIL,SD,S,,,2,1,2026,1.47,0.93,0.7008106753180618,2.515853657423625,,,,2,8,Bot,,,,,,,-8.077634858717692,-141.7428330243154,-5.749042371960615,21.71193905087321,34.03403624925153,-18.471583599268712,3.136630577,1.582972441,,,,96.7,2357,6.0,849830,666023,664034,665487,592518,593428,687957,701538,669392,54.51,,,,,,,,73,4,Sinker,3,2,3,2,2,3,3,2,Standard,Standard,139,-0.002,-0.079,77.5,7.5,1.280411532,,0.079,,1,1,0.844,0.844,27,27,27,28,1,3,3,8,,,1.48,1.47,-1.47,41.6,-0.8549023306592946,5.731216772307342,30.34952715068128,41.55512036078248,20.002994593074355,10,3
SI,2026-10-03,97.5,2.59,6.0,"Morejon, Adrian",687401,670970,,called_strike,,,,,2,,D,R,L,MIL,SD,S,,,2,0,2026,1.47,0.88,0.1624714141432452,3.1302109933610387,,,,2,8,Bot,,,,,,,-9.801801854505738,-141.59897424430108,-4.003604400485903,22.088237274928566,33.20951251695905,-19.61863504943594,3.136630577,1.582972441,,,,96.6,2277,6.0,849830,666023,664034,665487,592518,593428,687957,701538,669392,54.55,,,,,,,,73,3,Sinker,3,2,3,2,2,3,3,2,Standard,Standard,146,-0.001,-0.068,,,,,0.068,,1,1,0.845,0.845,27,27,27,28,1,3,3,8,,,1.53,1.47,-1.47,40.6,,,,,,10,3
CH,2026-10-03,89.6,2.52,6.02,"Morejon, Adrian",687401,670970,,ball,,,,,14,,D,R,L,MIL,SD,B,,,1,0,2026,1.16,-0.05,1.8702895457652404,2.309641375601335,,,,2,8,Bot,,,,,,,-4.050914506310987,-130.4333466962017,-2.8040178720563795,14.108597737642954,28.308518296075185,-32.40541601196843,3.136630577,1.582972441,,,,89.0,1095,5.9,849830,666023,664034,665487,592518,593428,687957,701538,669392,54.56,,,,,,,,73,2,Changeup,3,2,3,2,2,3,3,2,Standard,Standard,115,0.001,0.065,,,,,-0.065,,1,1,0.844,0.844,27,27,27,28,1,3,3,8,,,2.9,1.16,-1.16,40.8,,,,,,10,3
CH,2026-10-03,90.1,2.62,6.15,"Morejon, Adrian",687401,670970,,ball,,,,,12,,D,R,L,MIL,SD,B,,,0,0,2026,0.85,0.28,1.7852468336755971,3.895176564733944,,,,2,8,Bot,,,,,,,-3.829286210718245,-131.2054859112474,-0.0703871904248865,10.58654211910082,28.534211932999284,-29.095422984219567,3.136630577,1.582972441,,,,89.3,1023,5.8,849830,666023,664034,665487,592518,593428,687957,701538,669392,54.68,,,,,,,,73,1,Changeup,3,2,3,2,2,3,3,2,Standard,Standard,113,0.001,0.042,,,,,-0.042,,1,1,0.843,0.843,27,27,27,28,1,3,3,8,,,2.52,0.85,-0.85,41.5,,,,,,10,3
SI,2026-10-03,97.5,2.49,5.93,"Morejon, Adrian",669003,670970,field_out,hit_into_play,,,,,3,"Garrett Mitchell grounds out softly, pitcher Adrian Morejon to first baseman Ty France.",D,L,L,MIL,SD,X,1,ground_ball,1,0,2026,1.3,0.73,0.347210489347592,2.994074892389648,,,,1,8,Bot,131.36,192.9,,,,,-8.656331935467326,-141.8045292829315,-3.891630123176896,19.48462594648592,30.95308376681277,-21.55083732041968,3.292847769,1.661811024,1,72.0,-73,97.0,2378,5.9,849830,666023,664034,665487,592518,593428,687957,701538,669392,54.57,0.318,0.286,0.0,1,0,0,2,72,2,Sinker,3,2,3,2,2,3,3,2,Infield shade,Standard,140,-0.011,-0.301,74.9,6.3,,0.323,0.301,88.0,1,1,0.854,0.854,27,27,27,28,1,3,3,6,,,1.66,1.3,1.3,39.0,2.932883271670153,23.86949248872649,24.4630663889019,33.35836651881582,22.878813455150453,10,3
SL,2026-10-03,88.6,2.59,5.96,"Morejon, Adrian",669003,670970,,ball,,,,,13,,D,L,L,MIL,SD,B,,,0,0,2026,-0.65,-0.47,-1.1014134046477095,0.8329924121733989,,,,1,8,Bot,,,,,,,-7.469222860847633,-128.85876604734065,-5.161499509000396,-5.681791651046242,26.845905995609066,-36.55719239941156,3.292847769,1.661811024,,,,88.0,2872,5.9,849830,666023,664034,665487,592518,593428,687957,701538,669392,54.56,,,,,,,,72,1,Slider,3,2,3,2,2,3,3,2,Infield shade,Standard,298,0.001,0.041,,,,,-0.041,,1,1,0.853,0.853,27,27,27,28,1,3,3,6,,,3.38,-0.65,-0.65,39.0,,,,,,10,3
SI,2026-10-03,97.2,2.43,6.05,"Morejon, Adrian",800325,670970,field_out,hit_into_play,,,,,12,Luis Lara lines out to right fielder Samad Taylor.,D,R,L,MIL,SD,X,9,line_drive,2,1,2026,1.33,0.81,0.7729975858931988,3.371057208011022,,,,0,8,Bot,192.93,123.46,,,,,-7.423339867851697,-141.26501384731046,-3.264129548472154,19.58709489349031,33.989882560658074,-20.85607478209552,3.004986877,1.516535433,251,81.6,22,96.1,2352,5.9,849830,666023,664034,665487,592518,593428,687957,701538,669392,54.64,0.671,0.645,0.0,1,0,0,4,71,4,Sinker,3,2,3,2,2,3,3,2,Strategic,Standard,146,-0.016,-0.309,71.3,6.3,,0.802,0.309,88.0,1,1,0.869,0.869,27,21,27,22,1,3,3,7,,,1.62,1.33,-1.33,41.8,2.222718062851046,26.10086600009896,10.91328747597106,45.39771534263646,20.097828759182526,10,3
CH,2026-10-03,90.3,2.61,6.03,"Morejon, Adrian",800325,670970,,ball,,,,,14,,D,R,L,MIL,SD,B,,,1,1,2026,0.56,-0.02,0.7627539749077242,1.381662992274718,,,,0,8,Bot,,,,,,,-5.689769308475877,-131.33430114102063,-5.260494173809049,7.666430515741557,28.618834852230336,-31.448771840112308,3.004986877,1.516535433,,,,89.4,926,5.8,849830,666023,664034,665487,592518,593428,687957,701538,669392,54.65,,,,,,,,71,3,Changeup,3,2,3,2,2,3,3,2,Standard,Standard,112,0.003,0.063,,,,,-0.063,,1,1,0.866,0.866,27,21,27,22,1,3,3,7,,,2.82,0.56,-0.56,42.7,,,,,,10,3
SI,2026-10-03,97.2,2.6,6.09,"Morejon, Adrian",800325,670970,,ball,,,,,12,,D,R,L,MIL,SD,B,,,0,1,2026,1.34,0.82,1.7408804062952237,3.433944305401506,,,,0,8,Bot,,,,,,,-5.338779790506401,-141.4107854664676,-3.2606514321949085,19.15191798389245,33.70423792385404,-20.57950308069861,3.004986877,1.516535433,,,,96.1,2332,5.8,849830,666023,664034,665487,592518,593428,687957,701538,669392,54.71,,,,,,,,71,2,Sinker,3,2,3,2,2,3,3,2,Standard,Standard,148,0.001,0.029,,,,,-0.029,,1,1,0.865,0.865,27,21,27,22,1,3,3,7,,,1.6,1.34,-1.34,40.7,,,,,,10,3
CH,2026-10-03,89.9,2.55,6.17,"Morejon, Adrian",800325,670970,,called_strike,,,,,5,,D,R,L,MIL,SD,S,,,0,0,2026,0.45,-0.05,-0.0294275681631016,2.470395332086333,,,,0,8,Bot,,,,,,,-7.200176985636875,-130.7142123034292,-2.824330051650456,6.667589564039012,28.3644602935903,-32.3108674535034,3.004986877,1.516535433,,,,88.9,831,5.8,849830,666023,664034,665487,592518,593428,687957,701538,669392,54.75,,,,,,,,71,1,Changeup,3,2,3,2,2,3,3,2,Standard,Standard,114,-0.002,-0.041,,,,,0.041,,1,1,0.867,0.867,27,21,27,22,1,3,3,7,,,2.88,0.45,-0.45,48.6,,,,,,10,3
FF,2026-10-03,99.6,0.05,6.55,"Megill, Trevor",665487,656730,strikeout,swinging_strike,,,,,12,Fernando Tatis Jr. strikes out swinging.,D,R,R,MIL,SD,S,2,,0,2,2026,-0.14,1.65,1.2795382085306963,3.407934329782422,669392,,687749,2,8,Top,,,,,,,3.673372297455753,-144.82376167549893,-6.932323272792097,-2.81817555694776,36.18761442339378,-7.626128751109298,3.346382874,1.68882874,,,,99.7,2558,6.5,849830,661388,641343,668930,687401,806198,694192,669003,800325,53.96,,0.0,0.0,1,0,0,,70,3,4-Seam Fastball,3,2,2,3,2,3,2,3,Strategic,Standard,196,0.073,-0.203,63.2,6.9,0.967467792,,0.203,,1,-1,0.794,0.206,32,27,33,27,1,4,8,3,,,0.67,0.14,0.14,56.2,7.951428378835112,31.922094146468663,19.81707246039584,54.59951401432669,8.153338516087441,10,3
FF,2026-10-03,98.9,-0.13,6.59,"Megill, Trevor",665487,656730,,called_strike,,,,,4,,D,R,R,MIL,SD,S,,,0,1,2026,-0.44,1.52,-0.6362280510726139,2.451067503694617,669392,,687749,2,8,Top,,,,,,,-0.312252757656783,-143.72352590337525,-9.206115117862602,-6.033435111209578,35.240702207699904,-9.15852433803662,3.346382874,1.68882874,,,,99.0,2532,6.6,849830,661388,641343,668930,687401,806198,694192,669003,800325,53.94,,,,,,,,70,2,4-Seam Fastball,3,2,2,3,2,3,2,3,Standard,Standard,197,0.031,-0.053,,,,,0.053,,1,-1,0.763,0.237,32,27,33,27,1,4,8,3,,,0.83,0.44,0.44,53.4,,,,,,10,3
FF,2026-10-03,98.9,-0.11,6.56,"Megill, Trevor",665487,656730,,swinging_strike,,,,,12,,D,R,R,MIL,SD,S,,,0,0,2026,-0.25,1.67,0.1796765956049458,3.676218320268583,669392,,687749,2,8,Top,,,,,,,1.378093382487871,-143.8277648952755,-6.165161591505871,-3.8619325613392848,35.76894654133377,-7.8322676709989265,3.346382874,1.68882874,,,,99.1,2492,6.6,849830,661388,641343,668930,687401,806198,694192,669003,800325,53.92,,,,,,,,70,1,4-Seam Fastball,3,2,2,3,2,3,2,3,Standard,Standard,197,0.018,-0.029,69.1,6.0,1.843201308,,0.029,,1,-1,0.745,0.255,32,27,33,27,1,4,8,3,,,0.68,0.25,0.25,52.3,6.024171402891784,32.54098696965975,20.925966615496566,41.7283214279351,11.422148980690196,10,3
SI,2026-10-03,97.8,2.6,5.31,"Hall, DL",669720,669084,field_out,hit_into_play,,,,,4,Austin Hays flies out to right fielder Luis Lara. Samad Taylor to 3rd.,D,R,L,MIL,SD,X,9,fly_ball,2,2,2026,1.51,0.73,-0.3615060692132488,2.222803615679766,,669392,669134,1,8,Top,210.68,111.19,,,,,-11.489040176990592,-141.8873983065168,-4.275137404412479,23.195656979841,35.856005610586635,-21.41853507141573,3.141896326,1.585629921,300,92.9,41,97.9,2371,6.7,849830,661388,641343,668930,687401,806198,694192,669003,800325,53.78,0.014,0.022,0.0,1,0,0,3,69,5,Sinker,3,2,2,3,2,3,2,3,Standard,Standard,134,0.08,-0.223,71.7,6.7,,0.041,0.223,92.9,1,-1,0.665,0.335,27,30,28,31,1,0,6,3,,,1.68,1.51,-1.51,42.1,5.82160612762442,5.966026506560894,37.858518621843565,35.541726487072765,24.58926815542957,10,3
SI,2026-10-03,97.4,2.86,5.23,"Hall, DL",669720,669084,,ball,,,,,13,,D,R,L,MIL,SD,B,,,1,2,2026,1.52,0.59,-0.3803449800604088,0.7030207720938679,,669392,669134,1,8,Top,,,,,,,-12.211590875421992,-141.08324518261705,-7.7084422267742,23.20429815464202,35.53395546477895,-22.500537424830156,3.141896326,1.585629921,,,,97.5,2405,6.8,849830,661388,641343,668930,687401,806198,694192,669003,800325,53.68,,,,,,,,69,4,Sinker,3,2,2,3,2,3,2,3,Standard,Standard,135,-0.017,0.058,,,,,-0.058,,1,-1,0.682,0.318,27,30,28,31,1,0,6,3,,,1.86,1.52,-1.52,35.3,,,,,,10,3
CU,2026-10-03,85.9,2.6,5.73,"Hall, DL",669720,669084,,blocked_ball,,,,,13,,D,R,L,MIL,SD,B,,,0,2,2026,-0.79,-0.83,-0.3260587584943898,0.4583365951086655,,669392,669134,1,8,Top,,,,,,,-5.235695745271574,-124.9633580644186,-4.186720121317648,-6.972320019837463,28.438929168984405,-40.05036524681426,3.141896326,1.585629921,,,,85.9,2907,6.6,849830,661388,641343,668930,687401,806198,694192,669003,800325,53.88,,,,,,,,69,3,Curveball,3,2,2,3,2,3,2,3,Standard,Standard,317,-0.011,0.027,,,,,-0.027,,1,-1,0.693,0.307,27,30,28,31,1,0,6,3,,,3.95,-0.79,0.79,49.1,,,,,,10,3
SL,2026-10-03,86.0,2.78,5.63,"Hall, DL",669720,669084,,foul,,,,,13,,D,R,L,MIL,SD,S,,,0,1,2026,-0.53,-0.84,-1.0154193751730876,1.5863455950237717,,669392,669134,1,8,Top,,,,,,,-7.829020920643516,-125.01235837061029,-1.274743742693302,-3.7499873963239065,28.26044855151056,-40.85755871419574,3.141896326,1.585629921,5,75.4,-21,86.2,2944,6.7,849830,661388,641343,668930,687401,806198,694192,669003,800325,53.78,,,,,,,,69,2,Slider,3,2,2,3,2,3,2,3,Standard,Standard,317,0.028,-0.062,75.0,7.4,,,0.062,88.0,1,-1,0.665,0.335,27,30,28,31,1,0,6,3,,,3.96,-0.53,0.53,48.3,13.895864757698682,-16.006310449011774,36.06117050530797,29.408107354721796,38.79388630004112,10,3
SI,2026-10-03,98.1,2.84,5.27,"Hall, DL",669720,669084,,called_strike,,,,,8,,D,R,L,MIL,SD,S,,,0,0,2026,1.53,0.66,-0.2323251019498025,1.9327493218686065,,669392,669134,1,8,Top,,,,,,,-11.86519417580755,-142.2515800011746,-4.828764681796084,23.569631892510348,35.68302321735898,-22.18432103518569,3.141896326,1.585629921,,,,98.2,2327,6.7,849830,661388,641343,668930,687401,806198,694192,669003,800325,53.75,,,,,,,,69,1,Sinker,3,2,2,3,2,3,2,3,Standard,Standard,135,0.016,-0.041,,,,,0.041,,1,-1,0.649,0.351,27,30,28,31,1,0,6,3,,,1.74,1.53,-1.53,38.9,,,,,,10,3
SI,2026-10-03,95.8,2.93,5.28,"Hall, DL",669134,669084,walk,ball,,,,,13,Luis Campusano walks. Miguel Andujar to 2nd.,D,R,L,MIL,SD,B,,,3,0,2026,1.38,1.03,-0.1801067192524186,1.244354827837524,,,609280,1,8,Top,,,,,,,-11.363111504296878,-138.79424211389136,-7.147782640309298,20.536565797407896,33.543961546257265,-17.342807703301776,3.119078084,1.574114173,,,,96.1,2295,6.9,849830,661388,641343,668930,687401,806198,694192,669003,800325,53.63,,0.69822,0.7,1,0,0,,68,4,Sinker,3,2,2,3,2,3,2,3,Standard,Standard,129,-0.035,0.116,,,,,-0.116,,1,-1,0.684,0.316,27,27,28,28,1,3,6,4,,,1.49,1.38,-1.38,38.3,,,,,,10,3
CH,2026-10-03,83.0,2.98,5.28,"Hall, DL",669134,669084,,ball,,,,,13,,D,R,L,MIL,SD,B,,,2,0,2026,1.46,0.63,-0.8841134010804077,1.4456802397878583,,,609280,1,8,Top,,,,,,,-11.731777997900693,-120.2325837866322,-3.212537751939477,16.605283625812685,26.565727643295943,-25.570936060736045,3.119078084,1.574114173,,,,83.1,2248,6.9,849830,661388,641343,668930,687401,806198,694192,669003,800325,53.6,,,,,,,,68,3,Changeup,3,2,2,3,2,3,2,3,Standard,Standard,103,-0.027,0.096,,,,,-0.096,,1,-1,0.711,0.289,27,27,28,28,1,3,6,4,,,2.74,1.46,-1.46,37.0,,,,,,10,3
CH,2026-10-03,83.1,3.1,5.39,"Hall, DL",669134,669084,,ball,,,,,12,,D,R,L,MIL,SD,B,,,1,0,2026,1.32,0.73,1.2558735933461291,2.721716465774395,,,609280,1,8,Top,,,,,,,-6.856802227212173,-120.73322102970609,-0.8127140077097573,14.333712437550869,26.09964754778329,-25.12742770630452,3.119078084,1.574114173,,,,83.2,2210,6.7,849830,661388,641343,668930,687401,806198,694192,669003,800325,53.83,,,,,,,,68,2,Changeup,3,2,2,3,2,3,2,3,Standard,Standard,108,-0.017,0.066,,,,,-0.066,,1,-1,0.728,0.272,27,27,28,28,1,3,6,4,,,2.61,1.32,-1.32,38.0,,,,,,10,3
SI,2026-10-03,97.8,2.84,5.43,"Hall, DL",669134,669084,,ball,,,,,11,,D,R,L,MIL,SD,B,,,0,0,2026,1.33,1.07,-0.8870331260674198,3.119164570400857,,,609280,1,8,Top,,,,,,,-13.15591954148964,-141.75657124074866,-2.990702408573515,21.10744207718361,35.11178257500757,-17.325521385116048,3.119078084,1.574114173,,,,98.2,2311,6.9,849830,661388,641343,668930,687401,806198,694192,669003,800325,53.6,,,,,,,,68,1,Sinker,3,2,2,3,2,3,2,3,Standard,Standard,140,-0.009,0.034,,,,,-0.034,,1,-1,0.737,0.263,27,27,28,28,1,3,6,4,,,1.35,1.33,-1.33,42.3,,,,,,10,3
CH,2026-10-03,85.3,3.16,5.21,"Hall, DL",609280,669084,force_out,hit_into_play,,,,,9,"Miguel Andujar grounds into a force out, shortstop Cooper Pratt to second baseman Brice Turang. Xander Bogaerts out at 2nd. Miguel Andujar to 1st.",D,R,L,MIL,SD,X,6,ground_ball,0,1,2026,1.19,0.73,0.4236338704897848,2.043334958243105,,,593428,0,8,Top,113.44,157.43,,,,,-8.862800288377347,-123.82509404972156,-2.350718848773052,14.120606340891689,26.95381137212244,-24.463600106513447,3.191043307,1.610433071,4,86.3,-26,85.5,2336,6.8,849830,661388,641343,668930,687401,806198,694192,669003,800325,53.72,0.066,0.063,0.0,1,0,0,2,67,2,Changeup,3,2,2,3,2,3,2,3,Standard,Standard,101,0.068,-0.302,74.3,7.8,,0.074,0.302,88.0,1,-1,0.669,0.331,27,31,28,31,1,0,6,3,,,2.45,1.19,-1.19,37.7,6.535281350528043,8.125368694847547,26.18978916119243,44.45152103939171,29.738570428920475,10,3
CH,2026-10-03,84.9,3.06,5.36,"Hall, DL",609280,669084,,called_strike,,,,,7,,D,R,L,MIL,SD,S,,,0,0,2026,1.28,0.77,-0.421317173954407,1.763433921760816,,,593428,0,8,Top,,,,,,,-10.68594318126457,-123.0685752932252,-3.3462914142574203,15.246332147587388,27.126474803260106,-23.8318498540126,3.191043307,1.610433071,,,,84.8,2383,6.7,849830,661388,641343,668930,687401,806198,694192,669003,800325,53.79,,,,,,,,67,1,Changeup,3,2,2,3,2,3,2,3,Standard,Standard,107,0.012,-0.041,,,,,0.041,,1,-1,0.657,0.343,27,31,28,31,1,0,6,3,,,2.44,1.28,-1.28,36.6,,,,,,10,3
SI,2026-10-03,95.6,2.75,5.37,"Hall, DL",593428,669084,walk,ball,,,,,12,Xander Bogaerts walks.,D,R,L,MIL,SD,B,,,3,1,2026,1.43,0.95,0.3268854062544688,3.7740863452399647,,,,0,8,Top,,,,,,,-9.635564391918043,-138.82945225957096,-0.5446241464835023,20.66963195164464,32.89726993892169,-20.07590317205645,3.284949147,1.657824803,,,,95.9,2281,6.7,849830,661388,641343,668930,687401,806198,694192,669003,800325,53.78,,0.69822,0.7,1,0,0,,66,5,Sinker,3,2,2,3,2,3,2,3,Strategic,Standard,136,-0.053,0.258,,,,,-0.258,,1,-1,0.71,0.29,27,33,28,34,1,3,6,3,,,1.57,1.43,-1.43,39.0,,,,,,10,3
SI,2026-10-03,97.1,2.81,5.35,"Hall, DL",593428,669084,,ball,,,,,11,,D,R,L,MIL,SD,B,,,2,1,2026,1.19,0.97,-0.8265236459207159,3.3854062393561115,,,,0,8,Top,,,,,,,-12.440775149428022,-140.90129683741588,-1.779977640990892,18.70363475087652,33.17808570427423,-18.99724478287729,3.284949147,1.657824803,,,,97.5,2299,6.8,849830,661388,641343,668930,687401,806198,694192,669003,800325,53.75,,,,,,,,66,4,Sinker,3,2,2,3,2,3,2,3,Strategic,Standard,134,-0.026,0.137,,,,,-0.137,,1,-1,0.736,0.264,27,33,28,34,1,3,6,3,,,1.46,1.19,-1.19,37.9,,,,,,10,3
CH,2026-10-03,83.9,2.94,5.44,"Hall, DL",593428,669084,,ball,,,,,13,,D,R,L,MIL,SD,B,,,1,1,2026,1.25,0.58,-0.8375711111202939,1.903991396395698,,,,0,8,Top,,,,,,,-11.205821274727205,-121.64237823406806,-2.651912536409496,14.739779434395103,25.40588663089796,-26.065273011064622,3.284949147,1.657824803,,,,84.1,2337,6.8,849830,661388,641343,668930,687401,806198,694192,669003,800325,53.71,,,,,,,,66,3,Changeup,3,2,2,3,2,3,2,3,Strategic,Standard,106,-0.012,0.063,,,,,-0.063,,1,-1,0.748,0.252,27,33,28,34,1,3,6,3,,,2.7,1.25,-1.25,38.4,,,,,,10,3
CH,2026-10-03,84.5,2.98,5.41,"Hall, DL",593428,669084,,ball,,,,,14,,D,R,L,MIL,SD,B,,,0,1,2026,1.23,0.56,0.1170191353194924,1.1879634134369428,,,,0,8,Top,,,,,,,-9.135099255919444,-122.59572705782118,-4.317033910833848,14.291074999110188,26.58806488472497,-25.77744381170785,3.284949147,1.657824803,,,,84.7,2302,6.8,849830,661388,641343,668930,687401,806198,694192,669003,800325,53.72,,,,,,,,66,2,Changeup,3,2,2,3,2,3,2,3,Strategic,Standard,110,-0.005,0.029,,,,,-0.029,,1,-1,0.753,0.247,27,33,28,34,1,3,6,3,,,2.67,1.23,-1.23,41.0,,,,,,10,3
SI,2026-10-03,96.3,2.74,5.39,"Hall, DL",593428,669084,,called_strike,,,,,2,,D,R,L,MIL,SD,S,,,0,0,2026,1.33,0.86,-0.1906713509176236,3.187782632156206,,,,0,8,Top,,,,,,,-10.815622288445914,-139.87451472247696,-2.066704778897198,19.89771044058455,32.6598893720525,-20.611091208801795,3.284949147,1.657824803,,,,96.9,2264,6.8,849830,661388,641343,668930,687401,806198,694192,669003,800325,53.71,,,,,,,,66,1,Sinker,3,2,2,3,2,3,2,3,Standard,Standard,137,0.008,-0.041,,,,,0.041,,1,-1,0.745,0.255,27,33,28,34,1,3,6,3,,,1.61,1.33,-1.33,41.8,,,,,,10,3
CH,2026-10-03,92.3,2.46,5.98,"Morejon, Adrian",806198,670970,strikeout,swinging_strike,,,,,14,Cooper Pratt strikes out swinging.,D,R,L,MIL,SD,S,2,,0,2,2026,0.94,-0.19,0.1666400707490243,1.0283688759142575,,641343,683734,2,7,Bot,,,,,,,-7.775030524197017,-134.07854961924576,-6.040442499610903,13.063218497334216,29.583822499705484,-33.27192157557732,3.373589239,1.702559055,,,,91.6,902,6.0,849830,806956,664034,630105,592518,593428,687957,701538,665487,54.51,,0.0,0.0,1,0,0,,65,3,Changeup,3,2,3,2,2,3,3,2,Standard,Standard,109,-0.023,-0.192,73.8,7.5,2.85451656,,0.192,,1,1,0.768,0.768,27,21,27,22,1,3,3,6,,,2.88,0.94,-0.94,43.4,12.46669183753292,-10.321811223044572,42.35949864447776,33.567039123472206,39.13803373365728,10,3
CH,2026-10-03,91.0,2.54,5.99,"Morejon, Adrian",806198,670970,,swinging_strike_blocked,,,,,13,,D,R,L,MIL,SD,S,,,0,1,2026,0.63,-0.4,-1.1897691344452093,0.6019379628894064,,641343,683734,2,7,Bot,,,,,,,-10.531662766997144,-132.06698674490173,-6.378174857679145,9.677658351468972,29.499641143217804,-35.59265766478268,3.373589239,1.702559055,,,,90.3,992,6.1,849830,806956,664034,630105,592518,593428,687957,701538,665487,54.39,,,,,,,,65,2,Changeup,3,2,3,2,2,3,3,2,Standard,Standard,104,-0.009,-0.057,34.8,6.4,15.687661968,,0.057,,1,1,0.777,0.777,27,21,27,22,1,3,3,6,,,3.18,0.63,-0.63,44.1,1.414142656030817,0.6736925659079712,40.18239957516508,17.0733096497167,26.86003576289104,10,3
CH,2026-10-03,91.3,2.49,6.02,"Morejon, Adrian",806198,670970,,swinging_strike,,,,,13,,D,R,L,MIL,SD,S,,,0,0,2026,0.55,-0.21,-1.1698637644190484,1.5217969944170031,,641343,683734,2,7,Bot,,,,,,,-10.236675279162403,-132.5848725445038,-4.662360425919172,8.829693350852562,29.9597116198896,-33.74799998703896,3.373589239,1.702559055,,,,90.6,980,6.1,849830,806956,664034,630105,592518,593428,687957,701538,665487,54.41,,,,,,,,65,1,Changeup,3,2,3,2,2,3,3,2,Standard,Standard,112,-0.006,-0.035,55.6,7.3,5.581458024,,0.035,,1,1,0.783,0.783,27,21,27,22,1,3,3,6,,,2.97,0.55,-0.55,45.6,24.846169663416983,-30.525580012863145,36.57727568672913,19.591888429583552,45.02493861029398,10,3
SI,2026-10-03,99.1,2.37,5.9,"Morejon, Adrian",683734,670970,single,hit_into_play,,,,,6,Andrew Vaughn singles on a sharp ground ball to center fielder Jackson Merrill. Jake Bauers to 2nd.,D,R,L,MIL,SD,X,8,ground_ball,2,2,2026,1.44,0.78,0.2778900673048625,2.6259283696319544,,,641343,2,7,Bot,125.08,91.63,,,,,-8.994904551843693,-143.9804363116805,-5.066606685826569,22.136653118995937,36.58506356152322,-20.35338891449769,3.127854331,1.578543307,38,105.8,-2,98.0,2386,6.0,849830,806956,664034,630105,592518,593428,687957,701538,665487,54.53,0.46,0.431,0.9,1,1,0,4,64,6,Sinker,3,2,3,2,2,3,3,2,Strategic,Standard,142,0.021,0.37,71.0,6.6,,0.503,-0.37,105.8,1,1,0.762,0.762,27,28,27,28,1,0,3,14,,,1.57,1.44,-1.44,40.6,3.163322961365514,6.797819191511479,22.693358240470605,40.06094389623057,25.44937489534502,10,3
CH,2026-10-03,91.4,2.38,6.0,"Morejon, Adrian",683734,670970,,ball,,,,,14,,D,R,L,MIL,SD,B,,,1,2,2026,0.84,0.02,0.05200886236897,1.0723568525927027,,,641343,2,7,Bot,,,,,,,-7.574263065899836,-132.77837727194674,-6.21383813561561,11.619797041377968,30.811859209636697,-30.688050224108707,3.127854331,1.578543307,,,,90.4,960,6.0,849830,806956,664034,630105,592518,593428,687957,701538,665487,54.51,,,,,,,,64,5,Changeup,3,2,3,2,2,3,3,2,Strategic,Standard,115,0.003,0.054,,,,,-0.054,,1,1,0.759,0.759,27,28,27,28,1,0,3,14,,,2.74,0.84,-0.84,40.8,,,,,,10,3
FF,2026-10-03,98.8,2.21,6.03,"Morejon, Adrian",683734,670970,,foul,,,,,1,,D,R,L,MIL,SD,S,,,1,2,2026,0.58,1.35,-0.8244139646954453,2.7336360793179755,,,641343,2,7,Bot,,,,,,,-9.49783230766867,-143.45702928188834,-6.440752584798429,10.392199266033767,35.60353238223545,-12.21544056415826,3.127854331,1.578543307,172,82.1,9,98.1,2513,6.2,849830,806956,664034,630105,592518,593428,687957,701538,665487,54.29,,,,,,,,64,4,4-Seam Fastball,3,2,3,2,2,3,3,2,Standard,Standard,142,0.0,0.0,67.6,6.1,,,0.0,88.0,1,1,0.759,0.759,27,28,27,28,1,0,3,14,,,1.01,0.58,-0.58,44.8,1.1947097594729563,6.350196320249285,33.34533208954076,26.72054385568393,22.549369424191863,10,3
CH,2026-10-03,91.2,2.36,6.0,"Morejon, Adrian",683734,670970,,ball,,,,,14,,D,R,L,MIL,SD,B,,,0,2,2026,0.92,0.06,0.9058441729086572,1.1129401015143312,,,641343,2,7,Bot,,,,,,,-5.6033423835363445,-132.59293557303286,-6.143001732195947,12.118145580903375,32.03210844028263,-30.2194617608653,3.127854331,1.578543307,,,,90.2,847,6.0,849830,806956,664034,630105,592518,593428,687957,701538,665487,54.46,,,,,,,,64,3,Changeup,3,2,3,2,2,3,3,2,Standard,Standard,105,0.002,0.021,,,,,-0.021,,1,1,0.757,0.757,27,28,27,28,1,0,3,14,,,2.72,0.92,-0.92,46.7,,,,,,10,3
CH,2026-10-03,91.3,2.33,6.04,"Morejon, Adrian",683734,670970,,foul,,,,,7,,D,R,L,MIL,SD,S,,,0,1,2026,0.87,-0.21,-0.5515630331478458,1.8262306406008533,,,641343,2,7,Bot,,,,,,,-8.972203544210767,-132.5824724557307,-3.966453985481146,12.17001422783547,29.25944813388641,-33.90472128428591,3.127854331,1.578543307,,,,90.4,866,5.9,849830,806956,664034,630105,592518,593428,687957,701538,665487,54.6,,,,,,,,64,2,Changeup,3,2,3,2,2,3,3,2,Standard,Standard,106,-0.005,-0.061,73.2,7.3,,,0.061,,1,1,0.762,0.762,27,28,27,28,1,0,3,14,,,2.96,0.87,-0.87,42.5,10.292533924343994,-5.484861827974016,36.67892511914728,30.395683364350614,28.674177593269327,10,3
SI,2026-10-03,100.0,2.35,5.98,"Morejon, Adrian",683734,670970,,called_strike,,,,,5,,D,R,L,MIL,SD,S,,,0,0,2026,1.52,0.75,0.1025122619060503,2.1272708460036016,,,641343,2,7,Bot,,,,,,,-9.66478936267134,-145.1543562038316,-6.740350472650407,23.72269402087761,35.85691149170834,-20.068552533633724,3.127854331,1.578543307,,,,99.0,2330,6.0,849830,806956,664034,630105,592518,593428,687957,701538,665487,54.48,,,,,,,,64,1,Sinker,3,2,3,2,2,3,3,2,Standard,Standard,138,-0.003,-0.041,,,,,0.041,,1,1,0.765,0.765,27,28,27,28,1,0,3,14,,,1.55,1.52,-1.52,41.7,,,,,,10,3
SI,2026-10-03,98.6,2.44,5.92,"Morejon, Adrian",641343,670970,single,hit_into_play,,,,,8,"Jake Bauers singles on a ground ball to right fielder Fernando Tatis Jr., deflected by second baseman Jake Cronenworth.",D,L,L,MIL,SD,X,4,ground_ball,1,0,2026,1.51,0.87,-0.1089662687444432,1.7224244950843768,,,,2,7,Bot,154.0,116.74,,,,,-10.309126038639418,-142.99385664178467,-7.663810229363595,23.09268240361433,34.26903951271443,-18.552862313545088,3.217372047,1.623720472,129,98.0,6,97.5,2411,6.0,849830,806956,664034,630105,592518,593428,687957,701538,665487,54.55,0.6,0.578,0.9,1,1,0,4,63,2,Sinker,3,2,3,2,2,3,3,2,Infield shade,Standard,142,0.009,0.284,75.0,8.1,,0.714,-0.284,98.0,1,1,0.756,0.756,27,30,27,31,1,3,3,6,,,1.5,1.51,1.51,38.1,9.497328567462825,0.3183950636897471,38.64510902209161,38.67962396605742,29.48613505739635,10,3
SI,2026-10-03,100.1,2.43,5.98,"Morejon, Adrian",641343,670970,,ball,,,,,13,,D,L,L,MIL,SD,B,,,0,0,2026,1.42,0.88,-0.615833240390647,1.4677706381231208,,,,2,7,Bot,,,,,,,-11.612565654564603,-145.09695747480066,-8.81566145593943,22.84631318489142,34.8779964464821,-17.77535789845883,3.217372047,1.623720472,,,,99.1,2443,6.0,849830,806956,664034,630105,592518,593428,687957,701538,665487,54.47,,,,,,,,63,1,Sinker,3,2,3,2,2,3,3,2,Standard,Standard,148,0.001,0.042,,,,,-0.042,,1,1,0.755,0.755,27,30,27,31,1,3,3,6,,,1.42,1.42,1.42,39.0,,,,,,10,3
SI,2026-10-03,100.1,2.38,5.88,"Morejon, Adrian",661388,670970,home_run,hit_into_play,,,,,6,William Contreras homers (1) on a fly ball to center field.,D,R,L,MIL,SD,X,,fly_ball,3,2,2026,1.43,0.73,0.548677825721916,2.373079539485947,,,,2,7,Bot,164.79,39.28,,,,,-8.335699497129633,-145.45857465016124,-5.77659691264086,22.219250846620564,33.99948406976261,-20.6881146614602,3.133120079,1.581200787,406,103.7,27,99.4,2282,6.0,849830,806956,664034,630105,592518,593428,687957,701538,665487,54.51,0.849,1.646,2.0,1,0,3,6,62,6,Sinker,2,2,2,2,2,3,3,2,Standard,Strategic,134,0.231,2.549,76.0,7.5,,3.171,-2.549,103.7,0,0,0.524,0.524,27,28,27,29,1,3,3,7,,,1.56,1.43,-1.43,43.6,8.356501537890786,3.249631777877875,27.757043610537345,43.99023136471522,25.247810372059966,10,3
SI,2026-10-03,99.1,2.38,6.02,"Morejon, Adrian",661388,670970,,foul,,,,,11,,D,R,L,MIL,SD,S,,,3,1,2026,1.26,1.12,-0.025417737800464,3.4671710128273983,,,,2,7,Bot,,,,,,,-9.41388722987221,-144.0491976057045,-3.982878055287548,19.795063435392372,34.03011348618714,-15.901537553947229,3.133120079,1.581200787,293,85.2,35,98.3,2470,5.9,849830,806956,664034,630105,592518,593428,687957,701538,665487,54.55,,,,,,,,62,5,Sinker,2,2,2,2,2,2,2,2,Standard,Strategic,136,-0.005,-0.097,75.4,7.6,,,0.097,88.0,0,0,0.529,0.529,27,28,27,29,1,3,3,7,,,1.21,1.26,-1.26,45.0,20.202218009344637,-10.384965900117331,20.93787082976547,39.84260491610377,35.60057328542513,10,3
SI,2026-10-03,98.6,2.55,5.98,"Morejon, Adrian",661388,670970,,ball,,,,,12,,D,R,L,MIL,SD,B,,,2,1,2026,1.46,0.71,1.533687259789192,2.839222875726664,,,,2,7,Bot,,,,,,,-6.120671312528053,-143.45615560916457,-4.519820794855668,21.55325014014897,34.12822161090909,-21.55814417953012,3.133120079,1.581200787,,,,97.8,2439,5.9,849830,806956,664034,630105,592518,593428,687957,701538,665487,54.57,,,,,,,,62,4,Sinker,2,2,2,2,2,2,2,2,Standard,Strategic,143,0.006,0.103,,,,,-0.103,,0,0,0.523,0.523,27,28,27,29,1,3,3,7,,,1.64,1.46,-1.46,39.9,,,,,,10,3
SI,2026-10-03,99.0,2.45,5.95,"Morejon, Adrian",661388,670970,,called_strike,,,,,5,,D,R,L,MIL,SD,S,,,2,0,2026,1.36,0.79,-0.1665588422433805,2.247600303437462,,,,2,7,Bot,,,,,,,-10.182358943101352,-143.6551981144859,-6.234622529874823,21.241084169120832,34.13334302275328,-19.96398717935694,3.133120079,1.581200787,,,,98.1,2529,6.0,849830,806956,664034,630105,592518,593428,687957,701538,665487,54.5,,,,,,,,62,3,Sinker,2,2,2,2,2,2,2,2,Standard,Strategic,145,-0.004,-0.068,,,,,0.068,,0,0,0.527,0.527,27,28,27,29,1,3,3,7,,,1.56,1.36,-1.36,40.6,,,,,,10,3
CH,2026-10-03,92.7,2.48,6.02,"Morejon, Adrian",661388,670970,,ball,,,,,13,,D,R,L,MIL,SD,B,,,1,0,2026,1.03,-0.33,-0.8243615134334223,0.5120642226268335,,,,2,7,Bot,,,,,,,-10.515419687401788,-134.49405335945755,-7.1755999886799495,14.807614388155484,29.527908313592143,-34.75610929402405,3.133120079,1.581200787,,,,91.9,995,6.0,849830,806956,664034,630105,592518,593428,687957,701538,665487,54.52,,,,,,,,62,2,Changeup,2,2,2,2,2,2,2,2,Standard,Strategic,107,0.004,0.065,,,,,-0.065,,0,0,0.523,0.523,27,28,27,29,1,3,3,7,,,3.0,1.03,-1.03,42.0,,,,,,10,3
SI,2026-10-03,99.4,2.37,5.99,"Morejon, Adrian",661388,670970,,ball,,,,,12,,D,R,L,MIL,SD,B,,,0,0,2026,1.48,0.75,1.202212010655931,2.661225744377007,,,,2,7,Bot,,,,,,,-6.624347955649739,-144.4197300705494,-5.184005883236151,22.28784496846705,36.52115928636182,-20.611526706360983,3.133120079,1.581200787,,,,98.2,2490,5.9,849830,806956,664034,630105,592518,593428,687957,701538,665487,54.59,,,,,,,,62,1,Sinker,2,2,2,2,2,2,2,2,Standard,Standard,142,0.002,0.042,,,,,-0.042,,0,0,0.521,0.521,27,28,27,29,1,3,3,7,,,1.58,1.48,-1.48,37.4,,,,,,10,3
SI,2026-10-03,99.0,2.47,6.01,"Morejon, Adrian",668930,670970,field_out,hit_into_play,,,,,5,Brice Turang lines out to left fielder Dustin Harris.,D,L,L,MIL,SD,X,7,line_drive,0,0,2026,1.38,0.93,0.1705981004514418,2.6785990710109324,,,,1,7,Bot,58.6,105.79,,,,,-9.383043688839862,-143.80333428002064,-5.589839401618354,21.32307026368601,34.871461924383404,-18.120434222342844,3.21035105,1.620177165,285,93.0,21,98.1,2423,6.0,849830,806956,664034,630105,592518,593428,687957,701538,665487,54.52,0.243,0.268,0.0,1,0,0,3,61,1,Sinker,2,2,2,2,2,2,2,2,Standard,Standard,139,-0.029,-0.261,69.2,6.7,,0.397,0.261,93.0,0,0,0.55,0.55,27,26,27,27,1,3,3,6,,,1.41,1.38,1.38,40.3,4.27429426074847,12.896304065988277,30.475649004142436,31.97024763924864,28.788888104467876,10,3
SI,2026-10-03,99.2,2.45,6.02,"Morejon, Adrian",694192,670970,field_out,hit_into_play,,,,,6,"Jackson Chourio grounds out, second baseman Jake Cronenworth to first baseman Ty France.",D,R,L,MIL,SD,X,4,ground_ball,0,0,2026,1.29,0.88,0.5155748213677116,2.718736497674461,,,,0,7,Bot,148.87,148.83,,,,,-8.199739131502497,-144.0871436753281,-5.408807142342133,19.86520166508403,34.79218594553298,-18.84960237394074,3.237557415,1.63390748,132,93.5,8,98.2,2376,5.9,849830,806956,664034,630105,592518,593428,687957,701538,665487,54.57,0.509,0.46,0.0,1,0,0,4,60,1,Sinker,2,2,2,2,2,2,2,2,Standard,Standard,142,-0.038,-0.259,77.1,7.2,,0.56,0.259,93.5,0,0,0.588,0.588,27,22,27,22,1,3,3,6,,,1.45,1.29,-1.29,44.4,13.77717226953546,18.29620760034484,19.312555841660227,44.55534159320796,24.43874758355461,10,3
FC,2026-10-03,91.8,2.55,5.72,"Hall, DL",701538,669084,field_out,hit_into_play,,,,,1,Jackson Merrill flies out to left fielder Jackson Chourio.,D,L,L,MIL,SD,X,7,fly_ball,1,2,2026,-0.46,-0.03,-0.7727897980469518,3.2036223535946053,665487,592518,664034,2,7,Top,87.97,119.63,,,,,-7.309376526231063,-133.54151837301052,-0.2369685749913912,-3.898624680155175,29.24235321468417,-32.700840743697,3.320054134,1.675541339,221,93.6,57,92.2,2513,6.6,849830,661388,641343,668930,687401,806198,694192,669003,800325,53.94,0.02,0.024,0.0,1,0,0,3,59,4,Cutter,2,2,2,2,2,2,2,2,Strategic,Standard,259,0.087,-0.176,71.2,7.3,,0.032,0.176,93.6,0,0,0.501,0.499,27,23,28,23,1,3,6,3,,,2.74,-0.46,-0.46,44.7,20.56088116011968,2.781439191687835,24.55620575143413,44.0022322134901,34.08317622785554,10,3
SI,2026-10-03,96.4,2.72,5.34,"Hall, DL",701538,669084,,foul,,,,,8,,D,L,L,MIL,SD,S,,,1,1,2026,1.56,0.74,0.1070225205178132,2.106556051735465,665487,592518,664034,2,7,Top,,,,,,,-10.488931733979658,-139.8920480574745,-4.467713588797045,22.90712029750062,33.988213809805515,-21.540223976974264,3.320054134,1.675541339,,,,96.4,2385,6.6,849830,661388,641343,668930,687401,806198,694192,669003,800325,53.9,,,,,,,,59,3,Sinker,2,2,2,2,2,2,2,2,Standard,Standard,137,0.031,-0.066,75.3,7.7,,,0.066,,0,0,0.47,0.53,27,23,28,23,1,3,6,3,,,1.74,1.56,1.56,35.5,20.415311108807025,-0.2381146445955773,36.65120036658972,33.70392699815661,32.32480825143439,10,3
SI,2026-10-03,98.8,2.68,5.37,"Hall, DL",701538,669084,,ball,,,,,13,,D,L,L,MIL,SD,B,,,0,1,2026,1.51,0.88,-0.8126601285349906,1.0047612312329313,665487,592518,664034,2,7,Top,,,,,,,-13.028387562158688,-142.9814618566726,-8.234444598130318,23.84344557138888,35.37358628432699,-18.140284462649184,3.320054134,1.675541339,,,,98.8,2392,6.8,849830,661388,641343,668930,687401,806198,694192,669003,800325,53.74,,,,,,,,59,2,Sinker,2,2,2,2,2,2,2,2,Standard,Standard,139,-0.013,0.03,,,,,-0.03,,0,0,0.483,0.517,27,23,28,23,1,3,6,3,,,1.49,1.51,1.51,36.7,,,,,,10,3
SI,2026-10-03,98.5,2.78,5.35,"Hall, DL",701538,669084,,called_strike,,,,,5,,D,L,L,MIL,SD,S,,,0,0,2026,1.24,1.02,0.2727248271897569,2.741314618184667,665487,592518,664034,2,7,Top,,,,,,,-9.72752154960874,-142.99407612165672,-3.821394380113981,19.35069468619678,34.661026831720015,-17.442040648967478,3.320054134,1.675541339,,,,98.9,2341,6.8,849830,661388,641343,668930,687401,806198,694192,669003,800325,53.74,,,,,,,,59,1,Sinker,2,2,2,2,2,2,2,2,Standard,Standard,141,0.019,-0.04,,,,,0.04,,0,0,0.464,0.536,27,23,28,23,1,3,6,3,,,1.35,1.24,1.24,36.9,,,,,,10,3
SI,2026-10-03,99.1,-1.16,5.85,"Uribe, Abner",664034,682842,hit_by_pitch,hit_by_pitch,,,,,11,Ty France hit by pitch. Manny Machado to 2nd.,D,R,R,MIL,SD,B,,,2,0,2026,-1.32,0.74,-1.7988799907144757,3.104308947692016,665487,,592518,2,7,Top,,,,,,,1.455413043014965,-144.19934546505183,-3.5742428935963058,-18.64406941270373,38.99282520065879,-21.201297850305902,3.10328084,1.566141732,,,,99.0,2409,6.6,849830,661388,641343,668930,687401,806198,694192,669003,800325,53.9,,0.729166,0.7,1,0,0,,58,3,Sinker,2,2,2,2,2,2,2,2,Standard,Standard,200,-0.025,0.078,,,,,-0.078,,0,0,0.489,0.511,26,31,26,32,1,3,8,3,,,1.61,1.32,1.32,38.5,,,,,,10,3
SI,2026-10-03,99.4,-1.27,5.81,"Uribe, Abner",664034,682842,,ball,,,,,11,,D,R,R,MIL,SD,B,,,1,0,2026,-1.25,0.6,-1.5100895693029006,3.541737064668361,665487,,592518,2,7,Top,,,,,,,2.3475442493465994,-144.68675422660084,-1.9703198295792184,-17.98798844227773,39.11113196522829,-23.611541394671093,3.10328084,1.566141732,,,,99.1,2398,6.5,849830,661388,641343,668930,687401,806198,694192,669003,800325,54.02,,,,,,,,58,2,Sinker,2,2,2,2,2,2,2,2,Standard,Standard,204,-0.007,0.042,,,,,-0.042,,0,0,0.496,0.504,26,31,26,32,1,3,8,3,,,1.74,1.25,1.25,38.5,,,,,,10,3
SI,2026-10-03,101.1,-1.08,5.78,"Uribe, Abner",664034,682842,,blocked_ball,,,,,14,,D,R,R,MIL,SD,B,,,0,0,2026,-1.18,0.48,1.074485815125091,0.6183844519333852,665487,,592518,2,7,Top,,,,,,,8.815579438578965,-146.71458515381843,-9.94824754008839,-19.155973783957588,35.97342065687357,-22.93183732228274,3.10328084,1.566141732,,,,101.2,2443,6.6,849830,661388,641343,668930,687401,806198,694192,669003,800325,53.9,,,,,,,,58,1,Sinker,2,2,2,2,2,2,2,2,Standard,Standard,211,-0.004,0.016,,,,,-0.016,,0,0,0.5,0.5,26,31,26,32,1,3,8,3,,,1.77,1.18,1.18,36.4,,,,,,10,3
SI,2026-10-03,101.4,-1.01,5.77,"Uribe, Abner",592518,682842,single,hit_into_play,,,,,9,Manny Machado singles on a line drive to right fielder Luis Lara. Fernando Tatis Jr. to 3rd.,D,R,R,MIL,SD,X,9,line_drive,1,2,2026,-1.07,0.49,0.6942137479448969,1.9213977093924768,,,665487,2,7,Top,184.58,104.42,,,,,7.3263454688157745,-147.3329562093596,-6.373112612199602,-17.31204880771742,37.59276355455828,-23.659532665837048,3.313910761,1.672440945,246,87.0,16,101.4,2181,6.6,849830,661388,641343,668930,687401,806198,694192,669003,800325,53.94,0.989,0.909,0.9,1,1,0,4,57,4,Sinker,2,2,2,2,2,2,2,2,Strategic,Standard,205,-0.059,0.425,68.8,7.8,,1.088,-0.425,88.0,0,0,0.559,0.441,26,33,26,34,1,3,8,3,,,1.75,1.07,1.07,37.2,1.5014454596889233,14.798727264711182,25.115209090936684,49.83637575498457,20.46170896377261,10,3
SI,2026-10-03,99.9,-1.19,5.76,"Uribe, Abner",592518,682842,,foul,,,,,4,,D,R,R,MIL,SD,S,,,1,1,2026,-1.24,0.53,-0.6571555263226572,2.3911196530029795,,,665487,2,7,Top,,,,,,,4.443770424841059,-145.2688869643675,-4.872533648629453,-18.55145063264495,39.5414569410283,-23.7035708484243,3.313910761,1.672440945,209,72.1,36,99.6,2324,6.5,849830,661388,641343,668930,687401,806198,694192,669003,800325,53.97,,,,,,,,57,3,Sinker,2,2,2,2,2,2,2,2,Standard,Standard,208,0.01,-0.067,77.6,7.6,,,0.067,88.0,0,0,0.549,0.451,26,33,26,34,1,3,8,3,,,1.79,1.24,1.24,36.6,-1.3500375953211146,8.488874378601635,29.06587670110537,34.78457579267662,20.17059854931588,10,3
SI,2026-10-03,100.4,-1.01,5.83,"Uribe, Abner",592518,682842,,blocked_ball,,,,,14,,D,R,R,MIL,SD,B,,,0,1,2026,-1.28,0.73,0.7217886142968686,0.5348172550529815,,,665487,2,7,Top,,,,,,,7.843388176212935,-145.62472065180123,-10.726736312847391,-20.08554791218573,37.959769866447616,-19.266430560864386,3.313910761,1.672440945,,,,100.3,2293,6.7,849830,661388,641343,668930,687401,806198,694192,669003,800325,53.81,,,,,,,,57,2,Sinker,2,2,2,2,2,2,2,2,Strategic,Standard,207,-0.004,0.027,,,,,-0.027,,0,0,0.553,0.447,26,33,26,34,1,3,8,3,,,1.57,1.28,1.28,38.1,,,,,,10,3
SL,2026-10-03,89.1,-1.21,5.83,"Uribe, Abner",592518,682842,,foul,,,,,8,,D,R,R,MIL,SD,S,,,0,0,2026,0.88,0.44,-0.082429718372907,1.8371550064719733,,,665487,2,7,Top,,,,,,,0.8625294149706515,-129.64192680986312,-4.461310343468221,9.6274977572209,29.326769283260653,-26.458221182796898,3.313910761,1.672440945,28,70.4,-2,89.3,2452,6.6,849830,661388,641343,668930,687401,806198,694192,669003,800325,53.91,,,,,,,,57,1,Slider,2,2,2,2,2,2,2,2,Standard,Standard,81,0.006,-0.041,74.7,8.9,,,0.041,88.0,0,0,0.547,0.453,26,33,26,34,1,3,8,3,,,2.45,-0.88,-0.88,40.4,22.973462320257656,-26.450639374670665,31.736364375742657,39.11489145095817,49.296222599364455,10,3
SI,2026-10-03,100.0,-1.26,5.75,"Uribe, Abner",687957,682842,field_out,hit_into_play,,,,,5,Dustin Harris flies out to left fielder Jackson Chourio.,D,L,R,MIL,SD,X,7,fly_ball,2,2,2026,-1.15,0.49,-0.1587934587421497,2.624928287862253,,,665487,1,7,Top,86.1,106.31,,,,,5.778173163178735,-145.42191989110887,-4.167676965827195,-17.66752822523225,37.37175031430176,-24.47127312160673,3.31742126,1.674212598,286,83.8,40,100.0,2205,6.5,849830,661388,641343,668930,687401,806198,694192,669003,800325,53.95,0.006,0.005,0.0,1,0,0,3,56,5,Sinker,2,2,2,2,2,2,2,2,Standard,Standard,208,0.043,-0.233,64.3,5.9,,0.01,0.233,88.0,0,0,0.504,0.496,26,26,26,27,1,3,8,3,,,1.81,1.15,-1.15,35.5,2.530600237976885,0.6420682664420682,37.74619440950061,33.22000682765455,29.69086058395494,10,3
SI,2026-10-03,100.3,-1.43,5.67,"Uribe, Abner",687957,682842,,foul,,,,,7,,D,L,R,MIL,SD,S,,,2,1,2026,-1.27,0.37,-0.6486859815729398,1.6883696933331938,,,665487,1,7,Top,,,,,,,5.232307781996044,-145.76917446555225,-6.277787733741704,-19.390433490734964,37.17521030342816,-25.49809670276038,3.31742126,1.674212598,3,79.5,-36,100.3,2338,6.5,849830,661388,641343,668930,687401,806198,694192,669003,800325,53.97,,,,,,,,56,4,Sinker,2,2,2,2,2,2,2,2,Standard,Standard,226,0.013,-0.078,66.9,6.6,,,0.078,88.0,0,0,0.491,0.509,26,26,26,27,1,3,8,3,,,1.91,1.27,-1.27,32.8,10.04260971159044,5.363167530305308,38.697791613003496,38.868238131721135,30.40900612884834,10,3
SL,2026-10-03,90.9,-1.17,5.74,"Uribe, Abner",687957,682842,,ball,,,,,14,,D,L,R,MIL,SD,B,,,1,1,2026,0.46,0.59,0.0654449410849397,0.972998508887486,,,665487,1,7,Top,,,,,,,2.0480748435897373,-132.24719301841756,-7.067297331923662,4.961215098607948,29.50908138785677,-23.881532829060053,3.31742126,1.674212598,,,,91.1,2627,6.5,849830,661388,641343,668930,687401,806198,694192,669003,800325,53.97,,,,,,,,56,3,Slider,2,2,2,2,2,2,2,2,Standard,Standard,109,-0.008,0.061,,,,,-0.061,,0,0,0.499,0.501,26,26,26,27,1,3,8,3,,,2.18,-0.46,0.46,37.3,,,,,,10,3
SI,2026-10-03,101.1,-1.3,5.71,"Uribe, Abner",687957,682842,,ball,,,,,14,,D,L,R,MIL,SD,B,,,0,1,2026,-1.18,0.53,0.1554496723761076,1.2077407116481036,,,665487,1,7,Top,,,,,,,6.8764605814135455,-146.90309637477526,-8.230808434084933,-18.702621088677702,38.02771241756526,-22.64850260163502,3.31742126,1.674212598,,,,101.0,2337,6.5,849830,661388,641343,668930,687401,806198,694192,669003,800325,53.98,,,,,,,,56,2,Sinker,2,2,2,2,2,2,2,2,Standard,Standard,216,-0.005,0.027,,,,,-0.027,,0,0,0.504,0.496,26,26,26,27,1,3,8,3,,,1.73,1.18,-1.18,37.6,,,,,,10,3
SL,2026-10-03,90.2,-1.31,5.75,"Uribe, Abner",687957,682842,,swinging_strike,,,,,12,,D,L,R,MIL,SD,S,,,0,0,2026,0.51,0.84,1.100960569708675,2.544487255837419,,,665487,1,7,Top,,,,,,,4.847958760328368,-131.16024829696445,-3.554935281970808,4.638299443778367,31.39944086286819,-21.995123914330733,3.31742126,1.674212598,,,,90.1,2537,6.6,849830,661388,641343,668930,687401,806198,694192,669003,800325,53.92,,,,,,,,56,1,Slider,2,2,2,2,2,2,2,2,Standard,Standard,120,0.007,-0.037,66.7,8.0,2.753113608,,0.037,,0,0,0.497,0.503,26,26,26,27,1,3,8,3,,,2.0,-0.51,0.51,38.5,39.96109019778508,-50.94342415040058,38.342689405392576,21.479047896100106,52.127078492494086,10,3
SI,2026-10-03,100.8,-1.03,5.87,"Uribe, Abner",665487,682842,single,hit_into_play,,,,,11,Fernando Tatis Jr. singles on a line drive to left fielder Jackson Chourio.,D,R,R,MIL,SD,X,7,line_drive,2,1,2026,-1.41,0.53,-0.9614468001221372,2.888213698482044,,,,1,7,Top,52.77,117.09,,,,,3.606501245208659,-146.669082477143,-3.98519875302132,-21.143795226326265,38.15811828224495,-23.798841056258016,3.346382874,1.68882874,205,81.0,15,100.5,2444,6.4,849830,661388,641343,668930,687401,806198,694192,669003,800325,54.13,0.9,0.846,0.9,1,1,0,4,55,4,Sinker,2,2,2,2,2,2,2,2,Strategic,Standard,207,-0.038,0.371,78.8,7.3,,1.015,-0.371,88.0,0,0,0.535,0.465,26,27,26,27,1,3,8,3,,,1.73,1.41,1.41,34.4,14.962283714222249,-5.924700303353117,28.66576587511817,30.121566090418987,32.23636105191436,10,3
SL,2026-10-03,91.3,-1.22,5.87,"Uribe, Abner",665487,682842,,ball,,,,,14,,D,R,R,MIL,SD,B,,,1,1,2026,0.57,0.52,0.7741082659341976,0.9790184459367046,,,,1,7,Top,,,,,,,3.729135033884762,-132.84221172677906,-7.295276746817564,5.848245441303546,30.012825435173603,-24.645877359301707,3.346382874,1.68882874,,,,91.5,2788,6.5,849830,661388,641343,668930,687401,806198,694192,669003,800325,53.98,,,,,,,,55,3,Slider,2,2,2,2,2,2,2,2,Strategic,Standard,83,-0.005,0.056,,,,,-0.056,,0,0,0.54,0.46,26,27,26,27,1,3,8,3,,,2.23,-0.57,-0.57,41.3,,,,,,10,3
SL,2026-10-03,90.7,-1.47,5.82,"Uribe, Abner",665487,682842,,ball,,,,,13,,D,R,R,MIL,SD,B,,,0,1,2026,0.58,0.62,-1.0389965611014158,2.170732264023417,,,,1,7,Top,,,,,,,-0.1806681610437935,-132.04020718891672,-4.315754924137626,6.764847167504072,29.316542721209625,-24.178914280010627,3.346382874,1.68882874,,,,90.8,2593,6.4,849830,661388,641343,668930,687401,806198,694192,669003,800325,54.1,,,,,,,,55,2,Slider,2,2,2,2,2,2,2,2,Strategic,Standard,97,-0.003,0.032,,,,,-0.032,,0,0,0.543,0.457,26,27,26,27,1,3,8,3,,,2.16,-0.58,-0.58,36.2,,,,,,10,3
SI,2026-10-03,101.3,-1.11,5.92,"Uribe, Abner",665487,682842,,called_strike,,,,,6,,D,R,R,MIL,SD,S,,,0,0,2026,-1.36,0.31,0.4150119664990452,2.357068975830497,,,,1,7,Top,,,,,,,7.524913670942291,-147.21043739053883,-5.123292835945283,-21.55505200320809,38.44299037543095,-26.594081311377597,3.346382874,1.68882874,,,,101.1,2373,6.5,849830,661388,641343,668930,687401,806198,694192,669003,800325,54.04,,,,,,,,55,1,Sinker,2,2,2,2,2,2,2,2,Strategic,Standard,210,0.004,-0.041,,,,,0.041,,0,0,0.539,0.461,26,27,26,27,1,3,8,3,,,1.94,1.36,1.36,41.2,,,,,,10,3
SL,2026-10-03,85.5,0.36,6.49,"Ashby, Aaron",630105,676879,strikeout,swinging_strike,,,,,6,Jake Cronenworth strikes out swinging.,D,L,L,MIL,SD,S,2,,2,2,2026,-0.76,-0.65,0.5503508203129507,2.678570039159174,,,,0,7,Top,,,,,,,1.965688640061164,-124.42438930540143,-1.0886041530518176,-8.306898220527966,26.872990292314544,-38.89763648846952,3.171735564,1.600688976,,,,84.0,2609,5.5,849830,661388,641343,668930,687401,806198,694192,669003,800325,55.02,,0.0,0.0,1,0,0,,54,6,Slider,2,2,2,2,2,2,2,2,Strategic,Standard,338,0.033,-0.232,41.4,4.2,0.154415016,,0.232,,0,0,0.506,0.494,28,32,28,32,1,2,7,3,,,3.79,-0.76,-0.76,53.4,-21.684091811517156,72.68132553126692,28.311243450226705,33.10638480864649,-10.178862288354027,10,3
SI,2026-10-03,98.4,-0.01,6.64,"Ashby, Aaron",630105,676879,,ball,,,,,13,,D,L,L,MIL,SD,B,,,1,2,2026,1.27,0.98,-0.3882932140838375,1.0621355884896015,,,,0,7,Top,,,,,,,-3.9219358570255833,-142.87928890362693,-11.470375140887546,18.244531034190537,34.28481348230076,-16.230288675122978,3.171735564,1.600688976,,,,96.7,2139,5.6,849830,661388,641343,668930,687401,806198,694192,669003,800325,54.95,,,,,,,,54,5,Sinker,2,2,2,2,2,2,2,2,Strategic,Standard,148,-0.006,0.046,,,,,-0.046,,0,0,0.512,0.488,28,32,28,32,1,2,7,3,,,1.39,1.27,1.27,63.2,,,,,,10,3
CU,2026-10-03,85.8,0.19,6.54,"Ashby, Aaron",630105,676879,,foul,,,,,6,,D,L,L,MIL,SD,S,,,1,2,2026,-0.46,-1.55,0.445139127200868,2.539426488326476,,,,0,7,Top,,,,,,,1.5190973603842366,-124.9051526288046,0.2700900267590056,-5.12114960794507,28.707191459350405,-48.49242603969465,3.171735564,1.600688976,,,,84.1,2753,5.5,849830,661388,641343,668930,687401,806198,694192,669003,800325,55.01,,,,,,,,54,4,Curveball,2,2,2,2,2,2,2,2,Strategic,Standard,339,0.0,0.0,70.8,6.9,,,0.0,,0,0,0.512,0.488,28,32,28,32,1,2,7,3,,,4.68,-0.46,-0.46,55.1,10.373097212313333,-8.173018049209217,20.003741088043355,33.164224190622804,30.54712467643776,10,3
SI,2026-10-03,97.0,0.12,6.59,"Ashby, Aaron",630105,676879,,called_strike,,,,,7,,D,L,L,MIL,SD,S,,,1,1,2026,1.15,0.87,-0.5226786265560563,1.4972598972034292,,,,0,7,Top,,,,,,,-4.304542347619158,-140.89380321083377,-9.610377177762622,16.238551769212407,34.71696889449631,-18.51606757018894,3.171735564,1.600688976,,,,95.2,2135,5.5,849830,661388,641343,668930,687401,806198,694192,669003,800325,54.95,,,,,,,,54,3,Sinker,2,2,2,2,2,2,2,2,Standard,Standard,156,0.01,-0.06,,,,,0.06,,0,0,0.502,0.498,28,32,28,32,1,2,7,3,,,1.58,1.15,1.15,62.9,,,,,,10,3
SI,2026-10-03,97.7,0.18,6.64,"Ashby, Aaron",630105,676879,,ball,,,,,11,,D,L,L,MIL,SD,B,,,0,1,2026,1.08,1.23,-1.3871543278927432,3.0547266941371176,,,,0,7,Top,,,,,,,-6.574272488275332,-141.91230120459184,-6.679931676312447,16.072038467906133,34.83850854286752,-14.153421473083364,3.171735564,1.600688976,,,,95.9,2098,5.5,849830,661388,641343,668930,687401,806198,694192,669003,800325,55.0,,,,,,,,54,2,Sinker,2,2,2,2,2,2,2,2,Standard,Standard,159,-0.004,0.029,,,,,-0.029,,0,0,0.506,0.494,28,32,28,32,1,2,7,3,,,1.18,1.08,1.08,57.2,,,,,,10,3
SI,2026-10-03,99.0,0.2,6.63,"Ashby, Aaron",630105,676879,,called_strike,,,,,6,,D,L,L,MIL,SD,S,,,0,0,2026,1.2,0.86,0.5352444917762019,2.448533446143692,,,,0,7,Top,,,,,,,-1.8992133827376283,-143.99182614658952,-7.646148579286994,17.01715757613166,35.55563951738923,-18.57110518640834,3.171735564,1.600688976,,,,97.2,2132,5.5,849830,661388,641343,668930,687401,806198,694192,669003,800325,55.04,,,,,,,,54,1,Sinker,2,2,2,2,2,2,2,2,Standard,Standard,158,0.006,-0.041,,,,,0.041,,0,0,0.5,0.5,28,32,28,32,1,2,7,3,,,1.48,1.2,1.2,55.9,,,,,,10,3
SL,2026-10-03,85.0,-0.94,6.43,"Adam, Jason",687401,592094,field_out,hit_into_play,,,,,6,"Joey Ortiz grounds out sharply, shortstop Xander Bogaerts to first baseman Ty France.",D,R,R,MIL,SD,X,6,ground_ball,2,1,2026,0.02,0.08,0.4664714553060756,2.5631869870431987,,669003,,2,6,Bot,100.28,149.84,,,,,3.222499171414149,-123.76738632396348,-2.6565347322819672,-0.5174813030485707,26.025845007977857,-30.98144032203432,3.136630577,1.582972441,23,103.0,-6,84.9,2531,6.3,849830,806956,664034,630105,592518,593428,687957,701538,665487,54.18,0.298,0.268,0.0,1,0,0,2,53,4,Slider,2,2,2,2,2,2,2,2,Standard,Standard,124,-0.055,-0.293,75.4,7.9,,0.338,0.293,103.0,0,0,0.555,0.555,34,27,35,28,1,2,3,8,,,3.08,-0.02,-0.02,39.7,14.404493759250077,-5.598953664721766,20.53557221064055,38.75399953719501,35.02218728895523,10,3
FF,2026-10-03,95.0,-1.15,6.25,"Adam, Jason",687401,592094,,called_strike,,,,,11,,D,R,R,MIL,SD,S,,,2,0,2026,-0.84,1.42,-0.3146399260407811,3.444668274933623,,669003,,2,6,Bot,,,,,,,4.094857493802677,-138.18436749318334,-4.646728051073138,-11.745864771655809,35.776492076453,-13.28810750904602,3.136630577,1.582972441,,,,94.6,2467,6.5,849830,806956,664034,630105,592518,593428,687957,701538,665487,54.04,,,,,,,,53,3,4-Seam Fastball,2,2,2,2,2,2,2,2,Standard,Standard,217,-0.003,-0.033,,,,,0.033,,0,0,0.558,0.558,34,27,35,28,1,2,3,8,,,1.15,0.84,0.84,34.9,,,,,,10,3
SL,2026-10-03,85.9,-1.05,6.2,"Adam, Jason",687401,592094,,ball,,,,,14,,D,R,R,MIL,SD,B,,,1,0,2026,0.03,-0.03,1.7345239505384475,0.352076175054036,,,669003,2,6,Bot,,,,,,,6.452576386995848,-124.77828411212111,-7.209794737206667,-1.0408696713156156,26.00607671380865,-31.18388616770992,3.136630577,1.582972441,,,,86.0,2531,6.5,849830,806956,664034,630105,592518,593428,687957,701538,665487,53.99,,,,,,,,53,2,Slider,2,2,2,2,2,2,2,2,Standard,Standard,9,0.02,0.06,,,,,-0.06,,0,0,0.538,0.538,34,27,35,28,1,2,3,8,,,3.14,-0.03,-0.03,35.9,,,,,,10,3
SL,2026-10-03,85.2,-0.94,6.46,"Adam, Jason",687401,592094,,ball,,,,,12,,D,R,R,MIL,SD,B,,,0,0,2026,0.19,0.04,0.9718830484354526,3.207329697318692,,,669003,2,6,Bot,,,,,,,4.048749617008767,-124.06060481125571,-1.2236004250079158,1.1733540565507918,24.8835568481301,-31.734712563052,3.136630577,1.582972441,,,,85.4,2428,6.4,849830,806956,664034,630105,592518,593428,687957,701538,665487,54.1,,,,,,,,53,1,Slider,2,2,2,2,2,2,2,2,Standard,Standard,75,0.003,0.037,,,,,-0.037,,0,0,0.535,0.535,34,27,35,28,1,2,3,8,,,3.1,-0.19,-0.19,38.5,,,,,,10,3
CH,2026-10-03,88.6,-1.22,6.21,"Adam, Jason",669003,592094,walk,ball,,,,,11,Garrett Mitchell walks.,D,L,R,MIL,SD,B,,,3,2,2026,-1.41,0.16,-1.8689322648386484,2.7023944282066954,,,,2,6,Bot,,,,,,,1.440294620059244,-128.90702398772578,-2.5092662451711827,-15.905449234535316,31.774950656755795,-30.02027200339238,3.292847769,1.661811024,,,,87.7,2031,6.2,849830,806956,664034,630105,592518,593428,687957,701538,665487,54.34,,0.69822,0.7,1,0,0,,52,6,Changeup,2,2,2,2,2,2,2,2,Infield shade,Standard,228,0.015,0.286,,,,,-0.286,,0,0,0.52,0.52,34,27,35,28,1,2,3,6,,,2.79,1.41,-1.41,31.6,,,,,,10,3
CH,2026-10-03,87.8,-1.17,6.36,"Adam, Jason",669003,592094,,foul,,,,,7,,D,L,R,MIL,SD,S,,,3,1,2026,-1.31,0.5,-0.67136648901938,1.9137343329439025,,,,2,6,Bot,,,,,,,3.926785692628632,-127.69499744253504,-5.387408002798221,-15.13451422718393,28.17855969185808,-25.745267274504556,3.292847769,1.661811024,175,65.2,44,87.2,1682,6.1,849830,806956,664034,630105,592518,593428,687957,701538,665487,54.38,,,,,,,,52,5,Changeup,2,2,2,2,2,2,2,2,Infield shade,Standard,236,-0.004,-0.097,71.7,7.8,,,0.097,88.0,0,0,0.524,0.524,34,27,35,28,1,2,3,6,,,2.48,1.31,-1.31,33.6,3.0317911927114194,-0.5134233536972734,29.842652117603464,45.096804955707455,30.991569313832912,10,3
FF,2026-10-03,95.2,-1.01,6.41,"Adam, Jason",669003,592094,,ball,,,,,11,,D,L,R,MIL,SD,B,,,2,1,2026,-0.64,1.58,-1.2725593986255734,2.6693414749657056,,,,2,6,Bot,,,,,,,0.7740922374264882,-138.39231714184658,-7.474546373123941,-8.345237806363869,34.38164228430177,-10.476812084853409,3.292847769,1.661811024,,,,94.8,2369,6.4,849830,806956,664034,630105,592518,593428,687957,701538,665487,54.14,,,,,,,,52,4,4-Seam Fastball,2,2,2,2,2,2,2,2,Infield shade,Standard,216,0.005,0.103,,,,,-0.103,,0,0,0.519,0.519,34,27,35,28,1,2,3,6,,,0.97,0.64,-0.64,37.8,,,,,,10,3
SL,2026-10-03,85.8,-1.12,6.36,"Adam, Jason",669003,592094,,called_strike,,,,,4,,D,L,R,MIL,SD,S,,,2,0,2026,0.02,0.01,-0.6255281117160851,2.2252287608958907,,,,2,6,Bot,,,,,,,1.129260270275441,-124.93290801746237,-3.2890413862258363,-0.0702505709324983,25.86398645784564,-31.625841685458727,3.292847769,1.661811024,,,,85.7,2500,6.2,849830,806956,664034,630105,592518,593428,687957,701538,665487,54.26,,,,,,,,52,3,Slider,2,2,2,2,2,2,2,2,Infield shade,Standard,23,-0.003,-0.068,,,,,0.068,,0,0,0.522,0.522,34,27,35,28,1,2,3,6,,,3.09,-0.02,0.02,37.7,,,,,,10,3
SL,2026-10-03,84.7,-1.24,6.2,"Adam, Jason",669003,592094,,ball,,,,,13,,D,L,R,MIL,SD,B,,,1,0,2026,0.12,0.03,-0.9991925534692696,2.412912693692899,,,,2,6,Bot,,,,,,,0.3045256796747453,-123.36972372098136,-2.342715277272545,1.1548357287617983,24.347315670213696,-31.62970894703864,3.292847769,1.661811024,,,,84.6,2494,6.2,849830,806956,664034,630105,592518,593428,687957,701538,665487,54.34,,,,,,,,52,2,Slider,2,2,2,2,2,2,2,2,Infield shade,Standard,69,0.003,0.065,,,,,-0.065,,0,0,0.519,0.519,34,27,35,28,1,2,3,6,,,3.14,-0.12,0.12,34.0,,,,,,10,3
CH,2026-10-03,88.8,-1.39,6.05,"Adam, Jason",669003,592094,,ball,,,,,13,,D,L,R,MIL,SD,B,,,0,0,2026,-1.16,0.01,-1.660984908054964,1.854648025769288,,,,2,6,Bot,,,,,,,1.8113118215170496,-129.19276416570972,-3.925827760227324,-13.268633014572629,29.557234581659504,-31.418844867497462,3.292847769,1.661811024,,,,88.5,1723,6.3,849830,806956,664034,630105,592518,593428,687957,701538,665487,54.15,,,,,,,,52,1,Changeup,2,2,2,2,2,2,2,2,Infield shade,Standard,240,0.002,0.042,,,,,-0.042,,0,0,0.517,0.517,34,27,35,28,1,2,3,6,,,2.91,1.16,-1.16,28.0,,,,,,10,3
SL,2026-10-03,84.6,-1.28,6.25,"Adam, Jason",800325,592094,field_out,hit_into_play,,,,,8,Luis Lara lines out to second baseman Jake Cronenworth.,D,L,R,MIL,SD,X,4,line_drive,0,0,2026,0.16,0.07,-0.1284115016152842,1.6496434025845017,,,,1,6,Bot,147.86,148.32,,,,,2.3252080815431726,-123.24568816532609,-4.32565782138092,1.1660995222142128,23.4335232849318,-30.807541121471505,3.004986877,1.516535433,176,99.0,10,84.8,2504,6.2,849830,806956,664034,630105,592518,593428,687957,701538,665487,54.25,0.777,0.736,0.0,1,0,0,4,51,1,Slider,2,2,2,2,2,2,2,2,Standard,Standard,89,-0.025,-0.261,76.6,7.8,,0.907,0.261,99.0,0,0,0.542,0.542,34,21,35,22,1,2,3,7,,,3.09,-0.16,0.16,35.9,6.34632194569905,-5.202995527002972,30.72419749334456,36.893473578073184,32.55890815019422,10,3
CH,2026-10-03,89.2,-1.05,6.34,"Adam, Jason",806198,592094,field_out,hit_into_play,,,,,5,Cooper Pratt flies out to right fielder Fernando Tatis Jr.,D,R,R,MIL,SD,X,9,fly_ball,1,2,2026,-1.21,0.49,-0.0347386566094312,2.6403225622812787,,,,0,6,Bot,204.61,104.79,,,,,5.0342472357842105,-129.84818579948436,-3.91156761491947,-14.76676690824781,26.55656236051241,-25.976632132664164,3.373589239,1.702559055,303,90.1,32,89.2,2023,6.2,849830,806956,664034,630105,592518,593428,687957,701538,665487,54.31,0.051,0.074,0.0,1,0,0,3,50,5,Changeup,2,2,2,2,2,2,2,2,Standard,Standard,234,-0.024,-0.186,66.2,6.0,,0.127,0.186,90.1,0,0,0.566,0.566,34,21,35,22,1,2,3,6,,,2.36,1.21,1.21,34.6,0.1629634159911533,11.3488477703813,33.067186565008285,29.994651719567784,27.988603362909974,10,3
CH,2026-10-03,89.2,-1.07,6.4,"Adam, Jason",806198,592094,,foul,,,,,14,,D,R,R,MIL,SD,S,,,1,2,2026,-1.11,0.47,0.5119897505443085,1.3887647579868494,,,,0,6,Bot,,,,,,,6.203786402231685,-129.55290502825122,-6.9499837129464,-13.846703210596162,29.579929428939845,-25.489821070126357,3.373589239,1.702559055,2,69.1,-36,88.7,2237,6.3,849830,806956,664034,630105,592518,593428,687957,701538,665487,54.18,,,,,,,,50,4,Changeup,2,2,2,2,2,2,2,2,Standard,Standard,231,0.0,0.0,75.8,7.4,,,0.0,88.0,0,0,0.566,0.566,34,21,35,22,1,2,3,6,,,2.42,1.11,1.11,37.4,5.956784954877916,-7.944452309976207,40.93311529310876,36.93825541846223,36.24220996375303,10,3
SL,2026-10-03,84.5,-1.18,6.27,"Adam, Jason",806198,592094,,swinging_strike,,,,,9,,D,R,R,MIL,SD,S,,,1,1,2026,0.0,0.08,0.6616566914925073,1.927902534037992,,,,0,6,Bot,,,,,,,4.22881088202757,-123.04938390094946,-3.6835793938075327,-0.8755783113598545,25.115930225854846,-30.809426422187418,3.373589239,1.702559055,,,,84.5,2595,6.3,849830,806956,664034,630105,592518,593428,687957,701538,665487,54.2,,,,,,,,50,3,Slider,2,2,2,2,2,2,2,2,Standard,Standard,219,-0.008,-0.06,68.3,8.1,6.628348068,,0.06,,0,0,0.574,0.574,34,21,35,22,1,2,3,6,,,3.11,0.0,0.0,35.1,32.05624920456357,-40.8042534203557,31.18699471860588,36.75649992257593,60.30001395964773,10,3
FF,2026-10-03,94.2,-1.0,6.16,"Adam, Jason",806198,592094,,ball,,,,,14,,D,R,R,MIL,SD,B,,,0,1,2026,-0.82,1.47,1.9512864670482053,1.5262161181018503,,,,0,6,Bot,,,,,,,9.462847625033822,-136.52539033269176,-9.358886282154703,-12.436587850440798,32.90257243912958,-11.754074909970695,3.373589239,1.702559055,,,,94.3,2579,6.8,849830,806956,664034,630105,592518,593428,687957,701538,665487,53.73,,,,,,,,50,2,4-Seam Fastball,2,2,2,2,2,2,2,2,Standard,Standard,222,0.003,0.029,,,,,-0.029,,0,0,0.571,0.571,34,21,35,22,1,2,3,6,,,1.14,0.82,0.82,34.2,,,,,,10,3
FF,2026-10-03,93.5,-1.11,6.27,"Adam, Jason",806198,592094,,called_strike,,,,,3,,D,R,R,MIL,SD,S,,,0,0,2026,-0.68,1.42,0.6619905264304691,3.0303805914606747,,,,0,6,Bot,,,,,,,6.048210490307801,-135.84910140030453,-5.532441481539841,-9.855897640202532,32.09398323099831,-13.558264763406962,3.373589239,1.702559055,,,,93.3,2475,6.4,849830,806956,664034,630105,592518,593428,687957,701538,665487,54.06,,,,,,,,50,1,4-Seam Fastball,2,2,2,2,2,2,2,2,Standard,Standard,221,-0.005,-0.041,,,,,0.041,,0,0,0.576,0.576,34,21,35,22,1,2,3,6,,,1.21,0.68,0.68,36.4,,,,,,10,3
SI,2026-10-03,98.6,0.18,6.59,"Ashby, Aaron",669134,676879,field_out,hit_into_play,,,,,12,Luis Campusano flies out to right fielder Luis Lara.,D,R,L,MIL,SD,X,9,fly_ball,1,1,2026,1.27,0.82,0.8423506461282022,3.039545503296482,,,,2,6,Top,200.77,109.0,,,,,-1.192029950622107,-143.50205559908434,-5.770590885487796,17.729516194328795,36.57238589303691,-19.705119968574508,3.119078084,1.574114173,289,85.4,31,96.7,2121,5.4,849830,661388,641343,668930,687401,806198,694192,669003,800325,55.09,0.037,0.047,0.0,1,0,0,3,49,3,Sinker,2,2,2,2,2,2,2,2,Standard,Standard,157,0.016,-0.249,72.8,7.2,,0.076,0.249,88.0,0,0,0.56,0.44,28,27,28,28,1,2,7,4,,,1.54,1.27,-1.27,57.2,9.3164039515553,17.791270849713584,22.350412689368536,45.86715621558027,20.431923050650568,10,3
CH,2026-10-03,92.4,0.65,6.4,"Ashby, Aaron",669134,676879,,ball,,,,,14,,D,R,L,MIL,SD,B,,,0,1,2026,1.21,0.36,0.0323324461638614,0.0148549324410098,,,,2,6,Top,,,,,,,-4.168227271416313,-134.20609671040364,-10.73716800911507,15.550271689092565,30.026740089344408,-25.6532311357422,3.119078084,1.574114173,,,,90.9,1786,5.6,849830,661388,641343,668930,687401,806198,694192,669003,800325,54.93,,,,,,,,49,2,Changeup,2,2,2,2,2,2,2,2,Standard,Standard,137,-0.002,0.032,,,,,-0.032,,0,0,0.562,0.438,28,27,28,28,1,2,7,4,,,2.33,1.21,-1.21,57.0,,,,,,10,3
CH,2026-10-03,91.8,0.45,6.44,"Ashby, Aaron",669134,676879,,swinging_strike,,,,,14,,D,R,L,MIL,SD,S,,,0,0,2026,1.34,0.13,0.2579522024320426,1.4380663011554256,,,,2,6,Top,,,,,,,-3.3710376453007527,-133.39320207592235,-6.632199102345069,16.62433138603307,33.588921116229095,-29.16241391879781,3.119078084,1.574114173,,,,89.9,1837,5.6,849830,661388,641343,668930,687401,806198,694192,669003,800325,54.94,,,,,,,,49,1,Changeup,2,2,2,2,2,2,2,2,Standard,Standard,129,0.003,-0.046,68.7,8.8,9.78583896,,0.046,,0,0,0.559,0.441,28,27,28,28,1,2,7,4,,,2.62,1.34,-1.34,57.2,23.876120992941317,-53.51790987393196,29.35669901981903,38.78866217097272,57.54396736621587,10,3
SI,2026-10-03,99.3,-0.04,6.64,"Ashby, Aaron",806956,676879,field_out,hit_into_play,,,,,3,Ethan Salas pops out to pitcher Aaron Ashby.,D,L,L,MIL,SD,X,1,popup,1,2,2026,1.16,0.89,0.6194478245330166,2.9811225482474057,,,,1,6,Top,129.55,183.42,,,,,-0.973940414171472,-144.54174013931197,-6.387683700695068,16.47329365039625,34.85207177508118,-18.3730905738976,3.234046916,1.632135827,49,60.2,76,97.7,2105,5.4,849830,661388,641343,668930,687401,806198,694192,669003,800325,55.06,0.006,0.006,0.0,1,0,0,3,48,4,Sinker,2,2,2,2,2,2,2,2,Strategic,Standard,153,0.017,-0.182,75.9,6.8,,0.007,0.182,88.0,0,0,0.542,0.458,28,20,28,20,1,2,7,3,,,1.42,1.16,1.16,55.2,12.160851008413305,0.8594723201574879,26.382232198689863,31.6878649987952,31.875706711664314,10,3
SL,2026-10-03,86.8,0.37,6.43,"Ashby, Aaron",806956,676879,,ball,,,,,13,,D,L,L,MIL,SD,B,,,0,2,2026,-1.14,-0.79,-1.575107871022719,-1.3962958914960644,,,,1,6,Top,,,,,,,-2.1725596692238347,-126.04965052004675,-10.321530838806796,-11.596211441295107,28.643091184500083,-38.36982049649824,3.234046916,1.632135827,,,,85.2,2762,5.6,849830,661388,641343,668930,687401,806198,694192,669003,800325,54.87,,,,,,,,48,3,Slider,2,2,2,2,2,2,2,2,Strategic,Standard,343,-0.002,0.019,,,,,-0.019,,0,0,0.544,0.456,28,20,28,20,1,2,7,3,,,3.85,-1.14,-1.14,53.0,,,,,,10,3
SI,2026-10-03,98.5,0.06,6.62,"Ashby, Aaron",806956,676879,,called_strike,,,,,7,,D,L,L,MIL,SD,S,,,0,1,2026,1.06,0.93,-0.6226695426437852,1.6615507093332489,,,,1,6,Top,,,,,,,-4.275348768525971,-143.04808498567834,-9.752501620611506,15.531818117798522,35.187433443051134,-17.302387178930655,3.234046916,1.632135827,,,,96.9,2142,5.6,849830,661388,641343,668930,687401,806198,694192,669003,800325,54.85,,,,,,,,48,2,Sinker,2,2,2,2,2,2,2,2,Standard,Standard,158,0.006,-0.057,,,,,0.057,,0,0,0.538,0.462,28,20,28,20,1,2,7,3,,,1.44,1.06,1.06,61.9,,,,,,10,3
SI,2026-10-03,98.5,0.26,6.53,"Ashby, Aaron",806956,676879,,called_strike,,,,,6,,D,L,L,MIL,SD,S,,,0,0,2026,1.16,0.88,0.4291663511886261,2.456500490195785,,,,1,6,Top,,,,,,,-2.250478737778856,-143.30406861431703,-7.315715863794566,16.474603002029188,35.55863669719209,-18.467283215738803,3.234046916,1.632135827,,,,96.7,2165,5.5,849830,661388,641343,668930,687401,806198,694192,669003,800325,55.04,,,,,,,,48,1,Sinker,2,2,2,2,2,2,2,2,Standard,Standard,151,0.004,-0.041,,,,,0.041,,0,0,0.534,0.466,28,20,28,20,1,2,7,3,,,1.48,1.16,1.16,53.5,,,,,,10,3
SI,2026-10-03,99.5,0.19,6.6,"Ashby, Aaron",593428,676879,field_out,hit_into_play,,,,,1,Xander Bogaerts pops out to first baseman Jake Bauers in foul territory.,D,R,L,MIL,SD,X,3,popup,2,2,2026,0.6,0.96,-0.4710207070359857,3.238431767134981,,,,0,6,Top,161.44,182.88,,,,,-3.170767916671576,-144.8858877046818,-5.841841312008052,9.253334900512796,32.96676811817201,-17.523752716084562,3.284949147,1.657824803,99,74.2,74,98.3,2117,5.5,849830,661388,641343,668930,687401,806198,694192,669003,800325,54.98,0.001,0.0,0.0,1,0,0,3,47,5,Sinker,2,2,2,2,2,2,2,2,Strategic,Standard,162,0.029,-0.232,68.8,6.6,,0.001,0.232,88.0,0,0,0.505,0.495,28,33,28,34,1,2,7,3,,,1.34,0.6,-0.6,55.6,12.34382073547923,-4.5132878449412495,32.77945220372103,28.462399875827025,31.00095891858076,10,3
SI,2026-10-03,99.5,0.15,6.6,"Ashby, Aaron",593428,676879,,called_strike,,,,,9,,D,R,L,MIL,SD,S,,,2,1,2026,1.18,0.68,0.357807133626854,1.9788189281278523,,,,0,6,Top,,,,,,,-2.216552049311738,-144.8125933151309,-8.541238671928436,17.09160668671023,33.20675673406495,-20.78754556648092,3.284949147,1.657824803,,,,98.2,2155,5.5,849830,661388,641343,668930,687401,806198,694192,669003,800325,55.01,,,,,,,,47,4,Sinker,2,2,2,2,2,2,2,2,Standard,Standard,158,0.01,-0.077,,,,,0.077,,0,0,0.495,0.505,28,33,28,34,1,2,7,3,,,1.61,1.18,-1.18,55.3,,,,,,10,3
CH,2026-10-03,91.7,0.47,6.45,"Ashby, Aaron",593428,676879,,ball,,,,,14,,D,R,L,MIL,SD,B,,,1,1,2026,0.98,0.28,0.2247805618781864,1.3873540053554168,,,,0,6,Top,,,,,,,-2.7287002057457026,-133.46181946581325,-7.200164783860046,12.36278755477516,27.922030932318087,-27.572588124530217,3.284949147,1.657824803,,,,90.4,2004,5.4,849830,661388,641343,668930,687401,806198,694192,669003,800325,55.1,,,,,,,,47,3,Changeup,2,2,2,2,2,2,2,2,Strategic,Standard,134,-0.007,0.063,,,,,-0.063,,0,0,0.502,0.498,28,33,28,34,1,2,7,3,,,2.43,0.98,-0.98,51.7,,,,,,10,3
CH,2026-10-03,92.6,0.49,6.53,"Ashby, Aaron",593428,676879,,ball,,,,,14,,D,R,L,MIL,SD,B,,,0,1,2026,1.48,0.4,0.8445339901006197,0.8757514753064848,,,,0,6,Top,,,,,,,-2.3439354535312527,-134.54419820902285,-9.049390638994009,18.441850551085253,29.830265257367707,-25.54176913505476,3.284949147,1.657824803,,,,91.0,1922,5.4,849830,661388,641343,668930,687401,806198,694192,669003,800325,55.07,,,,,,,,47,2,Changeup,2,2,2,2,2,2,2,2,Standard,Standard,137,-0.003,0.029,,,,,-0.029,,0,0,0.505,0.495,28,33,28,34,1,2,7,3,,,2.27,1.48,-1.48,53.5,,,,,,10,3
SI,2026-10-03,98.8,0.38,6.61,"Ashby, Aaron",593428,676879,,called_strike,,,,,2,,D,R,L,MIL,SD,S,,,0,0,2026,1.07,0.8,0.1975955505288846,2.859662814540856,,,,0,6,Top,,,,,,,-2.9609360756546232,-143.86541903363607,-6.362750994656568,15.497378182895298,33.071058377735206,-19.81803218249235,3.284949147,1.657824803,,,,97.3,2003,5.4,849830,661388,641343,668930,687401,806198,694192,669003,800325,55.11,,,,,,,,47,1,Sinker,2,2,2,2,2,2,2,2,Standard,Standard,149,0.005,-0.041,,,,,0.041,,0,0,0.5,0.5,28,33,28,34,1,2,7,3,,,1.53,1.07,-1.07,58.1,,,,,,10,3
SL,2026-10-03,84.6,1.79,6.1,"Matsui, Yuki",592885,673513,field_out,hit_into_play,,,,,4,"Christian Yelich grounds out sharply, second baseman Jake Cronenworth to first baseman Ty France.",D,L,L,MIL,SD,X,4,ground_ball,3,2,2026,-0.4,-0.18,-0.517403634048272,2.348285275288148,,,641343,2,5,Bot,151.91,156.42,,,,,-4.446641031306013,-123.18125865777296,-1.802149455773702,-3.144971116331248,24.960516595789,-33.851255830457234,3.368323491,1.699901575,28,102.1,-4,83.5,2868,5.6,849830,806956,664034,630105,592518,593428,687957,701538,665487,54.92,0.41,0.369,0.0,1,0,0,2,46,6,Slider,2,2,2,2,2,2,2,2,Infield shade,Standard,293,-0.035,-0.327,74.8,8.2,,0.443,0.327,102.1,0,0,0.535,0.535,30,34,31,35,1,2,4,6,,,3.37,-0.4,-0.4,53.2,15.060991536918772,-0.6199786291162028,29.743368654513805,42.75383575250072,28.346841633831048,10,3
SI,2026-10-03,92.2,1.83,5.99,"Matsui, Yuki",592885,673513,,swinging_strike,,,,,14,,D,L,L,MIL,SD,S,,,3,1,2026,1.08,1.02,0.247006002186795,1.2860294092127214,,,641343,2,5,Bot,,,,,,,-6.285143268995394,-133.9583409686193,-8.019812920019783,14.347480943684088,29.016081557584982,-18.367084265370973,3.368323491,1.699901575,,,,91.3,2177,5.8,849830,806956,664034,630105,592518,593428,687957,701538,665487,54.69,,,,,,,,46,5,Sinker,2,2,2,2,2,2,2,2,Infield shade,Standard,156,-0.007,-0.088,77.4,8.4,1.030685376,,0.088,,0,0,0.542,0.542,30,34,31,35,1,2,4,6,,,1.67,1.08,1.08,51.4,14.102487629393876,0.5830969196336651,40.94314317856448,34.67851587440846,27.4624949782884,10,3
FF,2026-10-03,92.0,1.75,6.17,"Matsui, Yuki",592885,673513,,ball,,,,,11,,D,L,L,MIL,SD,B,,,2,1,2026,0.15,1.57,-1.04653602229315,3.453238907248863,,,641343,2,5,Bot,,,,,,,-7.248748289265626,-133.78415980422088,-4.247062983250223,3.4070546774310038,30.1084795826717,-12.673166838805477,3.368323491,1.699901575,,,,90.9,2468,5.8,849830,806956,664034,630105,592518,593428,687957,701538,665487,54.72,,,,,,,,46,4,4-Seam Fastball,2,2,2,2,2,2,2,2,Infield shade,Standard,168,0.008,0.1,,,,,-0.1,,0,0,0.534,0.534,30,34,31,35,1,2,4,6,,,1.14,0.15,0.15,57.0,,,,,,10,3
SL,2026-10-03,84.6,1.57,6.2,"Matsui, Yuki",592885,673513,,ball,,,,,13,,D,L,L,MIL,SD,B,,,1,1,2026,-0.36,-0.15,-1.393085660697499,1.7924385074369864,,,641343,2,5,Bot,,,,,,,-6.029136016064554,-123.16169186109256,-3.438012175974742,-2.5951919556222247,21.638969747222223,-33.29274662402126,3.368323491,1.699901575,,,,84.1,2784,5.7,849830,806956,664034,630105,592518,593428,687957,701538,665487,54.8,,,,,,,,46,3,Slider,2,2,2,2,2,2,2,2,Infield shade,Standard,297,0.005,0.055,,,,,-0.055,,0,0,0.529,0.529,30,34,31,35,1,2,4,6,,,3.3,-0.36,-0.36,63.7,,,,,,10,3
FF,2026-10-03,93.1,1.58,6.17,"Matsui, Yuki",592885,673513,,ball,,,,,13,,D,L,L,MIL,SD,B,,,0,1,2026,0.16,1.7,-1.7959622315464483,1.4478983420113798,,,641343,2,5,Bot,,,,,,,-8.841480079116504,-135.00023548327908,-9.752629037215716,3.995927731492508,30.68386911903599,-9.370503738562867,3.368323491,1.699901575,,,,92.1,2555,6.0,849830,806956,664034,630105,592518,593428,687957,701538,665487,54.5,,,,,,,,46,2,4-Seam Fastball,2,2,2,2,2,2,2,2,Standard,Standard,167,0.003,0.027,,,,,-0.027,,0,0,0.526,0.526,30,34,31,35,1,2,4,6,,,0.96,0.16,0.16,57.4,,,,,,10,3
SL,2026-10-03,84.9,1.75,6.14,"Matsui, Yuki",592885,673513,,called_strike,,,,,1,,D,L,L,MIL,SD,S,,,0,0,2026,-0.42,0.25,-0.7414949414968666,2.9221955235201924,,,641343,2,5,Bot,,,,,,,-4.842451586254293,-123.6712191348348,-1.5962715094350517,-3.555787561442449,21.21723611866645,-29.491713840561147,3.368323491,1.699901575,,,,84.5,2778,5.6,849830,806956,664034,630105,592518,593428,687957,701538,665487,54.86,,,,,,,,46,1,Slider,2,2,2,2,2,2,2,2,Standard,Standard,253,-0.005,-0.041,,,,,0.041,,0,0,0.531,0.531,30,34,31,35,1,2,4,6,,,2.87,-0.42,-0.42,56.8,,,,,,10,3
SI,2026-10-03,91.8,1.96,6.14,"Matsui, Yuki",641343,673513,hit_by_pitch,hit_by_pitch,,,,,12,Jake Bauers hit by pitch.,D,L,L,MIL,SD,B,,,1,1,2026,1.06,0.89,1.9652928132501968,4.008214012641992,,,,2,5,Bot,,,,,,,-2.3076379594978578,-133.74421598664583,-1.3209648915284198,13.244675340880242,30.008021337714453,-21.42914120157363,3.217372047,1.623720472,,,,90.9,2171,5.7,849830,806956,664034,630105,592518,593428,687957,701538,665487,54.76,,0.729166,0.7,1,0,0,,45,3,Sinker,2,2,2,2,2,2,2,2,Infield shade,Standard,161,0.017,0.346,,,,,-0.346,,0,0,0.514,0.514,30,30,31,31,1,2,4,6,,,1.82,1.06,1.06,57.4,,,,,,10,3
SL,2026-10-03,87.4,1.65,6.2,"Matsui, Yuki",641343,673513,,ball,,,,,11,,D,L,L,MIL,SD,B,,,0,1,2026,-0.32,0.48,-1.0000652326929726,2.624753553979147,,,,2,5,Bot,,,,,,,-5.572939129067823,-127.26358046185322,-3.2980003438070664,-2.4312562305690597,24.07875209534318,-26.439135904498343,3.217372047,1.623720472,,,,86.8,2772,5.7,849830,806956,664034,630105,592518,593428,687957,701538,665487,54.84,,,,,,,,45,2,Slider,2,2,2,2,2,2,2,2,Infield shade,Standard,218,0.001,0.032,,,,,-0.032,,0,0,0.513,0.513,30,30,31,31,1,2,4,6,,,2.48,-0.32,-0.32,56.3,,,,,,10,3
SL,2026-10-03,86.5,1.6,6.19,"Matsui, Yuki",641343,673513,,called_strike,,,,,2,,D,L,L,MIL,SD,S,,,0,0,2026,-0.5,0.23,-0.275294372606128,3.293523275061308,,,,2,5,Bot,,,,,,,-3.3467773704151167,-126.04437745846502,-1.045328633037272,-4.731295181262277,23.59918678400924,-29.68649117775327,3.217372047,1.623720472,,,,85.7,2823,5.5,849830,806956,664034,630105,592518,593428,687957,701538,665487,54.96,,,,,,,,45,1,Slider,2,2,2,2,2,2,2,2,Infield shade,Standard,261,-0.002,-0.046,,,,,0.046,,0,0,0.515,0.515,30,30,31,31,1,2,4,6,,,2.79,-0.5,-0.5,58.0,,,,,,10,3
FF,2026-10-03,93.0,2.0,6.12,"Matsui, Yuki",661388,673513,field_out,hit_into_play,,,,,4,William Contreras lines out sharply to left fielder Dustin Harris.,D,R,L,MIL,SD,X,7,line_drive,0,0,2026,0.34,1.69,-0.2921390864230537,2.1550187124664864,,,,1,5,Bot,88.78,91.66,,,,,-6.466966897542137,-135.11441825107858,-7.785056701775812,5.624850490658125,31.62218096971384,-10.010361921106028,3.133120079,1.581200787,283,108.0,14,91.7,2545,5.8,849830,806956,664034,630105,592518,593428,687957,701538,665487,54.71,0.703,0.75,0.0,1,0,0,5,44,1,4-Seam Fastball,2,2,2,2,2,2,2,2,Strategic,Standard,156,-0.022,-0.261,77.1,7.4,,1.072,0.261,108.0,0,0,0.537,0.537,30,28,31,29,1,2,4,7,,,0.97,0.34,-0.34,53.1,7.586493600156327,4.247241863667012,34.858525983933724,34.74304352547702,29.91612919554393,10,3
SL,2026-10-03,83.9,1.64,6.16,"Matsui, Yuki",668930,673513,strikeout,swinging_strike,,,,,4,Brice Turang strikes out swinging.,D,L,L,MIL,SD,S,2,,2,2,2026,-0.54,-0.38,-0.5833128157063303,2.3336970355521864,,,,0,5,Bot,,,,,,,-3.951221735209792,-122.13855918018648,-1.4567715883829633,-4.620567986209628,24.661915715045502,-35.85704190795288,3.21035105,1.620177165,,,,83.0,2978,5.7,849830,806956,664034,630105,592518,593428,687957,701538,665487,54.8,,0.0,0.0,1,0,0,,43,5,Slider,2,2,2,2,2,2,2,2,Infield shade,Standard,315,-0.025,-0.232,72.4,7.6,0.862248144,,0.232,,0,0,0.562,0.562,30,26,31,27,1,2,4,6,,,3.62,-0.54,-0.54,55.8,14.649931127257837,3.9799451399437458,31.010846067268925,38.18398985386881,33.69349596206913,10,3
FF,2026-10-03,93.8,1.76,6.19,"Matsui, Yuki",668930,673513,,foul,,,,,2,,D,L,L,MIL,SD,S,,,2,1,2026,0.35,1.68,-0.1004745846788943,3.0230627766408205,,,,0,5,Bot,,,,,,,-5.4819120128605405,-136.3241054273874,-5.904213627315452,5.698800656946052,33.615357903880025,-10.129098959399034,3.21035105,1.620177165,230,90.5,56,92.5,2635,5.8,849830,806956,664034,630105,592518,593428,687957,701538,665487,54.67,,,,,,,,43,4,4-Seam Fastball,2,2,2,2,2,2,2,2,Infield shade,Standard,162,-0.01,-0.077,67.1,6.6,,,0.077,90.5,0,0,0.572,0.572,30,26,31,27,1,2,4,6,,,0.94,0.35,0.35,53.8,15.370964951212024,7.411699769660927,30.49816439771898,32.89898624141783,32.07966596329186,10,3
SL,2026-10-03,84.4,1.74,6.25,"Matsui, Yuki",668930,673513,,ball,,,,,13,,D,L,L,MIL,SD,B,,,1,1,2026,-0.52,-0.27,-1.6434853605812576,0.6931794319224407,,,,0,5,Bot,,,,,,,-6.619861579718678,-122.6825000100488,-5.660977127402653,-3.886526122569661,24.37164622697508,-33.99033640217861,3.21035105,1.620177165,,,,83.2,2805,5.5,849830,806956,664034,630105,592518,593428,687957,701538,665487,54.95,,,,,,,,43,3,Slider,2,2,2,2,2,2,2,2,Infield shade,Standard,299,0.006,0.063,,,,,-0.063,,0,0,0.566,0.566,30,26,31,27,1,2,4,6,,,3.48,-0.52,-0.52,52.9,,,,,,10,3
SL,2026-10-03,85.3,1.63,6.14,"Matsui, Yuki",668930,673513,,called_strike,,,,,7,,D,L,L,MIL,SD,S,,,1,0,2026,-0.37,0.04,-0.5846424082177563,1.6925208202102002,,,,0,5,Bot,,,,,,,-4.322086616009517,-124.2287781032532,-4.025808170229379,-3.016198232056322,23.46130427083273,-31.144678490713535,3.21035105,1.620177165,,,,84.5,2836,5.6,849830,806956,664034,630105,592518,593428,687957,701538,665487,54.93,,,,,,,,43,2,Slider,2,2,2,2,2,2,2,2,Infield shade,Standard,247,-0.006,-0.055,,,,,0.055,,0,0,0.572,0.572,30,26,31,27,1,2,4,6,,,3.07,-0.37,-0.37,52.2,,,,,,10,3
FF,2026-10-03,94.0,1.76,6.21,"Matsui, Yuki",668930,673513,,ball,,,,,12,,D,L,L,MIL,SD,B,,,0,0,2026,0.43,1.88,0.9318602640558376,3.467870908772478,,,,0,5,Bot,,,,,,,-3.066272010268245,-136.74789209607098,-5.311764521795393,6.122407799759453,34.28639572978346,-7.707839434457386,3.21035105,1.620177165,,,,92.7,2572,5.8,849830,806956,664034,630105,592518,593428,687957,701538,665487,54.68,,,,,,,,43,1,4-Seam Fastball,2,2,2,2,2,2,2,2,Standard,Standard,163,0.005,0.042,,,,,-0.042,,0,0,0.567,0.567,30,26,31,27,1,2,4,6,,,0.73,0.43,0.43,50.5,,,,,,10,3
SI,2026-10-03,99.0,0.18,6.66,"Ashby, Aaron",701538,676879,field_out,hit_into_play,,,,,6,Jackson Merrill flies out to center fielder Garrett Mitchell.,D,L,L,MIL,SD,X,8,fly_ball,2,2,2026,1.12,0.99,0.4573010558654119,2.418131891547541,592518,664034,,2,5,Top,142.36,93.11,,,,,-1.864926382965196,-144.04445581168648,-8.125294133228868,16.014764662308,34.45559255444095,-16.689392126534045,3.320054134,1.675541339,268,79.9,43,97.4,2127,5.5,849830,661388,641343,668930,687401,806198,694192,669003,800325,55.04,0.02,0.019,0.0,1,0,0,3,42,5,Sinker,2,2,2,2,2,2,2,2,Strategic,Standard,156,0.066,-0.196,79.7,7.6,,0.027,0.196,88.0,0,0,0.501,0.499,28,23,28,23,1,2,7,3,,,1.34,1.12,1.12,61.0,12.220039475308418,-2.6097442583454407,40.79847857348669,30.063506680758067,32.55874007364246,10,3
SI,2026-10-03,99.2,0.21,6.69,"Ashby, Aaron",701538,676879,,swinging_strike,,,,,12,,D,L,L,MIL,SD,S,,,2,1,2026,1.18,1.03,0.7771714509446298,3.435586955577025,592518,664034,,2,5,Top,,,,,,,-1.2567525482131885,-144.4595903902252,-5.654531736958362,16.833009606973718,34.314817527191536,-16.643249032868187,3.320054134,1.675541339,,,,97.7,2201,5.4,849830,661388,641343,668930,687401,806198,694192,669003,800325,55.06,,,,,,,,42,4,Sinker,2,2,2,2,2,2,2,2,Standard,Standard,156,0.014,-0.066,78.1,7.1,0.349673892,,0.066,,0,0,0.487,0.513,28,23,28,23,1,2,7,3,,,1.29,1.18,1.18,62.7,14.227942800708288,-1.4500696567192914,30.185609799065357,26.46563979590881,29.92922845222764,10,3
SL,2026-10-03,86.3,0.45,6.45,"Ashby, Aaron",701538,676879,,ball,,,,,13,,D,L,L,MIL,SD,B,,,1,1,2026,-0.89,-0.65,-2.093254120554596,-0.3394667649833107,,592518,664034,2,5,Top,,,,,,,-4.056793811426698,-125.29922024889632,-8.018701064562949,-8.317020624062188,29.412927672242787,-37.28579842650117,3.320054134,1.675541339,,,,84.3,2630,5.5,849830,661388,641343,668930,687401,806198,694192,669003,800325,55.0,,,,,,,,42,3,Slider,2,2,2,2,2,2,2,2,Standard,Standard,352,-0.024,0.039,,,,,-0.039,,0,0,0.511,0.489,28,23,28,23,1,2,7,3,,,3.77,-0.89,-0.89,59.4,,,,,,10,3
SI,2026-10-03,98.9,0.31,6.64,"Ashby, Aaron",701538,676879,,foul,,,,,5,,D,L,L,MIL,SD,S,,,1,0,2026,0.92,1.17,0.2261509656371833,2.6513294766083666,,592518,664034,2,5,Top,,,,,,,-2.3745010497924466,-143.8158398251339,-7.826078957186508,13.316721361675697,36.23114114496599,-14.24387602488246,3.320054134,1.675541339,264,77.4,43,97.0,2267,5.4,849830,661388,641343,668930,687401,806198,694192,669003,800325,55.06,,,,,,,,42,2,Sinker,2,2,2,2,2,2,2,2,Standard,Standard,159,0.007,-0.048,74.6,7.7,,,0.048,88.0,0,0,0.504,0.496,28,23,28,23,1,2,7,3,,,1.18,0.92,0.92,56.0,14.889042223573853,-4.816666635027592,36.82461835068866,32.79192880868348,31.87752268231841,10,3
SI,2026-10-03,98.3,0.23,6.61,"Ashby, Aaron",701538,676879,,blocked_ball,,,,,14,,D,L,L,MIL,SD,B,,,0,0,2026,1.26,0.92,0.0529845177993879,0.6656603936527381,,592518,664034,2,5,Top,,,,,,,-3.389270294041899,-142.7013134523494,-12.283601393638904,18.03181841834377,33.25280099759268,-16.8818884181253,3.320054134,1.675541339,,,,96.6,2233,5.5,849830,661388,641343,668930,687401,806198,694192,669003,800325,55.02,,,,,,,,42,1,Sinker,2,2,2,2,2,2,2,2,Standard,Standard,155,-0.004,0.029,,,,,-0.029,,0,0,0.508,0.492,28,23,28,23,1,2,7,3,,,1.45,1.26,1.26,56.5,,,,,,10,3
SI,2026-10-03,99.4,-1.71,5.68,"Senzatela, Antonio",664034,622608,single,hit_into_play,,,,,4,Ty France singles on a soft line drive to second baseman Brice Turang. Manny Machado to 2nd.,D,R,R,MIL,SD,X,4,line_drive,0,0,2026,-1.18,0.55,-0.5313437616847085,2.440656098256872,,,592518,2,5,Top,166.0,151.0,,,,,6.015814766033551,-144.4703339905474,-4.520832161037986,-17.902175127767645,37.84535307917882,-23.51690835338468,3.10328084,1.566141732,140,54.8,25,99.1,2262,6.5,849830,661388,641343,668930,687401,806198,694192,669003,800325,54.03,0.226,0.212,0.9,1,1,0,1,41,1,Sinker,2,2,2,2,2,2,2,2,Strategic,Standard,215,-0.028,0.343,72.4,7.0,,0.265,-0.343,88.0,0,0,0.536,0.464,31,31,31,32,1,2,7,3,,,1.78,1.18,1.18,36.0,-1.401894795459177,18.73619478360252,37.27147761893639,30.017412352325145,19.7412975298313,10,3
FF,2026-10-03,100.6,-1.52,5.69,"Senzatela, Antonio",592518,622608,walk,ball,,,,,14,"Manny Machado challenged (pitch result), call on the field was overturned: Manny Machado walks.",D,R,R,MIL,SD,B,,,3,1,2026,-0.64,1.31,0.8614875046390894,1.8565726827270137,,,,2,5,Top,,,,,,,8.054433447972777,-146.0943631679033,-8.147129837137813,-11.21446598914427,37.93820347436468,-11.588013193558462,3.313910761,1.672440945,,,,100.1,2399,6.4,849830,661388,641343,668930,687401,806198,694192,669003,800325,54.15,,0.69822,0.7,1,0,0,,40,5,4-Seam Fastball,2,2,2,2,2,2,2,2,Strategic,Standard,217,-0.01,0.189,,,,,-0.189,,0,0,0.546,0.454,31,33,31,34,1,2,7,3,,,0.97,0.64,0.64,37.1,,,,,,10,3
FC,2026-10-03,93.6,-1.7,5.69,"Senzatela, Antonio",592518,622608,,ball,,,,,14,,D,R,R,MIL,SD,B,,,2,1,2026,0.26,0.45,2.3621685309737988,1.3351051623223866,,,,2,5,Top,,,,,,,9.773756500643042,-135.89916411843083,-6.1833267162430765,0.864942770354212,32.7989657161994,-25.325342755734397,3.313910761,1.672440945,,,,93.4,2235,6.5,849830,661388,641343,668930,687401,806198,694192,669003,800325,53.99,,,,,,,,40,4,Cutter,2,2,2,2,2,2,2,2,Strategic,Standard,179,-0.004,0.103,,,,,-0.103,,0,0,0.55,0.45,31,33,31,34,1,2,7,3,,,2.19,-0.26,-0.26,37.4,,,,,,10,3
FC,2026-10-03,92.6,-1.82,5.58,"Senzatela, Antonio",592518,622608,,ball,,,,,9,,D,R,R,MIL,SD,B,,,1,1,2026,0.44,0.64,0.4417226445708597,1.7577977213586324,,,687957,1,5,Top,,,,,,,4.724207155642227,-134.7026302932137,-5.079742814322798,4.217064388172124,32.63261736030948,-23.42948196044141,3.313910761,1.672440945,,,,92.3,2307,6.4,849830,661388,641343,668930,687401,806198,694192,669003,800325,54.13,,,,,,,,40,3,Cutter,2,2,2,2,2,2,2,2,Strategic,Standard,187,0.051,0.061,,,,,-0.061,,0,0,0.499,0.501,31,33,31,34,1,2,7,3,,,2.04,-0.44,-0.44,33.8,,,,,,10,3
SI,2026-10-03,99.2,-1.7,5.72,"Senzatela, Antonio",592518,622608,,foul,,,,,4,,D,R,R,MIL,SD,S,,,1,0,2026,-1.18,0.52,-0.6860492714800699,2.588817264677901,,,687957,1,5,Top,,,,,,,5.547486059593308,-144.2370320755078,-4.099484683045468,-17.831382685811878,37.24890754159173,-24.16054281271434,3.313910761,1.672440945,159,69.7,26,98.7,2202,6.3,849830,661388,641343,668930,687401,806198,694192,669003,800325,54.19,,,,,,,,40,2,Sinker,2,2,2,2,2,2,2,2,Standard,Standard,217,0.007,-0.044,77.8,7.3,,,0.044,88.0,0,0,0.492,0.508,31,33,31,34,1,2,7,3,,,1.82,1.18,1.18,37.1,-5.423260059100329,14.610464186552706,28.88866768967246,33.17927393919038,20.46642842150145,10,3
SI,2026-10-03,99.3,-1.65,5.66,"Senzatela, Antonio",592518,622608,,ball,,,,,13,,D,R,R,MIL,SD,B,,,0,0,2026,-1.19,0.49,-0.2407565108806364,0.766075121515519,,,687957,1,5,Top,,,,,,,6.644354260285001,-144.23165671545257,-8.828378928214917,-18.16406573765848,37.21495027318511,-23.336066889988302,3.313910761,1.672440945,,,,99.0,2108,6.5,849830,661388,641343,668930,687401,806198,694192,669003,800325,54.01,,,,,,,,40,1,Sinker,2,2,2,2,2,2,2,2,Standard,Standard,219,-0.005,0.034,,,,,-0.034,,0,0,0.497,0.503,31,33,31,34,1,2,7,3,,,1.85,1.19,1.19,35.8,,,,,,10,3
SI,2026-10-03,98.6,-1.74,5.62,"Senzatela, Antonio",687957,622608,single,hit_into_play,,,,,13,Dustin Harris singles on a ground ball to first baseman Jake Bauers.,D,L,R,MIL,SD,X,3,ground_ball,1,2,2026,-1.28,0.37,-0.7797521900214757,1.3053950820288176,,,,1,5,Top,148.87,176.16,,,,,5.607438459814568,-143.25973390678837,-6.81869821094476,-18.873790863840053,37.551626995317,-25.598390082447946,3.31742126,1.674212598,1,71.6,-55,98.1,2317,6.4,849830,661388,641343,668930,687401,806198,694192,669003,800325,54.1,0.31,0.279,0.9,1,1,0,2,39,4,Sinker,2,2,2,2,2,2,2,2,Strategic,Standard,215,-0.04,0.498,68.6,6.5,,0.313,-0.498,88.0,0,0,0.537,0.463,31,26,31,27,1,2,7,3,,,2.01,1.28,-1.28,34.5,6.010870956575927,3.2172338979811577,36.89397311142879,41.749919960933056,25.873811820963105,10,3
SI,2026-10-03,99.6,-1.79,5.66,"Senzatela, Antonio",687957,622608,,foul,,,,,7,,D,L,R,MIL,SD,S,,,1,1,2026,-1.35,0.5,-0.7284969062589597,1.7081012817380978,,,,1,5,Top,,,,,,,6.113319312281833,-144.8032143806895,-6.373383925229726,-20.446822007559284,35.57669423738765,-23.8635728484045,3.31742126,1.674212598,2,50.5,-49,99.3,2189,6.3,849830,661388,641343,668930,687401,806198,694192,669003,800325,54.2,,,,,,,,39,3,Sinker,2,2,2,2,2,2,2,2,Standard,Standard,220,0.006,-0.07,66.9,6.3,,,0.07,88.0,0,0,0.531,0.469,31,26,31,27,1,2,7,3,,,1.82,1.35,-1.35,35.8,2.9981035865339187,0.5253582193960039,41.142469657839285,41.06252093614496,24.583201905399584,10,3
FC,2026-10-03,91.6,-1.85,5.7,"Senzatela, Antonio",687957,622608,,foul_tip,,,,,8,,D,L,R,MIL,SD,S,,,1,0,2026,0.4,0.53,0.1646977037263436,1.9997208008854623,,,,1,5,Top,,,,,,,4.130620113769358,-133.34067981040764,-4.399007419012891,3.879760421819965,30.11884181320549,-25.146998054673443,3.31742126,1.674212598,,,,91.6,2334,6.4,849830,661388,641343,668930,687401,806198,694192,669003,800325,54.13,,,,,,,,39,2,Cutter,2,2,2,2,2,2,2,2,Standard,Standard,173,0.004,-0.049,61.7,7.3,,,0.049,,0,0,0.527,0.473,31,26,31,27,1,2,7,3,,,2.2,-0.4,0.4,35.7,25.097106228613185,-15.73807052199229,36.09912070714215,31.6843769638612,41.24690801210308,10,3
SI,2026-10-03,96.9,-1.76,5.74,"Senzatela, Antonio",687957,622608,,ball,,,,,13,,D,L,R,MIL,SD,B,,,0,0,2026,-1.02,0.49,-0.0407674464625453,0.8717293547716809,,,,1,5,Top,,,,,,,6.8994029844233,-140.81443947037914,-8.307786605006903,-15.139072457908965,32.854011958554466,-23.92264341174555,3.31742126,1.674212598,,,,96.8,2262,6.4,849830,661388,641343,668930,687401,806198,694192,669003,800325,54.15,,,,,,,,39,1,Sinker,2,2,2,2,2,2,2,2,Standard,Standard,215,-0.003,0.041,,,,,-0.041,,0,0,0.53,0.47,31,26,31,27,1,2,7,3,,,1.95,1.02,-1.02,37.6,,,,,,10,3
SI,2026-10-03,98.5,-1.6,5.75,"Senzatela, Antonio",665487,622608,field_out,hit_into_play,,,,,8,Fernando Tatis Jr. grounds out sharply to first baseman Jake Bauers.,D,R,R,MIL,SD,X,3,ground_ball,0,0,2026,-0.99,0.42,0.214182886430292,1.7856819503177055,,,,0,5,Top,148.0,160.0,,,,,7.210010147557495,-143.12926201622471,-6.066756738715471,-15.334149631896306,33.72628188320751,-25.110215612532524,3.346382874,1.68882874,16,100.9,-6,98.5,2356,6.4,849830,661388,641343,668930,687401,806198,694192,669003,800325,54.11,0.31,0.279,0.0,1,0,0,2,38,1,Sinker,2,2,2,2,2,2,2,2,Standard,Standard,214,0.03,-0.259,72.2,6.7,,0.327,0.259,100.9,0,0,0.5,0.5,31,27,31,27,1,2,7,3,,,1.94,0.99,0.99,36.0,-8.481261454082063,30.42667559624308,32.53858311132211,41.51566205401085,16.23899249444279,10,3
FF,2026-10-03,99.5,-0.34,6.05,"Rodriguez, Bradgley",694192,699134,field_out,hit_into_play,,,,,2,Jackson Chourio lines out sharply to center fielder Jackson Merrill.,D,R,R,MIL,SD,X,8,line_drive,0,0,2026,-0.45,1.62,-0.2572059314865717,3.12319268755905,,800325,,2,4,Bot,154.3,73.62,,,,,1.2875421821929172,-144.67640109119375,-6.186149518146809,-6.574024632314236,39.32723004337437,-8.288033494308289,3.237557415,1.63390748,319,102.8,17,98.6,2575,6.2,849830,806956,664034,630105,592518,593428,687957,701538,665487,54.3,0.429,0.514,0.0,1,0,0,5,37,1,4-Seam Fastball,2,2,2,2,2,2,2,2,Standard,Standard,206,-0.042,-0.286,76.0,6.9,,0.797,0.286,102.8,0,0,0.542,0.542,22,22,23,22,1,2,3,6,,,0.72,0.45,0.45,46.7,12.566970169744115,10.323032045957692,16.517337611621954,36.621474400932414,27.6930637760706,10,3
FF,2026-10-03,98.1,-0.24,6.16,"Rodriguez, Bradgley",687401,699134,strikeout,swinging_strike,,,,,11,Joey Ortiz strikes out swinging.,D,R,R,MIL,SD,S,2,,0,2,2026,-0.35,1.66,-0.2318690567561682,3.998480803138329,,800325,,1,4,Bot,,,,,,,0.846768306843651,-142.79093327927825,-4.008271144748713,-4.907827215007674,37.54337117290309,-8.935892610321828,3.136630577,1.582972441,,,,97.3,2565,6.1,849830,806956,664034,630105,592518,593428,687957,701538,665487,54.37,,0.0,0.0,1,0,0,,36,3,4-Seam Fastball,2,2,2,2,2,2,2,2,Standard,Standard,203,-0.026,-0.172,67.3,6.0,0.799117596,,0.172,,0,0,0.568,0.568,22,27,23,28,1,1,3,8,,,0.74,0.35,0.35,49.0,3.5042862019291547,20.5982968731818,15.329045996019692,32.9277627644832,17.19941709490729,10,3
SI,2026-10-03,99.4,-0.35,5.92,"Rodriguez, Bradgley",687401,699134,,foul,,,,,11,,D,R,R,MIL,SD,S,,,0,1,2026,-1.15,1.09,-1.5368081927414234,2.612868030535346,,800325,,1,4,Bot,,,,,,,-0.4778435428098785,-144.66073585935482,-5.974858997086003,-15.85956857190016,37.4117429818811,-15.668588124675434,3.136630577,1.582972441,11,69.4,-13,98.6,2379,6.1,849830,806956,664034,630105,592518,593428,687957,701538,665487,54.42,,,,,,,,36,2,Sinker,2,2,2,2,2,2,2,2,Standard,Standard,204,-0.011,-0.067,72.9,7.0,,,0.067,88.0,0,0,0.579,0.579,22,27,23,28,1,1,3,8,,,1.24,1.15,1.15,45.8,6.549051449110412,-5.961378585816449,31.37715753004639,18.12957932880082,27.991160046382134,10,3
